2026-07-24 10:54:31 | INFO     | copart_automation.app.session:close:125 - Closing session manager.
2026-07-24 10:54:31 | WARNING  | copart_automation.app.auth:save_session:277 - No active context to save.
2026-07-24 10:54:31 | INFO     | copart_automation.app.browser:close:128 - Closing browser resources
2026-07-24 11:35:50 | INFO     | __main__:run_automation_workflow:49 - Starting Copart automation workflow
2026-07-24 11:35:50 | INFO     | __main__:run_automation_workflow:50 - Configuration: headless=True, db=data/copart.db, download_dir=downloads
2026-07-24 11:35:50 | INFO     | copart_automation.app.auth:load_existing_session:59 - No existing session file found at data/auth_state.json
2026-07-24 11:35:50 | INFO     | copart_automation.app.browser:start:56 - Starting Playwright browser manager
2026-07-24 11:35:50 | INFO     | copart_automation.app.browser:start:86 - Browser started (channel=chromium, headless=True)
2026-07-24 11:35:50 | ERROR    | copart_automation.app.session:initialize:87 - Session initialization failed: Email or password not configured. Check your .env file.
2026-07-24 11:35:50 | CRITICAL | __main__:run_automation_workflow:201 - Automation workflow failed: Email or password not configured. Check your .env file.
2026-07-24 11:44:38 | INFO     | copart_automation.app.session:close:125 - Closing session manager.
2026-07-24 11:44:38 | WARNING  | copart_automation.app.auth:save_session:288 - No active context to save.
2026-07-24 11:44:38 | INFO     | copart_automation.app.browser:close:128 - Closing browser resources
2026-07-24 11:45:42 | INFO     | __main__:run_automation_workflow:49 - Starting Copart automation workflow
2026-07-24 11:45:42 | INFO     | __main__:run_automation_workflow:50 - Configuration: headless=True, db=data/copart.db, download_dir=downloads
2026-07-24 11:45:42 | INFO     | copart_automation.app.auth:load_existing_session:59 - No existing session file found at data/auth_state.json
2026-07-24 11:45:42 | INFO     | copart_automation.app.browser:start:56 - Starting Playwright browser manager
2026-07-24 11:45:42 | INFO     | copart_automation.app.browser:start:86 - Browser started (channel=chromium, headless=True)
2026-07-24 11:45:42 | INFO     | copart_automation.app.browser:close:128 - Closing browser resources
2026-07-24 11:45:43 | INFO     | copart_automation.app.browser:start:56 - Starting Playwright browser manager
2026-07-24 11:45:43 | INFO     | copart_automation.app.browser:start:86 - Browser started (channel=chromium, headless=True)
2026-07-24 11:45:43 | INFO     | copart_automation.app.auth:login:145 - Navigating to Copart login page: https://www.copart.com/login
2026-07-24 11:45:49 | INFO     | copart_automation.app.auth:login:208 - Credentials filled (email=levontecwilliams@gmail.com)
2026-07-24 11:45:50 | INFO     | copart_automation.app.auth:login:267 - Login successful. Current URL: https://accounts.google.com/v3/signin/identifier?opparams=%253F&dsh=S201438053%3A1784893549393889&access_type=offline&client_id=934441675918-88jhgp1hlg7vlc0i250pvd9jsahfur90.apps.googleusercontent.com&include_granted_scopes=true&o2v=2&redirect_uri=https%3A%2F%2Fcopart.com%2Flogin&response_type=code&scope=openid+email+profile&service=lso&flowName=GeneralOAuthFlow&continue=https%3A%2F%2Faccounts.google.com%2Fsignin%2Foauth%2Fconsent%3Fauthuser%3Dunknown%26part%3DAJi8hANIt8v5Bf7CnF0g-f7jn1vWO3zUit2pYpGJy_BArgcZtwDofTGa_-U9NKBtts_JtfG0Z7LzJ7zioVYH1iPt4FtpK0bS32IRVazIjdcubvm1mb4_iLlZz_O6xO85fluoA-bBR-fkixzwGPefI6aBe3BccvVnwT11j5RBbTqW6tCJ_VWgLXwoJZE4fO5ql8EHocn-xdxCkSFr3LtBEnNUzSFRrwGSxX48VJRy8qnnnFqByQnoB1YOLDAf2TNekEuzrlFbSfQ9dWhc4VI6sZ-AtO1LAdafzKVfUcrNisaKJZXVMx6Xch1qC3dCdlNIFKZ2PysbeyzrrzX735dZRY94UeCHwzxaguQTAhS1QAVcTdxl2d_Z0_eAOig--i5ia9bUW49y-qcnbfMQmckHFnvx6QLp2mYOm1lL1ybvy_jxUbtLOoakkxQlgTTFOkreJ9mgxFUVZeVg9bJUL_iQ2EOk9o_J6fZHqw%26flowName%3DGeneralOAuthFlow%26as%3DS201438053%253A1784893549393889%26client_id%3D934441675918-88jhgp1hlg7vlc0i250pvd9jsahfur90.apps.googleusercontent.com%26requestPath%3D%252Fsignin%252Foauth%252Fconsent%23&app_domain=https%3A%2F%2Fcopart.com&rart=ANgoxcc02i-s7IpC1IJ6KLr_cyPzzipC8Ro05QHa3xBm7qYv3Ygsh28Wf6t9dxYt45kSsD9e_iczwde1I7dIXgOsxxDuF6Atk8PocRUONCz8dmPJ8uyAYGM
2026-07-24 11:45:50 | INFO     | copart_automation.app.auth:save_session:294 - Session saved to data/auth_state.json
2026-07-24 11:45:50 | INFO     | copart_automation.app.session:initialize:76 - New session initialized successfully.
2026-07-24 11:45:50 | INFO     | __main__:run_automation_workflow:56 - Initializing session...
2026-07-24 11:46:05 | INFO     | copart_automation.app.database:_init_schema:156 - Database schema initialized at data/copart.db
2026-07-24 11:46:05 | INFO     | __main__:run_automation_workflow:73 - Navigating to auction calendar page...
2026-07-24 11:46:05 | INFO     | copart_automation.app.navigation:navigate_to_page:68 - Navigating to auctionCalendar (https://www.copart.com/auctionCalendar)
2026-07-24 11:46:11 | INFO     | copart_automation.app.navigation:navigate_to_page:78 - Successfully navigated to auctionCalendar (current URL: https://www.copart.com/auctionCalendar)
2026-07-24 11:46:11 | INFO     | copart_automation.app.calendar:parse_calendar:31 - Parsing auction calendar from https://www.copart.com/auctionCalendar
2026-07-24 11:46:12 | INFO     | copart_automation.app.calendar:parse_calendar:46 - Parsed 147 auction calendar entries
2026-07-24 11:46:12 | INFO     | __main__:run_automation_workflow:77 - Auction calendar parse returned 147 entries
2026-07-24 11:46:12 | INFO     | __main__:run_automation_workflow:96 - Deduplicated auction calendar entries to 133 unique entries
2026-07-24 11:46:13 | INFO     | __main__:run_automation_workflow:101 - Found 97 auction entries with lots URLs to scrape.
2026-07-24 11:46:13 | INFO     | __main__:run_automation_workflow:106 - Opening lots view for auction: FL - Clewiston FL - Jacksonville North FL - Miami Central FL - Orlando North GA - Atlanta East GA - Fairburn GA - Savannah IN - Fort Wayne KY - Lexington East KY - Louisville MA - South Boston MD - Baltimore NC - China Grove NC - Lumberton NJ - Trenton NY - Albany NY - Buffalo NY - Long Island NY - Rochester NY - Syracuse OH - Cleveland West PA - Philadelphia East PA - York Haven SC - North Charleston SC - Spartanburg VA - Richmond East VT - Rutland -> https://www.copart.com/saleListResult/366/2026-07-27?location=FL%20-%20Clewiston&saleDate=1785160800000&liveAuction=false&from=&yardNum=366
2026-07-24 11:46:13 | INFO     | copart_automation.app.navigation:navigate_to_page:68 - Navigating to https://www.copart.com/saleListResult/366/2026-07-27?location=FL%20-%20Clewiston&saleDate=1785160800000&liveAuction=false&from=&yardNum=366 (https://www.copart.com/saleListResult/366/2026-07-27?location=FL%20-%20Clewiston&saleDate=1785160800000&liveAuction=false&from=&yardNum=366)
2026-07-24 11:46:18 | INFO     | copart_automation.app.navigation:navigate_to_page:78 - Successfully navigated to https://www.copart.com/saleListResult/366/2026-07-27?location=FL%20-%20Clewiston&saleDate=1785160800000&liveAuction=false&from=&yardNum=366 (current URL: https://www.copart.com/saleListResult/366/2026-07-27?location=FL%20-%20Clewiston&saleDate=1785160800000&liveAuction=false&from=&yardNum=366&qId=93bd3410-81c3-4071-b86b-85d2afcff631-1784893575171)
2026-07-24 11:46:18 | INFO     | copart_automation.app.parser:parse_lots_list:108 - Parsing lots list from https://www.copart.com/saleListResult/366/2026-07-27?location=FL%20-%20Clewiston&saleDate=1785160800000&liveAuction=false&from=&yardNum=366&qId=93bd3410-81c3-4071-b86b-85d2afcff631-1784893575171
2026-07-24 11:46:19 | INFO     | copart_automation.app.parser:parse_lots_list:136 - Found 20 lot URLs on page
2026-07-24 11:46:19 | INFO     | __main__:run_automation_workflow:110 - Found 20 lots for auction FL - Clewiston FL - Jacksonville North FL - Miami Central FL - Orlando North GA - Atlanta East GA - Fairburn GA - Savannah IN - Fort Wayne KY - Lexington East KY - Louisville MA - South Boston MD - Baltimore NC - China Grove NC - Lumberton NJ - Trenton NY - Albany NY - Buffalo NY - Long Island NY - Rochester NY - Syracuse OH - Cleveland West PA - Philadelphia East PA - York Haven SC - North Charleston SC - Spartanburg VA - Richmond East VT - Rutland
2026-07-24 11:46:19 | INFO     | copart_automation.app.navigation:navigate_to_page:68 - Navigating to https://www.copart.com/lot/99393655/2021-chevrolet-blazer-1lt-fl-clewiston (https://www.copart.com/lot/99393655/2021-chevrolet-blazer-1lt-fl-clewiston)
2026-07-24 11:46:19 | INFO     | copart_automation.app.navigation:navigate_to_page:68 - Navigating to https://www.copart.com/lot/99202485/salvage-2025-toyota-corolla-le-fl-clewiston (https://www.copart.com/lot/99202485/salvage-2025-toyota-corolla-le-fl-clewiston)
2026-07-24 11:46:19 | INFO     | copart_automation.app.navigation:navigate_to_page:68 - Navigating to https://www.copart.com/lot/97679015/2019-cadillac-xt5-luxury-fl-clewiston (https://www.copart.com/lot/97679015/2019-cadillac-xt5-luxury-fl-clewiston)
2026-07-24 11:46:19 | INFO     | copart_automation.app.navigation:navigate_to_page:68 - Navigating to https://www.copart.com/lot/97678945/salvage-2018-cadillac-xt5-luxury-fl-clewiston (https://www.copart.com/lot/97678945/salvage-2018-cadillac-xt5-luxury-fl-clewiston)
2026-07-24 11:46:19 | INFO     | copart_automation.app.navigation:navigate_to_page:68 - Navigating to https://www.copart.com/lot/97678905/2018-nissan-murano-s-fl-clewiston (https://www.copart.com/lot/97678905/2018-nissan-murano-s-fl-clewiston)
2026-07-24 11:46:22 | INFO     | copart_automation.app.navigation:navigate_to_page:78 - Successfully navigated to https://www.copart.com/lot/97678905/2018-nissan-murano-s-fl-clewiston (current URL: https://www.copart.com/lot/97678905/2018-nissan-murano-s-fl-clewiston)
2026-07-24 11:46:22 | INFO     | copart_automation.app.parser:parse_vehicle_details:93 - Parsing vehicle details from https://www.copart.com/lot/97678905/2018-nissan-murano-s-fl-clewiston
2026-07-24 11:46:22 | INFO     | copart_automation.app.navigation:navigate_to_page:78 - Successfully navigated to https://www.copart.com/lot/99202485/salvage-2025-toyota-corolla-le-fl-clewiston (current URL: https://www.copart.com/lot/99202485/salvage-2025-toyota-corolla-le-fl-clewiston)
2026-07-24 11:46:22 | INFO     | copart_automation.app.parser:parse_vehicle_details:93 - Parsing vehicle details from https://www.copart.com/lot/99202485/salvage-2025-toyota-corolla-le-fl-clewiston
2026-07-24 11:46:22 | INFO     | copart_automation.app.navigation:navigate_to_page:78 - Successfully navigated to https://www.copart.com/lot/97678945/salvage-2018-cadillac-xt5-luxury-fl-clewiston (current URL: https://www.copart.com/lot/97678945/salvage-2018-cadillac-xt5-luxury-fl-clewiston)
2026-07-24 11:46:22 | INFO     | copart_automation.app.parser:parse_vehicle_details:93 - Parsing vehicle details from https://www.copart.com/lot/97678945/salvage-2018-cadillac-xt5-luxury-fl-clewiston
2026-07-24 11:46:22 | INFO     | copart_automation.app.navigation:navigate_to_page:78 - Successfully navigated to https://www.copart.com/lot/97679015/2019-cadillac-xt5-luxury-fl-clewiston (current URL: https://www.copart.com/lot/97679015/2019-cadillac-xt5-luxury-fl-clewiston)
2026-07-24 11:46:22 | INFO     | copart_automation.app.parser:parse_vehicle_details:93 - Parsing vehicle details from https://www.copart.com/lot/97679015/2019-cadillac-xt5-luxury-fl-clewiston
2026-07-24 11:46:23 | INFO     | copart_automation.app.database:insert_vehicle:227 - Inserted vehicle CPRTUS (id=1)
2026-07-24 11:46:23 | INFO     | copart_automation.app.navigation:navigate_to_page:78 - Successfully navigated to https://www.copart.com/lot/99393655/2021-chevrolet-blazer-1lt-fl-clewiston (current URL: https://www.copart.com/lot/99393655/2021-chevrolet-blazer-1lt-fl-clewiston)
2026-07-24 11:46:23 | INFO     | copart_automation.app.parser:parse_vehicle_details:93 - Parsing vehicle details from https://www.copart.com/lot/99393655/2021-chevrolet-blazer-1lt-fl-clewiston
2026-07-24 11:46:24 | INFO     | copart_automation.app.database:insert_vehicle:237 - Vehicle CPRTUS already exists (id=1); skipped insert.
2026-07-24 11:46:24 | INFO     | copart_automation.app.database:insert_vehicle:237 - Vehicle CPRTUS already exists (id=1); skipped insert.
2026-07-24 11:46:25 | INFO     | copart_automation.app.database:insert_vehicle:237 - Vehicle CPRTUS already exists (id=1); skipped insert.
2026-07-24 11:46:25 | INFO     | copart_automation.app.navigation:navigate_to_page:68 - Navigating to https://www.copart.com/lot/97678845/salvage-2016-cadillac-ats-fl-clewiston (https://www.copart.com/lot/97678845/salvage-2016-cadillac-ats-fl-clewiston)
2026-07-24 11:46:25 | INFO     | copart_automation.app.navigation:navigate_to_page:68 - Navigating to https://www.copart.com/lot/97678795/2019-chevrolet-blazer-1lt-fl-clewiston (https://www.copart.com/lot/97678795/2019-chevrolet-blazer-1lt-fl-clewiston)
2026-07-24 11:46:25 | INFO     | copart_automation.app.database:insert_vehicle:237 - Vehicle CPRTUS already exists (id=1); skipped insert.
2026-07-24 11:46:25 | INFO     | copart_automation.app.navigation:navigate_to_page:68 - Navigating to https://www.copart.com/lot/97678705/2018-gmc-acadia-sle-fl-clewiston (https://www.copart.com/lot/97678705/2018-gmc-acadia-sle-fl-clewiston)
2026-07-24 11:46:25 | INFO     | copart_automation.app.navigation:navigate_to_page:68 - Navigating to https://www.copart.com/lot/97678695/salvage-2015-lincoln-mkc-fl-clewiston (https://www.copart.com/lot/97678695/salvage-2015-lincoln-mkc-fl-clewiston)
2026-07-24 11:46:26 | INFO     | copart_automation.app.navigation:navigate_to_page:68 - Navigating to https://www.copart.com/lot/97678655/2020-buick-enclave-essence-fl-clewiston (https://www.copart.com/lot/97678655/2020-buick-enclave-essence-fl-clewiston)
2026-07-24 11:46:28 | INFO     | copart_automation.app.navigation:navigate_to_page:78 - Successfully navigated to https://www.copart.com/lot/97678795/2019-chevrolet-blazer-1lt-fl-clewiston (current URL: https://www.copart.com/lot/97678795/2019-chevrolet-blazer-1lt-fl-clewiston)
2026-07-24 11:46:28 | INFO     | copart_automation.app.parser:parse_vehicle_details:93 - Parsing vehicle details from https://www.copart.com/lot/97678795/2019-chevrolet-blazer-1lt-fl-clewiston
2026-07-24 11:46:29 | INFO     | copart_automation.app.navigation:navigate_to_page:78 - Successfully navigated to https://www.copart.com/lot/97678695/salvage-2015-lincoln-mkc-fl-clewiston (current URL: https://www.copart.com/lot/97678695/salvage-2015-lincoln-mkc-fl-clewiston)
2026-07-24 11:46:29 | INFO     | copart_automation.app.parser:parse_vehicle_details:93 - Parsing vehicle details from https://www.copart.com/lot/97678695/salvage-2015-lincoln-mkc-fl-clewiston
2026-07-24 11:46:29 | INFO     | copart_automation.app.navigation:navigate_to_page:78 - Successfully navigated to https://www.copart.com/lot/97678845/salvage-2016-cadillac-ats-fl-clewiston (current URL: https://www.copart.com/lot/97678845/salvage-2016-cadillac-ats-fl-clewiston)
2026-07-24 11:46:29 | INFO     | copart_automation.app.parser:parse_vehicle_details:93 - Parsing vehicle details from https://www.copart.com/lot/97678845/salvage-2016-cadillac-ats-fl-clewiston
2026-07-24 11:46:30 | INFO     | copart_automation.app.database:insert_vehicle:237 - Vehicle CPRTUS already exists (id=1); skipped insert.
2026-07-24 11:46:30 | INFO     | copart_automation.app.database:insert_vehicle:237 - Vehicle CPRTUS already exists (id=1); skipped insert.
2026-07-24 11:46:30 | INFO     | copart_automation.app.navigation:navigate_to_page:78 - Successfully navigated to https://www.copart.com/lot/97678705/2018-gmc-acadia-sle-fl-clewiston (current URL: https://www.copart.com/lot/97678705/2018-gmc-acadia-sle-fl-clewiston)
2026-07-24 11:46:30 | INFO     | copart_automation.app.parser:parse_vehicle_details:93 - Parsing vehicle details from https://www.copart.com/lot/97678705/2018-gmc-acadia-sle-fl-clewiston
2026-07-24 11:46:30 | INFO     | copart_automation.app.navigation:navigate_to_page:78 - Successfully navigated to https://www.copart.com/lot/97678655/2020-buick-enclave-essence-fl-clewiston (current URL: https://www.copart.com/lot/97678655/2020-buick-enclave-essence-fl-clewiston)
2026-07-24 11:46:30 | INFO     | copart_automation.app.parser:parse_vehicle_details:93 - Parsing vehicle details from https://www.copart.com/lot/97678655/2020-buick-enclave-essence-fl-clewiston
2026-07-24 11:46:31 | INFO     | copart_automation.app.database:insert_vehicle:237 - Vehicle CPRTUS already exists (id=1); skipped insert.
2026-07-24 11:46:31 | INFO     | copart_automation.app.navigation:navigate_to_page:68 - Navigating to https://www.copart.com/lot/97678615/salvage-2023-buick-enclave-avenir-fl-clewiston (https://www.copart.com/lot/97678615/salvage-2023-buick-enclave-avenir-fl-clewiston)
2026-07-24 11:46:31 | INFO     | copart_automation.app.database:insert_vehicle:237 - Vehicle CPRTUS already exists (id=1); skipped insert.
2026-07-24 11:46:31 | INFO     | copart_automation.app.navigation:navigate_to_page:68 - Navigating to https://www.copart.com/lot/97678585/2018-nissan-kicks-s-fl-clewiston (https://www.copart.com/lot/97678585/2018-nissan-kicks-s-fl-clewiston)
2026-07-24 11:46:31 | INFO     | copart_automation.app.navigation:navigate_to_page:68 - Navigating to https://www.copart.com/lot/97678565/2015-dodge-grand-caravan-sxt-fl-clewiston (https://www.copart.com/lot/97678565/2015-dodge-grand-caravan-sxt-fl-clewiston)
2026-07-24 11:46:32 | INFO     | copart_automation.app.database:insert_vehicle:237 - Vehicle CPRTUS already exists (id=1); skipped insert.
2026-07-24 11:46:32 | INFO     | copart_automation.app.navigation:navigate_to_page:68 - Navigating to https://www.copart.com/lot/97678515/salvage-2020-nissan-rogue-sport-s-fl-clewiston (https://www.copart.com/lot/97678515/salvage-2020-nissan-rogue-sport-s-fl-clewiston)
2026-07-24 11:46:32 | INFO     | copart_automation.app.navigation:navigate_to_page:68 - Navigating to https://www.copart.com/lot/97678505/2020-ford-escape-s-fl-clewiston (https://www.copart.com/lot/97678505/2020-ford-escape-s-fl-clewiston)
2026-07-24 11:46:35 | INFO     | copart_automation.app.navigation:navigate_to_page:78 - Successfully navigated to https://www.copart.com/lot/97678515/salvage-2020-nissan-rogue-sport-s-fl-clewiston (current URL: https://www.copart.com/lot/97678515/salvage-2020-nissan-rogue-sport-s-fl-clewiston)
2026-07-24 11:46:35 | INFO     | copart_automation.app.parser:parse_vehicle_details:93 - Parsing vehicle details from https://www.copart.com/lot/97678515/salvage-2020-nissan-rogue-sport-s-fl-clewiston
2026-07-24 11:46:35 | INFO     | copart_automation.app.navigation:navigate_to_page:78 - Successfully navigated to https://www.copart.com/lot/97678505/2020-ford-escape-s-fl-clewiston (current URL: https://www.copart.com/lot/97678505/2020-ford-escape-s-fl-clewiston)
2026-07-24 11:46:35 | INFO     | copart_automation.app.parser:parse_vehicle_details:93 - Parsing vehicle details from https://www.copart.com/lot/97678505/2020-ford-escape-s-fl-clewiston
2026-07-24 11:46:36 | INFO     | copart_automation.app.database:insert_vehicle:237 - Vehicle CPRTUS already exists (id=1); skipped insert.
2026-07-24 11:46:36 | INFO     | copart_automation.app.navigation:navigate_to_page:78 - Successfully navigated to https://www.copart.com/lot/97678585/2018-nissan-kicks-s-fl-clewiston (current URL: https://www.copart.com/lot/97678585/2018-nissan-kicks-s-fl-clewiston)
2026-07-24 11:46:36 | INFO     | copart_automation.app.parser:parse_vehicle_details:93 - Parsing vehicle details from https://www.copart.com/lot/97678585/2018-nissan-kicks-s-fl-clewiston
2026-07-24 11:46:36 | INFO     | copart_automation.app.database:insert_vehicle:237 - Vehicle CPRTUS already exists (id=1); skipped insert.
2026-07-24 11:46:36 | INFO     | copart_automation.app.navigation:navigate_to_page:68 - Navigating to https://www.copart.com/lot/97678465/2019-gmc-acadia-slt-1-fl-clewiston (https://www.copart.com/lot/97678465/2019-gmc-acadia-slt-1-fl-clewiston)
2026-07-24 11:46:37 | INFO     | copart_automation.app.database:insert_vehicle:237 - Vehicle CPRTUS already exists (id=1); skipped insert.
2026-07-24 11:46:37 | INFO     | copart_automation.app.navigation:navigate_to_page:68 - Navigating to https://www.copart.com/lot/97678395/2019-ram-promaster-1500-1500-standard-fl-clewiston (https://www.copart.com/lot/97678395/2019-ram-promaster-1500-1500-standard-fl-clewiston)
2026-07-24 11:46:37 | INFO     | copart_automation.app.navigation:navigate_to_page:68 - Navigating to https://www.copart.com/lot/97678355/2019-cadillac-xt4-premium-luxury-fl-clewiston (https://www.copart.com/lot/97678355/2019-cadillac-xt4-premium-luxury-fl-clewiston)
2026-07-24 11:46:40 | INFO     | copart_automation.app.navigation:navigate_to_page:78 - Successfully navigated to https://www.copart.com/lot/97678465/2019-gmc-acadia-slt-1-fl-clewiston (current URL: https://www.copart.com/lot/97678465/2019-gmc-acadia-slt-1-fl-clewiston)
2026-07-24 11:46:40 | INFO     | copart_automation.app.parser:parse_vehicle_details:93 - Parsing vehicle details from https://www.copart.com/lot/97678465/2019-gmc-acadia-slt-1-fl-clewiston
2026-07-24 11:46:40 | INFO     | copart_automation.app.navigation:navigate_to_page:78 - Successfully navigated to https://www.copart.com/lot/97678395/2019-ram-promaster-1500-1500-standard-fl-clewiston (current URL: https://www.copart.com/lot/97678395/2019-ram-promaster-1500-1500-standard-fl-clewiston)
2026-07-24 11:46:40 | INFO     | copart_automation.app.parser:parse_vehicle_details:93 - Parsing vehicle details from https://www.copart.com/lot/97678395/2019-ram-promaster-1500-1500-standard-fl-clewiston
2026-07-24 11:46:41 | INFO     | copart_automation.app.database:insert_vehicle:237 - Vehicle CPRTUS already exists (id=1); skipped insert.
2026-07-24 11:46:41 | INFO     | copart_automation.app.navigation:navigate_to_page:78 - Successfully navigated to https://www.copart.com/lot/97678355/2019-cadillac-xt4-premium-luxury-fl-clewiston (current URL: https://www.copart.com/lot/97678355/2019-cadillac-xt4-premium-luxury-fl-clewiston)
2026-07-24 11:46:41 | INFO     | copart_automation.app.parser:parse_vehicle_details:93 - Parsing vehicle details from https://www.copart.com/lot/97678355/2019-cadillac-xt4-premium-luxury-fl-clewiston
2026-07-24 11:46:42 | INFO     | copart_automation.app.database:insert_vehicle:237 - Vehicle CPRTUS already exists (id=1); skipped insert.
2026-07-24 11:46:42 | INFO     | copart_automation.app.navigation:navigate_to_page:68 - Navigating to https://www.copart.com/lot/97678265/2015-chevrolet-traverse-ltz-fl-clewiston (https://www.copart.com/lot/97678265/2015-chevrolet-traverse-ltz-fl-clewiston)
2026-07-24 11:46:42 | INFO     | copart_automation.app.database:insert_vehicle:237 - Vehicle CPRTUS already exists (id=1); skipped insert.
2026-07-24 11:46:42 | INFO     | copart_automation.app.navigation:navigate_to_page:68 - Navigating to https://www.copart.com/lot/97678225/salvage-2016-jeep-compass-sport-fl-clewiston (https://www.copart.com/lot/97678225/salvage-2016-jeep-compass-sport-fl-clewiston)
2026-07-24 11:46:43 | INFO     | copart_automation.app.navigation:navigate_to_page:78 - Successfully navigated to https://www.copart.com/lot/97678565/2015-dodge-grand-caravan-sxt-fl-clewiston (current URL: https://www.copart.com/lot/97678565/2015-dodge-grand-caravan-sxt-fl-clewiston)
2026-07-24 11:46:43 | INFO     | copart_automation.app.parser:parse_vehicle_details:93 - Parsing vehicle details from https://www.copart.com/lot/97678565/2015-dodge-grand-caravan-sxt-fl-clewiston
2026-07-24 11:46:44 | INFO     | copart_automation.app.database:insert_vehicle:227 - Inserted vehicle number (id=2)
2026-07-24 11:46:44 | INFO     | copart_automation.app.navigation:navigate_to_page:78 - Successfully navigated to https://www.copart.com/lot/97678615/salvage-2023-buick-enclave-avenir-fl-clewiston (current URL: https://www.copart.com/lot/97678615/salvage-2023-buick-enclave-avenir-fl-clewiston)
2026-07-24 11:46:44 | INFO     | copart_automation.app.parser:parse_vehicle_details:93 - Parsing vehicle details from https://www.copart.com/lot/97678615/salvage-2023-buick-enclave-avenir-fl-clewiston
2026-07-24 11:46:45 | WARNING  | __main__:process_lot:130 - Failed to parse lot https://www.copart.com/lot/97678615/salvage-2023-buick-enclave-avenir-fl-clewiston: Duplicate key conflict but existing record not found.
2026-07-24 11:46:48 | INFO     | copart_automation.app.navigation:navigate_to_page:78 - Successfully navigated to https://www.copart.com/lot/97678265/2015-chevrolet-traverse-ltz-fl-clewiston (current URL: https://www.copart.com/lot/97678265/2015-chevrolet-traverse-ltz-fl-clewiston)
2026-07-24 11:46:48 | INFO     | copart_automation.app.parser:parse_vehicle_details:93 - Parsing vehicle details from https://www.copart.com/lot/97678265/2015-chevrolet-traverse-ltz-fl-clewiston
2026-07-24 11:46:49 | INFO     | copart_automation.app.navigation:navigate_to_page:78 - Successfully navigated to https://www.copart.com/lot/97678225/salvage-2016-jeep-compass-sport-fl-clewiston (current URL: https://www.copart.com/lot/97678225/salvage-2016-jeep-compass-sport-fl-clewiston)
2026-07-24 11:46:49 | INFO     | copart_automation.app.parser:parse_vehicle_details:93 - Parsing vehicle details from https://www.copart.com/lot/97678225/salvage-2016-jeep-compass-sport-fl-clewiston
2026-07-24 11:46:49 | WARNING  | __main__:process_lot:130 - Failed to parse lot https://www.copart.com/lot/97678265/2015-chevrolet-traverse-ltz-fl-clewiston: Duplicate key conflict but existing record not found.
2026-07-24 11:46:49 | ERROR    | copart_automation.app.parser:parse_vehicle_details:100 - Failed to parse vehicle details: 1 validation error for Vehicle
year
  Input should be greater than or equal to 1900 [type=greater_than_equal, input_value=1, input_type=int]
    For further information visit https://errors.pydantic.dev/2.13/v/greater_than_equal
2026-07-24 11:46:49 | WARNING  | __main__:process_lot:130 - Failed to parse lot https://www.copart.com/lot/97678225/salvage-2016-jeep-compass-sport-fl-clewiston: Could not parse vehicle details: 1 validation error for Vehicle
year
  Input should be greater than or equal to 1900 [type=greater_than_equal, input_value=1, input_type=int]
    For further information visit https://errors.pydantic.dev/2.13/v/greater_than_equal
2026-07-24 11:46:49 | INFO     | __main__:run_automation_workflow:106 - Opening lots view for auction: Medium Duty Clean Title Sale Rental Vehicle Sale -> https://www.copart.com/saleListResult/832/2026-07-27?location=Medium%20Duty%20Clean%20Title%20Sale&saleDate=1785168000000&liveAuction=false&from=&yardNum=832
2026-07-24 11:46:49 | INFO     | copart_automation.app.navigation:navigate_to_page:68 - Navigating to https://www.copart.com/saleListResult/832/2026-07-27?location=Medium%20Duty%20Clean%20Title%20Sale&saleDate=1785168000000&liveAuction=false&from=&yardNum=832 (https://www.copart.com/saleListResult/832/2026-07-27?location=Medium%20Duty%20Clean%20Title%20Sale&saleDate=1785168000000&liveAuction=false&from=&yardNum=832)
2026-07-24 11:46:55 | INFO     | copart_automation.app.navigation:navigate_to_page:78 - Successfully navigated to https://www.copart.com/saleListResult/832/2026-07-27?location=Medium%20Duty%20Clean%20Title%20Sale&saleDate=1785168000000&liveAuction=false&from=&yardNum=832 (current URL: https://www.copart.com/saleListResult/832/2026-07-27?location=Medium%20Duty%20Clean%20Title%20Sale&saleDate=1785168000000&liveAuction=false&from=&yardNum=832&qId=93bd3410-81c3-4071-b86b-85d2afcff631-1784893611237)
2026-07-24 11:46:55 | INFO     | copart_automation.app.parser:parse_lots_list:108 - Parsing lots list from https://www.copart.com/saleListResult/832/2026-07-27?location=Medium%20Duty%20Clean%20Title%20Sale&saleDate=1785168000000&liveAuction=false&from=&yardNum=832&qId=93bd3410-81c3-4071-b86b-85d2afcff631-1784893611237
2026-07-24 11:46:55 | INFO     | copart_automation.app.parser:parse_lots_list:136 - Found 20 lot URLs on page
2026-07-24 11:46:55 | INFO     | __main__:run_automation_workflow:110 - Found 20 lots for auction Medium Duty Clean Title Sale Rental Vehicle Sale
2026-07-24 11:46:55 | INFO     | copart_automation.app.navigation:navigate_to_page:68 - Navigating to https://www.copart.com/lot/61895076/clean-title-2026-ford-transit-t-350-ca-van-nuys (https://www.copart.com/lot/61895076/clean-title-2026-ford-transit-t-350-ca-van-nuys)
2026-07-24 11:46:55 | INFO     | copart_automation.app.navigation:navigate_to_page:68 - Navigating to https://www.copart.com/lot/61893256/clean-title-2026-ford-transit-t-350-ca-van-nuys (https://www.copart.com/lot/61893256/clean-title-2026-ford-transit-t-350-ca-van-nuys)
2026-07-24 11:46:55 | INFO     | copart_automation.app.navigation:navigate_to_page:68 - Navigating to https://www.copart.com/lot/61531266/clean-title-2017-ford-transit-t-350-la-baton-rouge (https://www.copart.com/lot/61531266/clean-title-2017-ford-transit-t-350-la-baton-rouge)
2026-07-24 11:46:55 | INFO     | copart_automation.app.navigation:navigate_to_page:68 - Navigating to https://www.copart.com/lot/61478966/clean-title-2015-ford-transit-t-150-oh-cleveland-west (https://www.copart.com/lot/61478966/clean-title-2015-ford-transit-t-150-oh-cleveland-west)
2026-07-24 11:46:55 | INFO     | copart_automation.app.navigation:navigate_to_page:68 - Navigating to https://www.copart.com/lot/61288606/clean-title-2019-nissan-nv-3500-hd-s-oh-cleveland-west (https://www.copart.com/lot/61288606/clean-title-2019-nissan-nv-3500-hd-s-oh-cleveland-west)
2026-07-24 11:46:58 | INFO     | copart_automation.app.navigation:navigate_to_page:78 - Successfully navigated to https://www.copart.com/lot/61895076/clean-title-2026-ford-transit-t-350-ca-van-nuys (current URL: https://www.copart.com/lot/61895076/clean-title-2026-ford-transit-t-350-ca-van-nuys)
2026-07-24 11:46:58 | INFO     | copart_automation.app.parser:parse_vehicle_details:93 - Parsing vehicle details from https://www.copart.com/lot/61895076/clean-title-2026-ford-transit-t-350-ca-van-nuys
2026-07-24 11:46:58 | INFO     | copart_automation.app.navigation:navigate_to_page:78 - Successfully navigated to https://www.copart.com/lot/61531266/clean-title-2017-ford-transit-t-350-la-baton-rouge (current URL: https://www.copart.com/lot/61531266/clean-title-2017-ford-transit-t-350-la-baton-rouge)
2026-07-24 11:46:58 | INFO     | copart_automation.app.parser:parse_vehicle_details:93 - Parsing vehicle details from https://www.copart.com/lot/61531266/clean-title-2017-ford-transit-t-350-la-baton-rouge
2026-07-24 11:46:58 | INFO     | copart_automation.app.navigation:navigate_to_page:78 - Successfully navigated to https://www.copart.com/lot/61478966/clean-title-2015-ford-transit-t-150-oh-cleveland-west (current URL: https://www.copart.com/lot/61478966/clean-title-2015-ford-transit-t-150-oh-cleveland-west)
2026-07-24 11:46:58 | INFO     | copart_automation.app.parser:parse_vehicle_details:93 - Parsing vehicle details from https://www.copart.com/lot/61478966/clean-title-2015-ford-transit-t-150-oh-cleveland-west
2026-07-24 11:46:58 | INFO     | copart_automation.app.navigation:navigate_to_page:78 - Successfully navigated to https://www.copart.com/lot/61893256/clean-title-2026-ford-transit-t-350-ca-van-nuys (current URL: https://www.copart.com/lot/61893256/clean-title-2026-ford-transit-t-350-ca-van-nuys)
2026-07-24 11:46:58 | INFO     | copart_automation.app.parser:parse_vehicle_details:93 - Parsing vehicle details from https://www.copart.com/lot/61893256/clean-title-2026-ford-transit-t-350-ca-van-nuys
2026-07-24 11:46:59 | INFO     | copart_automation.app.database:insert_vehicle:237 - Vehicle CPRTUS already exists (id=1); skipped insert.
2026-07-24 11:46:59 | INFO     | copart_automation.app.database:insert_vehicle:237 - Vehicle CPRTUS already exists (id=1); skipped insert.
2026-07-24 11:47:00 | INFO     | copart_automation.app.database:insert_vehicle:237 - Vehicle CPRTUS already exists (id=1); skipped insert.
2026-07-24 11:47:01 | INFO     | copart_automation.app.database:insert_vehicle:237 - Vehicle CPRTUS already exists (id=1); skipped insert.
2026-07-24 11:47:01 | INFO     | copart_automation.app.navigation:navigate_to_page:78 - Successfully navigated to https://www.copart.com/lot/61288606/clean-title-2019-nissan-nv-3500-hd-s-oh-cleveland-west (current URL: https://www.copart.com/lot/61288606/clean-title-2019-nissan-nv-3500-hd-s-oh-cleveland-west)
2026-07-24 11:47:01 | INFO     | copart_automation.app.parser:parse_vehicle_details:93 - Parsing vehicle details from https://www.copart.com/lot/61288606/clean-title-2019-nissan-nv-3500-hd-s-oh-cleveland-west
2026-07-24 11:47:01 | INFO     | copart_automation.app.navigation:navigate_to_page:68 - Navigating to https://www.copart.com/lot/61055176/clean-title-2023-ford-transit-t-350-tx-dallas-south (https://www.copart.com/lot/61055176/clean-title-2023-ford-transit-t-350-tx-dallas-south)
2026-07-24 11:47:01 | INFO     | copart_automation.app.navigation:navigate_to_page:68 - Navigating to https://www.copart.com/lot/60999196/clean-title-2022-ford-transit-t-350-la-baton-rouge (https://www.copart.com/lot/60999196/clean-title-2022-ford-transit-t-350-la-baton-rouge)
2026-07-24 11:47:01 | INFO     | copart_automation.app.navigation:navigate_to_page:68 - Navigating to https://www.copart.com/lot/59972376/clean-title-2026-ford-transit-t-350-mn-st-cloud (https://www.copart.com/lot/59972376/clean-title-2026-ford-transit-t-350-mn-st-cloud)
2026-07-24 11:47:01 | INFO     | copart_automation.app.navigation:navigate_to_page:68 - Navigating to https://www.copart.com/lot/59872926/clean-title-2016-ford-transit-connect-xl-in-cicero (https://www.copart.com/lot/59872926/clean-title-2016-ford-transit-connect-xl-in-cicero)
2026-07-24 11:47:04 | INFO     | copart_automation.app.navigation:navigate_to_page:78 - Successfully navigated to https://www.copart.com/lot/59972376/clean-title-2026-ford-transit-t-350-mn-st-cloud (current URL: https://www.copart.com/lot/59972376/clean-title-2026-ford-transit-t-350-mn-st-cloud)
2026-07-24 11:47:04 | INFO     | copart_automation.app.parser:parse_vehicle_details:93 - Parsing vehicle details from https://www.copart.com/lot/59972376/clean-title-2026-ford-transit-t-350-mn-st-cloud
2026-07-24 11:47:04 | INFO     | copart_automation.app.navigation:navigate_to_page:78 - Successfully navigated to https://www.copart.com/lot/60999196/clean-title-2022-ford-transit-t-350-la-baton-rouge (current URL: https://www.copart.com/lot/60999196/clean-title-2022-ford-transit-t-350-la-baton-rouge)
2026-07-24 11:47:04 | INFO     | copart_automation.app.parser:parse_vehicle_details:93 - Parsing vehicle details from https://www.copart.com/lot/60999196/clean-title-2022-ford-transit-t-350-la-baton-rouge
2026-07-24 11:47:05 | INFO     | copart_automation.app.database:insert_vehicle:237 - Vehicle CPRTUS already exists (id=1); skipped insert.
2026-07-24 11:47:05 | INFO     | copart_automation.app.database:insert_vehicle:237 - Vehicle CPRTUS already exists (id=1); skipped insert.
2026-07-24 11:47:05 | WARNING  | __main__:process_lot:130 - Failed to parse lot https://www.copart.com/lot/61288606/clean-title-2019-nissan-nv-3500-hd-s-oh-cleveland-west: Duplicate key conflict but existing record not found.
2026-07-24 11:47:05 | INFO     | copart_automation.app.navigation:navigate_to_page:68 - Navigating to https://www.copart.com/lot/58947436/clean-title-2023-ford-transit-box-truck-in-cicero (https://www.copart.com/lot/58947436/clean-title-2023-ford-transit-box-truck-in-cicero)
2026-07-24 11:47:05 | INFO     | copart_automation.app.navigation:navigate_to_page:68 - Navigating to https://www.copart.com/lot/58102416/clean-title-2020-chevrolet-silverado-k2500-heavy-duty-fl-punta-gorda (https://www.copart.com/lot/58102416/clean-title-2020-chevrolet-silverado-k2500-heavy-duty-fl-punta-gorda)
2026-07-24 11:47:06 | INFO     | copart_automation.app.navigation:navigate_to_page:68 - Navigating to https://www.copart.com/lot/58039126/clean-title-2015-chevrolet-express-2500-cargo-delivery-van-fl-jacksonville-north (https://www.copart.com/lot/58039126/clean-title-2015-chevrolet-express-2500-cargo-delivery-van-fl-jacksonville-north)
2026-07-24 11:47:09 | INFO     | copart_automation.app.navigation:navigate_to_page:78 - Successfully navigated to https://www.copart.com/lot/58102416/clean-title-2020-chevrolet-silverado-k2500-heavy-duty-fl-punta-gorda (current URL: https://www.copart.com/lot/58102416/clean-title-2020-chevrolet-silverado-k2500-heavy-duty-fl-punta-gorda)
2026-07-24 11:47:09 | INFO     | copart_automation.app.parser:parse_vehicle_details:93 - Parsing vehicle details from https://www.copart.com/lot/58102416/clean-title-2020-chevrolet-silverado-k2500-heavy-duty-fl-punta-gorda
2026-07-24 11:47:09 | INFO     | copart_automation.app.database:insert_vehicle:237 - Vehicle CPRTUS already exists (id=1); skipped insert.
2026-07-24 11:47:09 | INFO     | copart_automation.app.navigation:navigate_to_page:78 - Successfully navigated to https://www.copart.com/lot/58039126/clean-title-2015-chevrolet-express-2500-cargo-delivery-van-fl-jacksonville-north (current URL: https://www.copart.com/lot/58039126/clean-title-2015-chevrolet-express-2500-cargo-delivery-van-fl-jacksonville-north)
2026-07-24 11:47:09 | INFO     | copart_automation.app.parser:parse_vehicle_details:93 - Parsing vehicle details from https://www.copart.com/lot/58039126/clean-title-2015-chevrolet-express-2500-cargo-delivery-van-fl-jacksonville-north
2026-07-24 11:47:11 | INFO     | copart_automation.app.database:insert_vehicle:237 - Vehicle CPRTUS already exists (id=1); skipped insert.
2026-07-24 11:47:11 | INFO     | copart_automation.app.navigation:navigate_to_page:68 - Navigating to https://www.copart.com/lot/57717716/clean-title-2012-isuzu-npr-hd-fl-jacksonville-north (https://www.copart.com/lot/57717716/clean-title-2012-isuzu-npr-hd-fl-jacksonville-north)
2026-07-24 11:47:11 | INFO     | copart_automation.app.navigation:navigate_to_page:68 - Navigating to https://www.copart.com/lot/57190346/clean-title-2022-mercedes-benz-sprinter-2500-delivery-van-fl-ocala (https://www.copart.com/lot/57190346/clean-title-2022-mercedes-benz-sprinter-2500-delivery-van-fl-ocala)
2026-07-24 11:47:12 | INFO     | copart_automation.app.navigation:navigate_to_page:78 - Successfully navigated to https://www.copart.com/lot/59872926/clean-title-2016-ford-transit-connect-xl-in-cicero (current URL: https://www.copart.com/lot/59872926/clean-title-2016-ford-transit-connect-xl-in-cicero)
2026-07-24 11:47:12 | INFO     | copart_automation.app.parser:parse_vehicle_details:93 - Parsing vehicle details from https://www.copart.com/lot/59872926/clean-title-2016-ford-transit-connect-xl-in-cicero
2026-07-24 11:47:13 | ERROR    | copart_automation.app.parser:parse_vehicle_details:100 - Failed to parse vehicle details: 1 validation error for Vehicle
year
  Input should be greater than or equal to 1900 [type=greater_than_equal, input_value=0, input_type=int]
    For further information visit https://errors.pydantic.dev/2.13/v/greater_than_equal
2026-07-24 11:47:13 | INFO     | copart_automation.app.navigation:navigate_to_page:78 - Successfully navigated to https://www.copart.com/lot/61055176/clean-title-2023-ford-transit-t-350-tx-dallas-south (current URL: https://www.copart.com/lot/61055176/clean-title-2023-ford-transit-t-350-tx-dallas-south)
2026-07-24 11:47:13 | INFO     | copart_automation.app.parser:parse_vehicle_details:93 - Parsing vehicle details from https://www.copart.com/lot/61055176/clean-title-2023-ford-transit-t-350-tx-dallas-south
2026-07-24 11:47:13 | WARNING  | __main__:process_lot:130 - Failed to parse lot https://www.copart.com/lot/59872926/clean-title-2016-ford-transit-connect-xl-in-cicero: Could not parse vehicle details: 1 validation error for Vehicle
year
  Input should be greater than or equal to 1900 [type=greater_than_equal, input_value=0, input_type=int]
    For further information visit https://errors.pydantic.dev/2.13/v/greater_than_equal
2026-07-24 11:47:14 | INFO     | copart_automation.app.navigation:navigate_to_page:68 - Navigating to https://www.copart.com/lot/56634886/clean-title-2024-ram-promaster-2500-delivery-van-ok-oklahoma-city (https://www.copart.com/lot/56634886/clean-title-2024-ram-promaster-2500-delivery-van-ok-oklahoma-city)
2026-07-24 11:47:14 | WARNING  | __main__:process_lot:130 - Failed to parse lot https://www.copart.com/lot/61055176/clean-title-2023-ford-transit-t-350-tx-dallas-south: Duplicate key conflict but existing record not found.
2026-07-24 11:47:14 | INFO     | copart_automation.app.navigation:navigate_to_page:68 - Navigating to https://www.copart.com/lot/53721906/clean-title-2025-ford-transit-t-250-fl-jacksonville-north (https://www.copart.com/lot/53721906/clean-title-2025-ford-transit-t-250-fl-jacksonville-north)
2026-07-24 11:47:17 | INFO     | copart_automation.app.navigation:navigate_to_page:78 - Successfully navigated to https://www.copart.com/lot/58947436/clean-title-2023-ford-transit-box-truck-in-cicero (current URL: https://www.copart.com/lot/58947436/clean-title-2023-ford-transit-box-truck-in-cicero)
2026-07-24 11:47:17 | INFO     | copart_automation.app.parser:parse_vehicle_details:93 - Parsing vehicle details from https://www.copart.com/lot/58947436/clean-title-2023-ford-transit-box-truck-in-cicero
2026-07-24 11:47:18 | ERROR    | copart_automation.app.parser:parse_vehicle_details:100 - Failed to parse vehicle details: 1 validation error for Vehicle
year
  Input should be greater than or equal to 1900 [type=greater_than_equal, input_value=1, input_type=int]
    For further information visit https://errors.pydantic.dev/2.13/v/greater_than_equal
2026-07-24 11:47:18 | INFO     | copart_automation.app.navigation:navigate_to_page:78 - Successfully navigated to https://www.copart.com/lot/53721906/clean-title-2025-ford-transit-t-250-fl-jacksonville-north (current URL: https://www.copart.com/lot/53721906/clean-title-2025-ford-transit-t-250-fl-jacksonville-north)
2026-07-24 11:47:18 | INFO     | copart_automation.app.parser:parse_vehicle_details:93 - Parsing vehicle details from https://www.copart.com/lot/53721906/clean-title-2025-ford-transit-t-250-fl-jacksonville-north
2026-07-24 11:47:18 | WARNING  | __main__:process_lot:130 - Failed to parse lot https://www.copart.com/lot/58947436/clean-title-2023-ford-transit-box-truck-in-cicero: Could not parse vehicle details: 1 validation error for Vehicle
year
  Input should be greater than or equal to 1900 [type=greater_than_equal, input_value=1, input_type=int]
    For further information visit https://errors.pydantic.dev/2.13/v/greater_than_equal
2026-07-24 11:47:18 | INFO     | copart_automation.app.navigation:navigate_to_page:68 - Navigating to https://www.copart.com/lot/51985776/clean-title-2024-chevrolet-silverado-c2500-heavy-duty-fl-ocala (https://www.copart.com/lot/51985776/clean-title-2024-chevrolet-silverado-c2500-heavy-duty-fl-ocala)
2026-07-24 11:47:18 | INFO     | copart_automation.app.database:insert_vehicle:237 - Vehicle CPRTUS already exists (id=1); skipped insert.
2026-07-24 11:47:18 | INFO     | copart_automation.app.navigation:navigate_to_page:68 - Navigating to https://www.copart.com/lot/98870575/clean-title-2004-ford-f450-utility-service-truck-ma-freetown (https://www.copart.com/lot/98870575/clean-title-2004-ford-f450-utility-service-truck-ma-freetown)
2026-07-24 11:47:21 | INFO     | copart_automation.app.navigation:navigate_to_page:78 - Successfully navigated to https://www.copart.com/lot/57717716/clean-title-2012-isuzu-npr-hd-fl-jacksonville-north (current URL: https://www.copart.com/lot/57717716/clean-title-2012-isuzu-npr-hd-fl-jacksonville-north)
2026-07-24 11:47:21 | INFO     | copart_automation.app.parser:parse_vehicle_details:93 - Parsing vehicle details from https://www.copart.com/lot/57717716/clean-title-2012-isuzu-npr-hd-fl-jacksonville-north
2026-07-24 11:47:22 | ERROR    | copart_automation.app.parser:parse_vehicle_details:100 - Failed to parse vehicle details: 1 validation error for Vehicle
year
  Input should be greater than or equal to 1900 [type=greater_than_equal, input_value=54, input_type=int]
    For further information visit https://errors.pydantic.dev/2.13/v/greater_than_equal
2026-07-24 11:47:22 | WARNING  | __main__:process_lot:130 - Failed to parse lot https://www.copart.com/lot/57717716/clean-title-2012-isuzu-npr-hd-fl-jacksonville-north: Could not parse vehicle details: 1 validation error for Vehicle
year
  Input should be greater than or equal to 1900 [type=greater_than_equal, input_value=54, input_type=int]
    For further information visit https://errors.pydantic.dev/2.13/v/greater_than_equal
2026-07-24 11:47:22 | INFO     | copart_automation.app.navigation:navigate_to_page:68 - Navigating to https://www.copart.com/lot/97682895/clean-title-2018-international-4300-box-truck-in-cicero (https://www.copart.com/lot/97682895/clean-title-2018-international-4300-box-truck-in-cicero)
2026-07-24 11:47:23 | INFO     | copart_automation.app.navigation:navigate_to_page:78 - Successfully navigated to https://www.copart.com/lot/57190346/clean-title-2022-mercedes-benz-sprinter-2500-delivery-van-fl-ocala (current URL: https://www.copart.com/lot/57190346/clean-title-2022-mercedes-benz-sprinter-2500-delivery-van-fl-ocala)
2026-07-24 11:47:23 | INFO     | copart_automation.app.parser:parse_vehicle_details:93 - Parsing vehicle details from https://www.copart.com/lot/57190346/clean-title-2022-mercedes-benz-sprinter-2500-delivery-van-fl-ocala
2026-07-24 11:47:24 | WARNING  | __main__:process_lot:130 - Failed to parse lot https://www.copart.com/lot/57190346/clean-title-2022-mercedes-benz-sprinter-2500-delivery-van-fl-ocala: Duplicate key conflict but existing record not found.
2026-07-24 11:47:24 | INFO     | copart_automation.app.navigation:navigate_to_page:68 - Navigating to https://www.copart.com/lot/87094685/clean-title-2011-chevrolet-school-bus-school-bus-pa-york-haven (https://www.copart.com/lot/87094685/clean-title-2011-chevrolet-school-bus-school-bus-pa-york-haven)
2026-07-24 11:47:25 | INFO     | copart_automation.app.navigation:navigate_to_page:78 - Successfully navigated to https://www.copart.com/lot/56634886/clean-title-2024-ram-promaster-2500-delivery-van-ok-oklahoma-city (current URL: https://www.copart.com/lot/56634886/clean-title-2024-ram-promaster-2500-delivery-van-ok-oklahoma-city)
2026-07-24 11:47:25 | INFO     | copart_automation.app.parser:parse_vehicle_details:93 - Parsing vehicle details from https://www.copart.com/lot/56634886/clean-title-2024-ram-promaster-2500-delivery-van-ok-oklahoma-city
2026-07-24 11:47:27 | WARNING  | __main__:process_lot:130 - Failed to parse lot https://www.copart.com/lot/56634886/clean-title-2024-ram-promaster-2500-delivery-van-ok-oklahoma-city: Duplicate key conflict but existing record not found.
2026-07-24 11:47:27 | INFO     | copart_automation.app.navigation:navigate_to_page:78 - Successfully navigated to https://www.copart.com/lot/87094685/clean-title-2011-chevrolet-school-bus-school-bus-pa-york-haven (current URL: https://www.copart.com/lot/87094685/clean-title-2011-chevrolet-school-bus-school-bus-pa-york-haven)
2026-07-24 11:47:27 | INFO     | copart_automation.app.parser:parse_vehicle_details:93 - Parsing vehicle details from https://www.copart.com/lot/87094685/clean-title-2011-chevrolet-school-bus-school-bus-pa-york-haven
2026-07-24 11:47:28 | INFO     | copart_automation.app.database:insert_vehicle:237 - Vehicle CPRTUS already exists (id=1); skipped insert.
2026-07-24 11:47:29 | INFO     | copart_automation.app.navigation:navigate_to_page:78 - Successfully navigated to https://www.copart.com/lot/51985776/clean-title-2024-chevrolet-silverado-c2500-heavy-duty-fl-ocala (current URL: https://www.copart.com/lot/51985776/clean-title-2024-chevrolet-silverado-c2500-heavy-duty-fl-ocala)
2026-07-24 11:47:29 | INFO     | copart_automation.app.parser:parse_vehicle_details:93 - Parsing vehicle details from https://www.copart.com/lot/51985776/clean-title-2024-chevrolet-silverado-c2500-heavy-duty-fl-ocala
2026-07-24 11:47:29 | INFO     | copart_automation.app.navigation:navigate_to_page:78 - Successfully navigated to https://www.copart.com/lot/98870575/clean-title-2004-ford-f450-utility-service-truck-ma-freetown (current URL: https://www.copart.com/lot/98870575/clean-title-2004-ford-f450-utility-service-truck-ma-freetown)
2026-07-24 11:47:29 | INFO     | copart_automation.app.parser:parse_vehicle_details:93 - Parsing vehicle details from https://www.copart.com/lot/98870575/clean-title-2004-ford-f450-utility-service-truck-ma-freetown
2026-07-24 11:47:30 | ERROR    | copart_automation.app.parser:parse_vehicle_details:100 - Failed to parse vehicle details: 1 validation error for Vehicle
year
  Input should be greater than or equal to 1900 [type=greater_than_equal, input_value=1, input_type=int]
    For further information visit https://errors.pydantic.dev/2.13/v/greater_than_equal
2026-07-24 11:47:30 | WARNING  | __main__:process_lot:130 - Failed to parse lot https://www.copart.com/lot/51985776/clean-title-2024-chevrolet-silverado-c2500-heavy-duty-fl-ocala: Duplicate key conflict but existing record not found.
2026-07-24 11:47:30 | WARNING  | __main__:process_lot:130 - Failed to parse lot https://www.copart.com/lot/98870575/clean-title-2004-ford-f450-utility-service-truck-ma-freetown: Could not parse vehicle details: 1 validation error for Vehicle
year
  Input should be greater than or equal to 1900 [type=greater_than_equal, input_value=1, input_type=int]
    For further information visit https://errors.pydantic.dev/2.13/v/greater_than_equal
2026-07-24 11:47:31 | INFO     | copart_automation.app.navigation:navigate_to_page:78 - Successfully navigated to https://www.copart.com/lot/97682895/clean-title-2018-international-4300-box-truck-in-cicero (current URL: https://www.copart.com/lot/97682895/clean-title-2018-international-4300-box-truck-in-cicero)
2026-07-24 11:47:31 | INFO     | copart_automation.app.parser:parse_vehicle_details:93 - Parsing vehicle details from https://www.copart.com/lot/97682895/clean-title-2018-international-4300-box-truck-in-cicero
2026-07-24 11:47:32 | WARNING  | __main__:process_lot:130 - Failed to parse lot https://www.copart.com/lot/97682895/clean-title-2018-international-4300-box-truck-in-cicero: Duplicate key conflict but existing record not found.
2026-07-24 11:47:32 | INFO     | __main__:run_automation_workflow:106 - Opening lots view for auction: AL - Mobile AR - Fayetteville AR - Little Rock IL - Peoria IL - Southern Illinois IL - Wheeling IN - Dyer KS - Wichita LA - Vinton MN - St. Cloud MO - Sikeston MO - Springfield TN - Nashville TX - Dallas TX - Dallas South TX - Houston East TX - Longview TX - Lufkin WI - Appleton WI - Milwaukee South -> https://www.copart.com/saleListResult/58/2026-07-27?location=AL%20-%20Mobile&saleDate=1785171600000&liveAuction=false&from=&yardNum=58
2026-07-24 11:47:32 | INFO     | copart_automation.app.navigation:navigate_to_page:68 - Navigating to https://www.copart.com/saleListResult/58/2026-07-27?location=AL%20-%20Mobile&saleDate=1785171600000&liveAuction=false&from=&yardNum=58 (https://www.copart.com/saleListResult/58/2026-07-27?location=AL%20-%20Mobile&saleDate=1785171600000&liveAuction=false&from=&yardNum=58)
2026-07-24 11:47:37 | INFO     | copart_automation.app.navigation:navigate_to_page:78 - Successfully navigated to https://www.copart.com/saleListResult/58/2026-07-27?location=AL%20-%20Mobile&saleDate=1785171600000&liveAuction=false&from=&yardNum=58 (current URL: https://www.copart.com/saleListResult/58/2026-07-27?location=AL%20-%20Mobile&saleDate=1785171600000&liveAuction=false&from=&yardNum=58&qId=93bd3410-81c3-4071-b86b-85d2afcff631-1784893653629)
2026-07-24 11:47:37 | INFO     | copart_automation.app.parser:parse_lots_list:108 - Parsing lots list from https://www.copart.com/saleListResult/58/2026-07-27?location=AL%20-%20Mobile&saleDate=1785171600000&liveAuction=false&from=&yardNum=58&qId=93bd3410-81c3-4071-b86b-85d2afcff631-1784893653629
2026-07-24 11:47:37 | INFO     | copart_automation.app.parser:parse_lots_list:136 - Found 20 lot URLs on page
2026-07-24 11:47:37 | INFO     | __main__:run_automation_workflow:110 - Found 20 lots for auction AL - Mobile AR - Fayetteville AR - Little Rock IL - Peoria IL - Southern Illinois IL - Wheeling IN - Dyer KS - Wichita LA - Vinton MN - St. Cloud MO - Sikeston MO - Springfield TN - Nashville TX - Dallas TX - Dallas South TX - Houston East TX - Longview TX - Lufkin WI - Appleton WI - Milwaukee South
2026-07-24 11:47:37 | INFO     | copart_automation.app.navigation:navigate_to_page:68 - Navigating to https://www.copart.com/lot/94979675/salvage-2016-nissan-maxima-3-5-s-al-mobile (https://www.copart.com/lot/94979675/salvage-2016-nissan-maxima-3-5-s-al-mobile)
2026-07-24 11:47:37 | INFO     | copart_automation.app.navigation:navigate_to_page:68 - Navigating to https://www.copart.com/lot/94186765/salvage-2016-chrysler-town-&-country-touring-al-mobile (https://www.copart.com/lot/94186765/salvage-2016-chrysler-town-&-country-touring-al-mobile)
2026-07-24 11:47:37 | INFO     | copart_automation.app.navigation:navigate_to_page:68 - Navigating to https://www.copart.com/lot/92386665/salvage-2019-ram-1500-classic-slt-al-mobile (https://www.copart.com/lot/92386665/salvage-2019-ram-1500-classic-slt-al-mobile)
2026-07-24 11:47:37 | INFO     | copart_automation.app.navigation:navigate_to_page:68 - Navigating to https://www.copart.com/lot/90125625/clean-title-2024-honda-pioneer-utility-vehicle-al-mobile (https://www.copart.com/lot/90125625/clean-title-2024-honda-pioneer-utility-vehicle-al-mobile)
2026-07-24 11:47:37 | INFO     | copart_automation.app.navigation:navigate_to_page:68 - Navigating to https://www.copart.com/lot/86308835/salvage-2000-ford-excursion-limited-al-mobile (https://www.copart.com/lot/86308835/salvage-2000-ford-excursion-limited-al-mobile)
2026-07-24 11:47:40 | INFO     | copart_automation.app.navigation:navigate_to_page:78 - Successfully navigated to https://www.copart.com/lot/94979675/salvage-2016-nissan-maxima-3-5-s-al-mobile (current URL: https://www.copart.com/lot/94979675/salvage-2016-nissan-maxima-3-5-s-al-mobile)
2026-07-24 11:47:40 | INFO     | copart_automation.app.parser:parse_vehicle_details:93 - Parsing vehicle details from https://www.copart.com/lot/94979675/salvage-2016-nissan-maxima-3-5-s-al-mobile
2026-07-24 11:47:40 | INFO     | copart_automation.app.navigation:navigate_to_page:78 - Successfully navigated to https://www.copart.com/lot/86308835/salvage-2000-ford-excursion-limited-al-mobile (current URL: https://www.copart.com/lot/86308835/salvage-2000-ford-excursion-limited-al-mobile)
2026-07-24 11:47:40 | INFO     | copart_automation.app.parser:parse_vehicle_details:93 - Parsing vehicle details from https://www.copart.com/lot/86308835/salvage-2000-ford-excursion-limited-al-mobile
2026-07-24 11:47:40 | INFO     | copart_automation.app.navigation:navigate_to_page:78 - Successfully navigated to https://www.copart.com/lot/90125625/clean-title-2024-honda-pioneer-utility-vehicle-al-mobile (current URL: https://www.copart.com/lot/90125625/clean-title-2024-honda-pioneer-utility-vehicle-al-mobile)
2026-07-24 11:47:40 | INFO     | copart_automation.app.parser:parse_vehicle_details:93 - Parsing vehicle details from https://www.copart.com/lot/90125625/clean-title-2024-honda-pioneer-utility-vehicle-al-mobile
2026-07-24 11:47:40 | INFO     | copart_automation.app.database:insert_vehicle:237 - Vehicle CPRTUS already exists (id=1); skipped insert.
2026-07-24 11:47:41 | INFO     | copart_automation.app.database:insert_vehicle:237 - Vehicle CPRTUS already exists (id=1); skipped insert.
2026-07-24 11:47:41 | INFO     | copart_automation.app.database:insert_vehicle:237 - Vehicle CPRTUS already exists (id=1); skipped insert.
2026-07-24 11:47:41 | INFO     | copart_automation.app.navigation:navigate_to_page:68 - Navigating to https://www.copart.com/lot/86086665/salvage-2023-toyota-4runner-limited-al-mobile (https://www.copart.com/lot/86086665/salvage-2023-toyota-4runner-limited-al-mobile)
2026-07-24 11:47:41 | INFO     | copart_automation.app.navigation:navigate_to_page:68 - Navigating to https://www.copart.com/lot/85772475/salvage-2020-lincoln-corsair-reserve-al-mobile (https://www.copart.com/lot/85772475/salvage-2020-lincoln-corsair-reserve-al-mobile)
2026-07-24 11:47:41 | INFO     | copart_automation.app.navigation:navigate_to_page:78 - Successfully navigated to https://www.copart.com/lot/92386665/salvage-2019-ram-1500-classic-slt-al-mobile (current URL: https://www.copart.com/lot/92386665/salvage-2019-ram-1500-classic-slt-al-mobile)
2026-07-24 11:47:41 | INFO     | copart_automation.app.parser:parse_vehicle_details:93 - Parsing vehicle details from https://www.copart.com/lot/92386665/salvage-2019-ram-1500-classic-slt-al-mobile
2026-07-24 11:47:42 | INFO     | copart_automation.app.navigation:navigate_to_page:68 - Navigating to https://www.copart.com/lot/85634815/salvage-2013-chevrolet-captiva-ltz-al-mobile (https://www.copart.com/lot/85634815/salvage-2013-chevrolet-captiva-ltz-al-mobile)
2026-07-24 11:47:42 | INFO     | copart_automation.app.database:insert_vehicle:237 - Vehicle CPRTUS already exists (id=1); skipped insert.
2026-07-24 11:47:43 | INFO     | copart_automation.app.navigation:navigate_to_page:68 - Navigating to https://www.copart.com/lot/85629965/salvage-2010-ford-taurus-se-al-mobile (https://www.copart.com/lot/85629965/salvage-2010-ford-taurus-se-al-mobile)
2026-07-24 11:47:45 | INFO     | copart_automation.app.navigation:navigate_to_page:78 - Successfully navigated to https://www.copart.com/lot/85634815/salvage-2013-chevrolet-captiva-ltz-al-mobile (current URL: https://www.copart.com/lot/85634815/salvage-2013-chevrolet-captiva-ltz-al-mobile)
2026-07-24 11:47:45 | INFO     | copart_automation.app.parser:parse_vehicle_details:93 - Parsing vehicle details from https://www.copart.com/lot/85634815/salvage-2013-chevrolet-captiva-ltz-al-mobile
2026-07-24 11:47:45 | INFO     | copart_automation.app.navigation:navigate_to_page:78 - Successfully navigated to https://www.copart.com/lot/85629965/salvage-2010-ford-taurus-se-al-mobile (current URL: https://www.copart.com/lot/85629965/salvage-2010-ford-taurus-se-al-mobile)
2026-07-24 11:47:45 | INFO     | copart_automation.app.parser:parse_vehicle_details:93 - Parsing vehicle details from https://www.copart.com/lot/85629965/salvage-2010-ford-taurus-se-al-mobile
2026-07-24 11:47:46 | INFO     | copart_automation.app.database:insert_vehicle:237 - Vehicle CPRTUS already exists (id=1); skipped insert.
2026-07-24 11:47:47 | INFO     | copart_automation.app.database:insert_vehicle:237 - Vehicle CPRTUS already exists (id=1); skipped insert.
2026-07-24 11:47:47 | INFO     | copart_automation.app.navigation:navigate_to_page:68 - Navigating to https://www.copart.com/lot/85628095/salvage-2008-toyota-sequoia-sr5-al-mobile (https://www.copart.com/lot/85628095/salvage-2008-toyota-sequoia-sr5-al-mobile)
2026-07-24 11:47:47 | INFO     | copart_automation.app.navigation:navigate_to_page:68 - Navigating to https://www.copart.com/lot/85615265/salvage-2018-toyota-camry-se-al-mobile (https://www.copart.com/lot/85615265/salvage-2018-toyota-camry-se-al-mobile)
2026-07-24 11:47:49 | INFO     | copart_automation.app.navigation:navigate_to_page:78 - Successfully navigated to https://www.copart.com/lot/85628095/salvage-2008-toyota-sequoia-sr5-al-mobile (current URL: https://www.copart.com/lot/85628095/salvage-2008-toyota-sequoia-sr5-al-mobile)
2026-07-24 11:47:49 | INFO     | copart_automation.app.parser:parse_vehicle_details:93 - Parsing vehicle details from https://www.copart.com/lot/85628095/salvage-2008-toyota-sequoia-sr5-al-mobile
2026-07-24 11:47:50 | INFO     | copart_automation.app.database:insert_vehicle:237 - Vehicle CPRTUS already exists (id=1); skipped insert.
2026-07-24 11:47:51 | INFO     | copart_automation.app.navigation:navigate_to_page:68 - Navigating to https://www.copart.com/lot/85193364/salvage-2019-chevrolet-silverado-c1500-lt-al-mobile (https://www.copart.com/lot/85193364/salvage-2019-chevrolet-silverado-c1500-lt-al-mobile)
2026-07-24 11:47:53 | INFO     | copart_automation.app.navigation:navigate_to_page:78 - Successfully navigated to https://www.copart.com/lot/85772475/salvage-2020-lincoln-corsair-reserve-al-mobile (current URL: https://www.copart.com/lot/85772475/salvage-2020-lincoln-corsair-reserve-al-mobile)
2026-07-24 11:47:53 | INFO     | copart_automation.app.parser:parse_vehicle_details:93 - Parsing vehicle details from https://www.copart.com/lot/85772475/salvage-2020-lincoln-corsair-reserve-al-mobile
2026-07-24 11:47:53 | INFO     | copart_automation.app.navigation:navigate_to_page:78 - Successfully navigated to https://www.copart.com/lot/86086665/salvage-2023-toyota-4runner-limited-al-mobile (current URL: https://www.copart.com/lot/86086665/salvage-2023-toyota-4runner-limited-al-mobile)
2026-07-24 11:47:53 | INFO     | copart_automation.app.parser:parse_vehicle_details:93 - Parsing vehicle details from https://www.copart.com/lot/86086665/salvage-2023-toyota-4runner-limited-al-mobile
2026-07-24 11:47:54 | ERROR    | copart_automation.app.parser:parse_vehicle_details:100 - Failed to parse vehicle details: 1 validation error for Vehicle
year
  Input should be greater than or equal to 1900 [type=greater_than_equal, input_value=4, input_type=int]
    For further information visit https://errors.pydantic.dev/2.13/v/greater_than_equal
2026-07-24 11:47:54 | INFO     | copart_automation.app.navigation:navigate_to_page:78 - Successfully navigated to https://www.copart.com/lot/94186765/salvage-2016-chrysler-town-&-country-touring-al-mobile (current URL: https://www.copart.com/lot/94186765/salvage-2016-chrysler-town-&-country-touring-al-mobile)
2026-07-24 11:47:54 | INFO     | copart_automation.app.parser:parse_vehicle_details:93 - Parsing vehicle details from https://www.copart.com/lot/94186765/salvage-2016-chrysler-town-&-country-touring-al-mobile
2026-07-24 11:47:54 | WARNING  | __main__:process_lot:130 - Failed to parse lot https://www.copart.com/lot/85772475/salvage-2020-lincoln-corsair-reserve-al-mobile: Duplicate key conflict but existing record not found.
2026-07-24 11:47:54 | INFO     | copart_automation.app.navigation:navigate_to_page:68 - Navigating to https://www.copart.com/lot/79999225/salvage-2025-toyota-prius-xle-al-mobile (https://www.copart.com/lot/79999225/salvage-2025-toyota-prius-xle-al-mobile)
2026-07-24 11:47:54 | WARNING  | __main__:process_lot:130 - Failed to parse lot https://www.copart.com/lot/86086665/salvage-2023-toyota-4runner-limited-al-mobile: Could not parse vehicle details: 1 validation error for Vehicle
year
  Input should be greater than or equal to 1900 [type=greater_than_equal, input_value=4, input_type=int]
    For further information visit https://errors.pydantic.dev/2.13/v/greater_than_equal
2026-07-24 11:47:54 | INFO     | copart_automation.app.navigation:navigate_to_page:68 - Navigating to https://www.copart.com/lot/79884875/2025-hyundai-tucson-hybrid-blue-awd-al-mobile (https://www.copart.com/lot/79884875/2025-hyundai-tucson-hybrid-blue-awd-al-mobile)
2026-07-24 11:47:55 | WARNING  | __main__:process_lot:130 - Failed to parse lot https://www.copart.com/lot/94186765/salvage-2016-chrysler-town-&-country-touring-al-mobile: Duplicate key conflict but existing record not found.
2026-07-24 11:47:55 | INFO     | copart_automation.app.navigation:navigate_to_page:68 - Navigating to https://www.copart.com/lot/79462255/salvage-2017-hyundai-elantra-se-al-mobile (https://www.copart.com/lot/79462255/salvage-2017-hyundai-elantra-se-al-mobile)
2026-07-24 11:47:56 | INFO     | copart_automation.app.navigation:navigate_to_page:78 - Successfully navigated to https://www.copart.com/lot/85615265/salvage-2018-toyota-camry-se-al-mobile (current URL: https://www.copart.com/lot/85615265/salvage-2018-toyota-camry-se-al-mobile)
2026-07-24 11:47:56 | INFO     | copart_automation.app.parser:parse_vehicle_details:93 - Parsing vehicle details from https://www.copart.com/lot/85615265/salvage-2018-toyota-camry-se-al-mobile
2026-07-24 11:47:57 | ERROR    | copart_automation.app.parser:parse_vehicle_details:100 - Failed to parse vehicle details: 1 validation error for Vehicle
year
  Input should be greater than or equal to 1900 [type=greater_than_equal, input_value=4, input_type=int]
    For further information visit https://errors.pydantic.dev/2.13/v/greater_than_equal
2026-07-24 11:47:57 | INFO     | copart_automation.app.navigation:navigate_to_page:78 - Successfully navigated to https://www.copart.com/lot/79999225/salvage-2025-toyota-prius-xle-al-mobile (current URL: https://www.copart.com/lot/79999225/salvage-2025-toyota-prius-xle-al-mobile)
2026-07-24 11:47:57 | INFO     | copart_automation.app.parser:parse_vehicle_details:93 - Parsing vehicle details from https://www.copart.com/lot/79999225/salvage-2025-toyota-prius-xle-al-mobile
2026-07-24 11:47:57 | WARNING  | __main__:process_lot:130 - Failed to parse lot https://www.copart.com/lot/85615265/salvage-2018-toyota-camry-se-al-mobile: Could not parse vehicle details: 1 validation error for Vehicle
year
  Input should be greater than or equal to 1900 [type=greater_than_equal, input_value=4, input_type=int]
    For further information visit https://errors.pydantic.dev/2.13/v/greater_than_equal
2026-07-24 11:47:57 | INFO     | copart_automation.app.navigation:navigate_to_page:68 - Navigating to https://www.copart.com/lot/77713825/salvage-2011-chevrolet-impala-ls-al-mobile (https://www.copart.com/lot/77713825/salvage-2011-chevrolet-impala-ls-al-mobile)
2026-07-24 11:47:59 | INFO     | copart_automation.app.database:insert_vehicle:237 - Vehicle CPRTUS already exists (id=1); skipped insert.
2026-07-24 11:47:59 | INFO     | copart_automation.app.navigation:navigate_to_page:78 - Successfully navigated to https://www.copart.com/lot/79884875/2025-hyundai-tucson-hybrid-blue-awd-al-mobile (current URL: https://www.copart.com/lot/79884875/2025-hyundai-tucson-hybrid-blue-awd-al-mobile)
2026-07-24 11:47:59 | INFO     | copart_automation.app.parser:parse_vehicle_details:93 - Parsing vehicle details from https://www.copart.com/lot/79884875/2025-hyundai-tucson-hybrid-blue-awd-al-mobile
2026-07-24 11:47:59 | INFO     | copart_automation.app.navigation:navigate_to_page:68 - Navigating to https://www.copart.com/lot/76159835/salvage-2013-nissan-maxima-s-al-mobile (https://www.copart.com/lot/76159835/salvage-2013-nissan-maxima-s-al-mobile)
2026-07-24 11:48:00 | INFO     | copart_automation.app.database:insert_vehicle:237 - Vehicle CPRTUS already exists (id=1); skipped insert.
2026-07-24 11:48:00 | INFO     | copart_automation.app.navigation:navigate_to_page:68 - Navigating to https://www.copart.com/lot/75960155/clean-title-2018-audi-s5-premium-plus-al-mobile (https://www.copart.com/lot/75960155/clean-title-2018-audi-s5-premium-plus-al-mobile)
2026-07-24 11:48:00 | INFO     | copart_automation.app.navigation:navigate_to_page:78 - Successfully navigated to https://www.copart.com/lot/77713825/salvage-2011-chevrolet-impala-ls-al-mobile (current URL: https://www.copart.com/lot/77713825/salvage-2011-chevrolet-impala-ls-al-mobile)
2026-07-24 11:48:00 | INFO     | copart_automation.app.parser:parse_vehicle_details:93 - Parsing vehicle details from https://www.copart.com/lot/77713825/salvage-2011-chevrolet-impala-ls-al-mobile
2026-07-24 11:48:01 | INFO     | copart_automation.app.navigation:navigate_to_page:78 - Successfully navigated to https://www.copart.com/lot/85193364/salvage-2019-chevrolet-silverado-c1500-lt-al-mobile (current URL: https://www.copart.com/lot/85193364/salvage-2019-chevrolet-silverado-c1500-lt-al-mobile)
2026-07-24 11:48:01 | INFO     | copart_automation.app.parser:parse_vehicle_details:93 - Parsing vehicle details from https://www.copart.com/lot/85193364/salvage-2019-chevrolet-silverado-c1500-lt-al-mobile
2026-07-24 11:48:01 | INFO     | copart_automation.app.database:insert_vehicle:237 - Vehicle CPRTUS already exists (id=1); skipped insert.
2026-07-24 11:48:02 | INFO     | copart_automation.app.navigation:navigate_to_page:68 - Navigating to https://www.copart.com/lot/71452765/salvage-1995-nissan-truck-exe-al-mobile (https://www.copart.com/lot/71452765/salvage-1995-nissan-truck-exe-al-mobile)
2026-07-24 11:48:02 | INFO     | copart_automation.app.navigation:navigate_to_page:78 - Successfully navigated to https://www.copart.com/lot/76159835/salvage-2013-nissan-maxima-s-al-mobile (current URL: https://www.copart.com/lot/76159835/salvage-2013-nissan-maxima-s-al-mobile)
2026-07-24 11:48:02 | INFO     | copart_automation.app.parser:parse_vehicle_details:93 - Parsing vehicle details from https://www.copart.com/lot/76159835/salvage-2013-nissan-maxima-s-al-mobile
2026-07-24 11:48:02 | INFO     | copart_automation.app.navigation:navigate_to_page:78 - Successfully navigated to https://www.copart.com/lot/75960155/clean-title-2018-audi-s5-premium-plus-al-mobile (current URL: https://www.copart.com/lot/75960155/clean-title-2018-audi-s5-premium-plus-al-mobile)
2026-07-24 11:48:02 | INFO     | copart_automation.app.parser:parse_vehicle_details:93 - Parsing vehicle details from https://www.copart.com/lot/75960155/clean-title-2018-audi-s5-premium-plus-al-mobile
2026-07-24 11:48:02 | WARNING  | __main__:process_lot:130 - Failed to parse lot https://www.copart.com/lot/85193364/salvage-2019-chevrolet-silverado-c1500-lt-al-mobile: Duplicate key conflict but existing record not found.
2026-07-24 11:48:02 | INFO     | copart_automation.app.navigation:navigate_to_page:68 - Navigating to https://www.copart.com/lot/65656665/salvage-2019-nissan-sentra-s-al-mobile (https://www.copart.com/lot/65656665/salvage-2019-nissan-sentra-s-al-mobile)
2026-07-24 11:48:04 | INFO     | copart_automation.app.database:insert_vehicle:237 - Vehicle CPRTUS already exists (id=1); skipped insert.
2026-07-24 11:48:05 | INFO     | copart_automation.app.database:insert_vehicle:237 - Vehicle CPRTUS already exists (id=1); skipped insert.
2026-07-24 11:48:07 | INFO     | copart_automation.app.navigation:navigate_to_page:78 - Successfully navigated to https://www.copart.com/lot/79462255/salvage-2017-hyundai-elantra-se-al-mobile (current URL: https://www.copart.com/lot/79462255/salvage-2017-hyundai-elantra-se-al-mobile)
2026-07-24 11:48:07 | INFO     | copart_automation.app.parser:parse_vehicle_details:93 - Parsing vehicle details from https://www.copart.com/lot/79462255/salvage-2017-hyundai-elantra-se-al-mobile
2026-07-24 11:48:08 | WARNING  | __main__:process_lot:130 - Failed to parse lot https://www.copart.com/lot/79462255/salvage-2017-hyundai-elantra-se-al-mobile: Duplicate key conflict but existing record not found.
2026-07-24 11:48:10 | INFO     | copart_automation.app.navigation:navigate_to_page:78 - Successfully navigated to https://www.copart.com/lot/65656665/salvage-2019-nissan-sentra-s-al-mobile (current URL: https://www.copart.com/lot/65656665/salvage-2019-nissan-sentra-s-al-mobile)
2026-07-24 11:48:10 | INFO     | copart_automation.app.parser:parse_vehicle_details:93 - Parsing vehicle details from https://www.copart.com/lot/65656665/salvage-2019-nissan-sentra-s-al-mobile
2026-07-24 11:48:10 | WARNING  | __main__:process_lot:130 - Failed to parse lot https://www.copart.com/lot/65656665/salvage-2019-nissan-sentra-s-al-mobile: Duplicate key conflict but existing record not found.
2026-07-24 11:48:11 | INFO     | copart_automation.app.navigation:navigate_to_page:78 - Successfully navigated to https://www.copart.com/lot/71452765/salvage-1995-nissan-truck-exe-al-mobile (current URL: https://www.copart.com/lot/71452765/salvage-1995-nissan-truck-exe-al-mobile)
2026-07-24 11:48:11 | INFO     | copart_automation.app.parser:parse_vehicle_details:93 - Parsing vehicle details from https://www.copart.com/lot/71452765/salvage-1995-nissan-truck-exe-al-mobile
2026-07-24 11:48:11 | ERROR    | copart_automation.app.parser:parse_vehicle_details:100 - Failed to parse vehicle details: 1 validation error for Vehicle
year
  Input should be greater than or equal to 1900 [type=greater_than_equal, input_value=1, input_type=int]
    For further information visit https://errors.pydantic.dev/2.13/v/greater_than_equal
2026-07-24 11:48:11 | WARNING  | __main__:process_lot:130 - Failed to parse lot https://www.copart.com/lot/71452765/salvage-1995-nissan-truck-exe-al-mobile: Could not parse vehicle details: 1 validation error for Vehicle
year
  Input should be greater than or equal to 1900 [type=greater_than_equal, input_value=1, input_type=int]
    For further information visit https://errors.pydantic.dev/2.13/v/greater_than_equal
2026-07-24 11:48:11 | INFO     | __main__:run_automation_workflow:106 - Opening lots view for auction: AZ - Phoenix CO - Colorado Springs CO - Denver South MT - Billings NM - Albuquerque UT - Ogden -> https://www.copart.com/saleListResult/47/2026-07-27?location=AZ%20-%20Phoenix&saleDate=1785175200000&liveAuction=false&from=&yardNum=47
2026-07-24 11:48:11 | INFO     | copart_automation.app.navigation:navigate_to_page:68 - Navigating to https://www.copart.com/saleListResult/47/2026-07-27?location=AZ%20-%20Phoenix&saleDate=1785175200000&liveAuction=false&from=&yardNum=47 (https://www.copart.com/saleListResult/47/2026-07-27?location=AZ%20-%20Phoenix&saleDate=1785175200000&liveAuction=false&from=&yardNum=47)
2026-07-24 11:48:16 | INFO     | copart_automation.app.navigation:navigate_to_page:78 - Successfully navigated to https://www.copart.com/saleListResult/47/2026-07-27?location=AZ%20-%20Phoenix&saleDate=1785175200000&liveAuction=false&from=&yardNum=47 (current URL: https://www.copart.com/saleListResult/47/2026-07-27?location=AZ%20-%20Phoenix&saleDate=1785175200000&liveAuction=false&from=&yardNum=47&qId=93bd3410-81c3-4071-b86b-85d2afcff631-1784893693462)
2026-07-24 11:48:16 | INFO     | copart_automation.app.parser:parse_lots_list:108 - Parsing lots list from https://www.copart.com/saleListResult/47/2026-07-27?location=AZ%20-%20Phoenix&saleDate=1785175200000&liveAuction=false&from=&yardNum=47&qId=93bd3410-81c3-4071-b86b-85d2afcff631-1784893693462
2026-07-24 11:48:17 | INFO     | copart_automation.app.parser:parse_lots_list:136 - Found 20 lot URLs on page
2026-07-24 11:48:17 | INFO     | __main__:run_automation_workflow:110 - Found 20 lots for auction AZ - Phoenix CO - Colorado Springs CO - Denver South MT - Billings NM - Albuquerque UT - Ogden
2026-07-24 11:48:17 | INFO     | copart_automation.app.navigation:navigate_to_page:68 - Navigating to https://www.copart.com/lot/57397036/clean-title-2008-chevrolet-cobalt-sport-az-phoenix (https://www.copart.com/lot/57397036/clean-title-2008-chevrolet-cobalt-sport-az-phoenix)
2026-07-24 11:48:17 | INFO     | copart_automation.app.navigation:navigate_to_page:68 - Navigating to https://www.copart.com/lot/99435215/salvage-2024-tesla-model-3-az-phoenix (https://www.copart.com/lot/99435215/salvage-2024-tesla-model-3-az-phoenix)
2026-07-24 11:48:17 | INFO     | copart_automation.app.navigation:navigate_to_page:68 - Navigating to https://www.copart.com/lot/98379275/salvage-2018-kia-optima-lx-az-phoenix (https://www.copart.com/lot/98379275/salvage-2018-kia-optima-lx-az-phoenix)
2026-07-24 11:48:17 | INFO     | copart_automation.app.navigation:navigate_to_page:68 - Navigating to https://www.copart.com/lot/98373035/clean-title-2013-bmw-750-lxi-az-phoenix (https://www.copart.com/lot/98373035/clean-title-2013-bmw-750-lxi-az-phoenix)
2026-07-24 11:48:17 | INFO     | copart_automation.app.navigation:navigate_to_page:68 - Navigating to https://www.copart.com/lot/95738495/salvage-2019-lincoln-continental-az-phoenix (https://www.copart.com/lot/95738495/salvage-2019-lincoln-continental-az-phoenix)
2026-07-24 11:48:20 | INFO     | copart_automation.app.navigation:navigate_to_page:78 - Successfully navigated to https://www.copart.com/lot/57397036/clean-title-2008-chevrolet-cobalt-sport-az-phoenix (current URL: https://www.copart.com/lot/57397036/clean-title-2008-chevrolet-cobalt-sport-az-phoenix)
2026-07-24 11:48:20 | INFO     | copart_automation.app.parser:parse_vehicle_details:93 - Parsing vehicle details from https://www.copart.com/lot/57397036/clean-title-2008-chevrolet-cobalt-sport-az-phoenix
2026-07-24 11:48:20 | INFO     | copart_automation.app.navigation:navigate_to_page:78 - Successfully navigated to https://www.copart.com/lot/98373035/clean-title-2013-bmw-750-lxi-az-phoenix (current URL: https://www.copart.com/lot/98373035/clean-title-2013-bmw-750-lxi-az-phoenix)
2026-07-24 11:48:20 | INFO     | copart_automation.app.parser:parse_vehicle_details:93 - Parsing vehicle details from https://www.copart.com/lot/98373035/clean-title-2013-bmw-750-lxi-az-phoenix
2026-07-24 11:48:21 | INFO     | copart_automation.app.database:insert_vehicle:237 - Vehicle CPRTUS already exists (id=1); skipped insert.
2026-07-24 11:48:21 | INFO     | copart_automation.app.navigation:navigate_to_page:78 - Successfully navigated to https://www.copart.com/lot/98379275/salvage-2018-kia-optima-lx-az-phoenix (current URL: https://www.copart.com/lot/98379275/salvage-2018-kia-optima-lx-az-phoenix)
2026-07-24 11:48:21 | INFO     | copart_automation.app.parser:parse_vehicle_details:93 - Parsing vehicle details from https://www.copart.com/lot/98379275/salvage-2018-kia-optima-lx-az-phoenix
2026-07-24 11:48:21 | INFO     | copart_automation.app.navigation:navigate_to_page:78 - Successfully navigated to https://www.copart.com/lot/99435215/salvage-2024-tesla-model-3-az-phoenix (current URL: https://www.copart.com/lot/99435215/salvage-2024-tesla-model-3-az-phoenix)
2026-07-24 11:48:21 | INFO     | copart_automation.app.parser:parse_vehicle_details:93 - Parsing vehicle details from https://www.copart.com/lot/99435215/salvage-2024-tesla-model-3-az-phoenix
2026-07-24 11:48:21 | INFO     | copart_automation.app.database:insert_vehicle:237 - Vehicle CPRTUS already exists (id=1); skipped insert.
2026-07-24 11:48:21 | INFO     | copart_automation.app.navigation:navigate_to_page:78 - Successfully navigated to https://www.copart.com/lot/95738495/salvage-2019-lincoln-continental-az-phoenix (current URL: https://www.copart.com/lot/95738495/salvage-2019-lincoln-continental-az-phoenix)
2026-07-24 11:48:21 | INFO     | copart_automation.app.parser:parse_vehicle_details:93 - Parsing vehicle details from https://www.copart.com/lot/95738495/salvage-2019-lincoln-continental-az-phoenix
2026-07-24 11:48:21 | INFO     | copart_automation.app.navigation:navigate_to_page:68 - Navigating to https://www.copart.com/lot/95704985/clean-title-2006-gmc-new-sierra-c1500-az-phoenix (https://www.copart.com/lot/95704985/clean-title-2006-gmc-new-sierra-c1500-az-phoenix)
2026-07-24 11:48:22 | INFO     | copart_automation.app.database:insert_vehicle:237 - Vehicle CPRTUS already exists (id=1); skipped insert.
2026-07-24 11:48:22 | INFO     | copart_automation.app.database:insert_vehicle:237 - Vehicle CPRTUS already exists (id=1); skipped insert.
2026-07-24 11:48:22 | INFO     | copart_automation.app.navigation:navigate_to_page:68 - Navigating to https://www.copart.com/lot/95220385/salvage-2006-ford-f150-az-phoenix (https://www.copart.com/lot/95220385/salvage-2006-ford-f150-az-phoenix)
2026-07-24 11:48:23 | INFO     | copart_automation.app.database:insert_vehicle:237 - Vehicle CPRTUS already exists (id=1); skipped insert.
2026-07-24 11:48:23 | INFO     | copart_automation.app.navigation:navigate_to_page:68 - Navigating to https://www.copart.com/lot/86188845/clean-title-2023-mitsubishi-eclipse-cross-se-az-phoenix (https://www.copart.com/lot/86188845/clean-title-2023-mitsubishi-eclipse-cross-se-az-phoenix)
2026-07-24 11:48:23 | INFO     | copart_automation.app.navigation:navigate_to_page:68 - Navigating to https://www.copart.com/lot/85988725/salvage-2020-ford-f150-raptor-az-phoenix (https://www.copart.com/lot/85988725/salvage-2020-ford-f150-raptor-az-phoenix)
2026-07-24 11:48:23 | INFO     | copart_automation.app.navigation:navigate_to_page:68 - Navigating to https://www.copart.com/lot/85988075/salvage-2016-chevrolet-malibu-lt-az-phoenix (https://www.copart.com/lot/85988075/salvage-2016-chevrolet-malibu-lt-az-phoenix)
2026-07-24 11:48:25 | INFO     | copart_automation.app.navigation:navigate_to_page:78 - Successfully navigated to https://www.copart.com/lot/95704985/clean-title-2006-gmc-new-sierra-c1500-az-phoenix (current URL: https://www.copart.com/lot/95704985/clean-title-2006-gmc-new-sierra-c1500-az-phoenix)
2026-07-24 11:48:25 | INFO     | copart_automation.app.parser:parse_vehicle_details:93 - Parsing vehicle details from https://www.copart.com/lot/95704985/clean-title-2006-gmc-new-sierra-c1500-az-phoenix
2026-07-24 11:48:26 | INFO     | copart_automation.app.database:insert_vehicle:237 - Vehicle CPRTUS already exists (id=1); skipped insert.
2026-07-24 11:48:26 | INFO     | copart_automation.app.navigation:navigate_to_page:78 - Successfully navigated to https://www.copart.com/lot/95220385/salvage-2006-ford-f150-az-phoenix (current URL: https://www.copart.com/lot/95220385/salvage-2006-ford-f150-az-phoenix)
2026-07-24 11:48:26 | INFO     | copart_automation.app.parser:parse_vehicle_details:93 - Parsing vehicle details from https://www.copart.com/lot/95220385/salvage-2006-ford-f150-az-phoenix
2026-07-24 11:48:26 | INFO     | copart_automation.app.navigation:navigate_to_page:68 - Navigating to https://www.copart.com/lot/85983185/salvage-2023-kia-forte-gt-line-az-phoenix (https://www.copart.com/lot/85983185/salvage-2023-kia-forte-gt-line-az-phoenix)
2026-07-24 11:48:27 | INFO     | copart_automation.app.database:insert_vehicle:237 - Vehicle CPRTUS already exists (id=1); skipped insert.
2026-07-24 11:48:27 | INFO     | copart_automation.app.navigation:navigate_to_page:78 - Successfully navigated to https://www.copart.com/lot/86188845/clean-title-2023-mitsubishi-eclipse-cross-se-az-phoenix (current URL: https://www.copart.com/lot/86188845/clean-title-2023-mitsubishi-eclipse-cross-se-az-phoenix)
2026-07-24 11:48:27 | INFO     | copart_automation.app.parser:parse_vehicle_details:93 - Parsing vehicle details from https://www.copart.com/lot/86188845/clean-title-2023-mitsubishi-eclipse-cross-se-az-phoenix
2026-07-24 11:48:27 | INFO     | copart_automation.app.navigation:navigate_to_page:78 - Successfully navigated to https://www.copart.com/lot/85988075/salvage-2016-chevrolet-malibu-lt-az-phoenix (current URL: https://www.copart.com/lot/85988075/salvage-2016-chevrolet-malibu-lt-az-phoenix)
2026-07-24 11:48:27 | INFO     | copart_automation.app.parser:parse_vehicle_details:93 - Parsing vehicle details from https://www.copart.com/lot/85988075/salvage-2016-chevrolet-malibu-lt-az-phoenix
2026-07-24 11:48:27 | INFO     | copart_automation.app.navigation:navigate_to_page:78 - Successfully navigated to https://www.copart.com/lot/85988725/salvage-2020-ford-f150-raptor-az-phoenix (current URL: https://www.copart.com/lot/85988725/salvage-2020-ford-f150-raptor-az-phoenix)
2026-07-24 11:48:27 | INFO     | copart_automation.app.parser:parse_vehicle_details:93 - Parsing vehicle details from https://www.copart.com/lot/85988725/salvage-2020-ford-f150-raptor-az-phoenix
2026-07-24 11:48:27 | INFO     | copart_automation.app.navigation:navigate_to_page:68 - Navigating to https://www.copart.com/lot/85979505/clean-title-2008-ford-f250-super-duty-az-phoenix (https://www.copart.com/lot/85979505/clean-title-2008-ford-f250-super-duty-az-phoenix)
2026-07-24 11:48:28 | INFO     | copart_automation.app.database:insert_vehicle:237 - Vehicle CPRTUS already exists (id=1); skipped insert.
2026-07-24 11:48:28 | INFO     | copart_automation.app.database:insert_vehicle:237 - Vehicle CPRTUS already exists (id=1); skipped insert.
2026-07-24 11:48:29 | INFO     | copart_automation.app.database:insert_vehicle:237 - Vehicle CPRTUS already exists (id=1); skipped insert.
2026-07-24 11:48:29 | INFO     | copart_automation.app.navigation:navigate_to_page:68 - Navigating to https://www.copart.com/lot/85626365/salvage-1999-toyota-camry-le-az-phoenix (https://www.copart.com/lot/85626365/salvage-1999-toyota-camry-le-az-phoenix)
2026-07-24 11:48:29 | INFO     | copart_automation.app.navigation:navigate_to_page:68 - Navigating to https://www.copart.com/lot/85454725/clean-title-2013-ford-f150-supercrew-az-phoenix (https://www.copart.com/lot/85454725/clean-title-2013-ford-f150-supercrew-az-phoenix)
2026-07-24 11:48:29 | INFO     | copart_automation.app.navigation:navigate_to_page:78 - Successfully navigated to https://www.copart.com/lot/85983185/salvage-2023-kia-forte-gt-line-az-phoenix (current URL: https://www.copart.com/lot/85983185/salvage-2023-kia-forte-gt-line-az-phoenix)
2026-07-24 11:48:29 | INFO     | copart_automation.app.parser:parse_vehicle_details:93 - Parsing vehicle details from https://www.copart.com/lot/85983185/salvage-2023-kia-forte-gt-line-az-phoenix
2026-07-24 11:48:29 | INFO     | copart_automation.app.navigation:navigate_to_page:68 - Navigating to https://www.copart.com/lot/85453535/salvage-2003-chevrolet-tahoe-c1500-az-phoenix (https://www.copart.com/lot/85453535/salvage-2003-chevrolet-tahoe-c1500-az-phoenix)
2026-07-24 11:48:30 | INFO     | copart_automation.app.database:insert_vehicle:237 - Vehicle CPRTUS already exists (id=1); skipped insert.
2026-07-24 11:48:30 | INFO     | copart_automation.app.navigation:navigate_to_page:78 - Successfully navigated to https://www.copart.com/lot/85979505/clean-title-2008-ford-f250-super-duty-az-phoenix (current URL: https://www.copart.com/lot/85979505/clean-title-2008-ford-f250-super-duty-az-phoenix)
2026-07-24 11:48:30 | INFO     | copart_automation.app.parser:parse_vehicle_details:93 - Parsing vehicle details from https://www.copart.com/lot/85979505/clean-title-2008-ford-f250-super-duty-az-phoenix
2026-07-24 11:48:30 | INFO     | copart_automation.app.navigation:navigate_to_page:68 - Navigating to https://www.copart.com/lot/85451565/salvage-2025-hyundai-elantra-sel-sport-az-phoenix (https://www.copart.com/lot/85451565/salvage-2025-hyundai-elantra-sel-sport-az-phoenix)
2026-07-24 11:48:32 | INFO     | copart_automation.app.database:insert_vehicle:237 - Vehicle CPRTUS already exists (id=1); skipped insert.
2026-07-24 11:48:32 | INFO     | copart_automation.app.navigation:navigate_to_page:68 - Navigating to https://www.copart.com/lot/84645294/salvage-2021-volkswagen-jetta-s-az-phoenix (https://www.copart.com/lot/84645294/salvage-2021-volkswagen-jetta-s-az-phoenix)
2026-07-24 11:48:34 | INFO     | copart_automation.app.navigation:navigate_to_page:78 - Successfully navigated to https://www.copart.com/lot/85451565/salvage-2025-hyundai-elantra-sel-sport-az-phoenix (current URL: https://www.copart.com/lot/85451565/salvage-2025-hyundai-elantra-sel-sport-az-phoenix)
2026-07-24 11:48:34 | INFO     | copart_automation.app.parser:parse_vehicle_details:93 - Parsing vehicle details from https://www.copart.com/lot/85451565/salvage-2025-hyundai-elantra-sel-sport-az-phoenix
2026-07-24 11:48:35 | INFO     | copart_automation.app.database:insert_vehicle:237 - Vehicle CPRTUS already exists (id=1); skipped insert.
2026-07-24 11:48:35 | INFO     | copart_automation.app.navigation:navigate_to_page:68 - Navigating to https://www.copart.com/lot/79953655/clean-title-2014-nissan-sentra-sl-az-phoenix (https://www.copart.com/lot/79953655/clean-title-2014-nissan-sentra-sl-az-phoenix)
2026-07-24 11:48:35 | INFO     | copart_automation.app.navigation:navigate_to_page:78 - Successfully navigated to https://www.copart.com/lot/84645294/salvage-2021-volkswagen-jetta-s-az-phoenix (current URL: https://www.copart.com/lot/84645294/salvage-2021-volkswagen-jetta-s-az-phoenix)
2026-07-24 11:48:35 | INFO     | copart_automation.app.parser:parse_vehicle_details:93 - Parsing vehicle details from https://www.copart.com/lot/84645294/salvage-2021-volkswagen-jetta-s-az-phoenix
2026-07-24 11:48:37 | INFO     | copart_automation.app.database:insert_vehicle:237 - Vehicle CPRTUS already exists (id=1); skipped insert.
2026-07-24 11:48:37 | INFO     | copart_automation.app.navigation:navigate_to_page:68 - Navigating to https://www.copart.com/lot/79553905/clean-title-2018-kia-sedona-sx-az-phoenix (https://www.copart.com/lot/79553905/clean-title-2018-kia-sedona-sx-az-phoenix)
2026-07-24 11:48:38 | INFO     | copart_automation.app.navigation:navigate_to_page:78 - Successfully navigated to https://www.copart.com/lot/79953655/clean-title-2014-nissan-sentra-sl-az-phoenix (current URL: https://www.copart.com/lot/79953655/clean-title-2014-nissan-sentra-sl-az-phoenix)
2026-07-24 11:48:38 | INFO     | copart_automation.app.parser:parse_vehicle_details:93 - Parsing vehicle details from https://www.copart.com/lot/79953655/clean-title-2014-nissan-sentra-sl-az-phoenix
2026-07-24 11:48:39 | INFO     | copart_automation.app.database:insert_vehicle:237 - Vehicle CPRTUS already exists (id=1); skipped insert.
2026-07-24 11:48:39 | INFO     | copart_automation.app.navigation:navigate_to_page:78 - Successfully navigated to https://www.copart.com/lot/85454725/clean-title-2013-ford-f150-supercrew-az-phoenix (current URL: https://www.copart.com/lot/85454725/clean-title-2013-ford-f150-supercrew-az-phoenix)
2026-07-24 11:48:39 | INFO     | copart_automation.app.parser:parse_vehicle_details:93 - Parsing vehicle details from https://www.copart.com/lot/85454725/clean-title-2013-ford-f150-supercrew-az-phoenix
2026-07-24 11:48:39 | INFO     | copart_automation.app.navigation:navigate_to_page:68 - Navigating to https://www.copart.com/lot/79487835/clean-title-2017-volvo-s90-t5-momentum-az-phoenix (https://www.copart.com/lot/79487835/clean-title-2017-volvo-s90-t5-momentum-az-phoenix)
2026-07-24 11:48:41 | INFO     | copart_automation.app.navigation:navigate_to_page:78 - Successfully navigated to https://www.copart.com/lot/85626365/salvage-1999-toyota-camry-le-az-phoenix (current URL: https://www.copart.com/lot/85626365/salvage-1999-toyota-camry-le-az-phoenix)
2026-07-24 11:48:41 | INFO     | copart_automation.app.parser:parse_vehicle_details:93 - Parsing vehicle details from https://www.copart.com/lot/85626365/salvage-1999-toyota-camry-le-az-phoenix
2026-07-24 11:48:41 | INFO     | copart_automation.app.navigation:navigate_to_page:78 - Successfully navigated to https://www.copart.com/lot/79553905/clean-title-2018-kia-sedona-sx-az-phoenix (current URL: https://www.copart.com/lot/79553905/clean-title-2018-kia-sedona-sx-az-phoenix)
2026-07-24 11:48:41 | INFO     | copart_automation.app.parser:parse_vehicle_details:93 - Parsing vehicle details from https://www.copart.com/lot/79553905/clean-title-2018-kia-sedona-sx-az-phoenix
2026-07-24 11:48:41 | WARNING  | __main__:process_lot:130 - Failed to parse lot https://www.copart.com/lot/85454725/clean-title-2013-ford-f150-supercrew-az-phoenix: Duplicate key conflict but existing record not found.
2026-07-24 11:48:41 | INFO     | copart_automation.app.database:insert_vehicle:237 - Vehicle CPRTUS already exists (id=1); skipped insert.
2026-07-24 11:48:42 | ERROR    | copart_automation.app.parser:parse_vehicle_details:100 - Failed to parse vehicle details: 1 validation error for Vehicle
year
  Input should be greater than or equal to 1900 [type=greater_than_equal, input_value=2, input_type=int]
    For further information visit https://errors.pydantic.dev/2.13/v/greater_than_equal
2026-07-24 11:48:42 | INFO     | copart_automation.app.navigation:navigate_to_page:78 - Successfully navigated to https://www.copart.com/lot/85453535/salvage-2003-chevrolet-tahoe-c1500-az-phoenix (current URL: https://www.copart.com/lot/85453535/salvage-2003-chevrolet-tahoe-c1500-az-phoenix)
2026-07-24 11:48:42 | INFO     | copart_automation.app.parser:parse_vehicle_details:93 - Parsing vehicle details from https://www.copart.com/lot/85453535/salvage-2003-chevrolet-tahoe-c1500-az-phoenix
2026-07-24 11:48:42 | WARNING  | __main__:process_lot:130 - Failed to parse lot https://www.copart.com/lot/85626365/salvage-1999-toyota-camry-le-az-phoenix: Could not parse vehicle details: 1 validation error for Vehicle
year
  Input should be greater than or equal to 1900 [type=greater_than_equal, input_value=2, input_type=int]
    For further information visit https://errors.pydantic.dev/2.13/v/greater_than_equal
2026-07-24 11:48:42 | ERROR    | copart_automation.app.parser:parse_vehicle_details:100 - Failed to parse vehicle details: 1 validation error for Vehicle
year
  Input should be greater than or equal to 1900 [type=greater_than_equal, input_value=1, input_type=int]
    For further information visit https://errors.pydantic.dev/2.13/v/greater_than_equal
2026-07-24 11:48:42 | WARNING  | __main__:process_lot:130 - Failed to parse lot https://www.copart.com/lot/85453535/salvage-2003-chevrolet-tahoe-c1500-az-phoenix: Could not parse vehicle details: 1 validation error for Vehicle
year
  Input should be greater than or equal to 1900 [type=greater_than_equal, input_value=1, input_type=int]
    For further information visit https://errors.pydantic.dev/2.13/v/greater_than_equal
2026-07-24 11:48:45 | INFO     | copart_automation.app.navigation:navigate_to_page:78 - Successfully navigated to https://www.copart.com/lot/79487835/clean-title-2017-volvo-s90-t5-momentum-az-phoenix (current URL: https://www.copart.com/lot/79487835/clean-title-2017-volvo-s90-t5-momentum-az-phoenix)
2026-07-24 11:48:45 | INFO     | copart_automation.app.parser:parse_vehicle_details:93 - Parsing vehicle details from https://www.copart.com/lot/79487835/clean-title-2017-volvo-s90-t5-momentum-az-phoenix
2026-07-24 11:48:46 | WARNING  | __main__:process_lot:130 - Failed to parse lot https://www.copart.com/lot/79487835/clean-title-2017-volvo-s90-t5-momentum-az-phoenix: Duplicate key conflict but existing record not found.
2026-07-24 11:48:46 | INFO     | __main__:run_automation_workflow:106 - Opening lots view for auction: CA - Fresno CA - Los Angeles CA - Martinez CA - Napa CA - San Bernardino CA - So Sacramento CA - Sun Valley ND - Bismarck NV - Las Vegas West OR - Portland North OR - Portland South WA - North Seattle -> https://www.copart.com/saleListResult/4/2026-07-27?location=CA%20-%20Fresno&saleDate=1785178800000&liveAuction=false&from=&yardNum=4
2026-07-24 11:48:46 | INFO     | copart_automation.app.navigation:navigate_to_page:68 - Navigating to https://www.copart.com/saleListResult/4/2026-07-27?location=CA%20-%20Fresno&saleDate=1785178800000&liveAuction=false&from=&yardNum=4 (https://www.copart.com/saleListResult/4/2026-07-27?location=CA%20-%20Fresno&saleDate=1785178800000&liveAuction=false&from=&yardNum=4)
2026-07-24 11:48:56 | INFO     | copart_automation.app.navigation:navigate_to_page:78 - Successfully navigated to https://www.copart.com/saleListResult/4/2026-07-27?location=CA%20-%20Fresno&saleDate=1785178800000&liveAuction=false&from=&yardNum=4 (current URL: https://www.copart.com/saleListResult/4/2026-07-27?location=CA%20-%20Fresno&saleDate=1785178800000&liveAuction=false&from=&yardNum=4&qId=93bd3410-81c3-4071-b86b-85d2afcff631-1784893727934)
2026-07-24 11:48:56 | INFO     | copart_automation.app.parser:parse_lots_list:108 - Parsing lots list from https://www.copart.com/saleListResult/4/2026-07-27?location=CA%20-%20Fresno&saleDate=1785178800000&liveAuction=false&from=&yardNum=4&qId=93bd3410-81c3-4071-b86b-85d2afcff631-1784893727934
2026-07-24 11:48:56 | INFO     | copart_automation.app.parser:parse_lots_list:136 - Found 20 lot URLs on page
2026-07-24 11:48:56 | INFO     | __main__:run_automation_workflow:110 - Found 20 lots for auction CA - Fresno CA - Los Angeles CA - Martinez CA - Napa CA - San Bernardino CA - So Sacramento CA - Sun Valley ND - Bismarck NV - Las Vegas West OR - Portland North OR - Portland South WA - North Seattle
2026-07-24 11:48:56 | INFO     | copart_automation.app.navigation:navigate_to_page:68 - Navigating to https://www.copart.com/lot/92745865/salvage-2024-chevrolet-malibu-lt-ca-fresno (https://www.copart.com/lot/92745865/salvage-2024-chevrolet-malibu-lt-ca-fresno)
2026-07-24 11:48:56 | INFO     | copart_automation.app.navigation:navigate_to_page:68 - Navigating to https://www.copart.com/lot/90738475/2007-toyota-rav4-ca-fresno (https://www.copart.com/lot/90738475/2007-toyota-rav4-ca-fresno)
2026-07-24 11:48:56 | INFO     | copart_automation.app.navigation:navigate_to_page:68 - Navigating to https://www.copart.com/lot/85631185/salvage-2005-lexus-rx-330-ca-fresno (https://www.copart.com/lot/85631185/salvage-2005-lexus-rx-330-ca-fresno)
2026-07-24 11:48:56 | INFO     | copart_automation.app.navigation:navigate_to_page:68 - Navigating to https://www.copart.com/lot/85626295/2025-subaru-forester-premium-ca-fresno (https://www.copart.com/lot/85626295/2025-subaru-forester-premium-ca-fresno)
2026-07-24 11:48:56 | INFO     | copart_automation.app.navigation:navigate_to_page:68 - Navigating to https://www.copart.com/lot/85626085/salvage-2021-toyota-rav4-xle-ca-fresno (https://www.copart.com/lot/85626085/salvage-2021-toyota-rav4-xle-ca-fresno)
2026-07-24 11:48:59 | INFO     | copart_automation.app.navigation:navigate_to_page:78 - Successfully navigated to https://www.copart.com/lot/85631185/salvage-2005-lexus-rx-330-ca-fresno (current URL: https://www.copart.com/lot/85631185/salvage-2005-lexus-rx-330-ca-fresno)
2026-07-24 11:48:59 | INFO     | copart_automation.app.parser:parse_vehicle_details:93 - Parsing vehicle details from https://www.copart.com/lot/85631185/salvage-2005-lexus-rx-330-ca-fresno
2026-07-24 11:48:59 | INFO     | copart_automation.app.navigation:navigate_to_page:78 - Successfully navigated to https://www.copart.com/lot/85626085/salvage-2021-toyota-rav4-xle-ca-fresno (current URL: https://www.copart.com/lot/85626085/salvage-2021-toyota-rav4-xle-ca-fresno)
2026-07-24 11:48:59 | INFO     | copart_automation.app.parser:parse_vehicle_details:93 - Parsing vehicle details from https://www.copart.com/lot/85626085/salvage-2021-toyota-rav4-xle-ca-fresno
2026-07-24 11:48:59 | INFO     | copart_automation.app.navigation:navigate_to_page:78 - Successfully navigated to https://www.copart.com/lot/92745865/salvage-2024-chevrolet-malibu-lt-ca-fresno (current URL: https://www.copart.com/lot/92745865/salvage-2024-chevrolet-malibu-lt-ca-fresno)
2026-07-24 11:48:59 | INFO     | copart_automation.app.parser:parse_vehicle_details:93 - Parsing vehicle details from https://www.copart.com/lot/92745865/salvage-2024-chevrolet-malibu-lt-ca-fresno
2026-07-24 11:49:00 | INFO     | copart_automation.app.database:insert_vehicle:237 - Vehicle CPRTUS already exists (id=1); skipped insert.
2026-07-24 11:49:00 | INFO     | copart_automation.app.navigation:navigate_to_page:78 - Successfully navigated to https://www.copart.com/lot/85626295/2025-subaru-forester-premium-ca-fresno (current URL: https://www.copart.com/lot/85626295/2025-subaru-forester-premium-ca-fresno)
2026-07-24 11:49:00 | INFO     | copart_automation.app.parser:parse_vehicle_details:93 - Parsing vehicle details from https://www.copart.com/lot/85626295/2025-subaru-forester-premium-ca-fresno
2026-07-24 11:49:01 | INFO     | copart_automation.app.database:insert_vehicle:237 - Vehicle CPRTUS already exists (id=1); skipped insert.
2026-07-24 11:49:01 | INFO     | copart_automation.app.navigation:navigate_to_page:78 - Successfully navigated to https://www.copart.com/lot/90738475/2007-toyota-rav4-ca-fresno (current URL: https://www.copart.com/lot/90738475/2007-toyota-rav4-ca-fresno)
2026-07-24 11:49:01 | INFO     | copart_automation.app.parser:parse_vehicle_details:93 - Parsing vehicle details from https://www.copart.com/lot/90738475/2007-toyota-rav4-ca-fresno
2026-07-24 11:49:01 | INFO     | copart_automation.app.database:insert_vehicle:237 - Vehicle CPRTUS already exists (id=1); skipped insert.
2026-07-24 11:49:01 | INFO     | copart_automation.app.navigation:navigate_to_page:68 - Navigating to https://www.copart.com/lot/79236935/salvage-2020-chevrolet-silverado-k1500-lt-ca-fresno (https://www.copart.com/lot/79236935/salvage-2020-chevrolet-silverado-k1500-lt-ca-fresno)
2026-07-24 11:49:01 | INFO     | copart_automation.app.navigation:navigate_to_page:68 - Navigating to https://www.copart.com/lot/79135665/salvage-2005-toyota-camry-le-ca-fresno (https://www.copart.com/lot/79135665/salvage-2005-toyota-camry-le-ca-fresno)
2026-07-24 11:49:01 | INFO     | copart_automation.app.database:insert_vehicle:237 - Vehicle CPRTUS already exists (id=1); skipped insert.
2026-07-24 11:49:02 | INFO     | copart_automation.app.database:insert_vehicle:237 - Vehicle CPRTUS already exists (id=1); skipped insert.
2026-07-24 11:49:02 | INFO     | copart_automation.app.navigation:navigate_to_page:68 - Navigating to https://www.copart.com/lot/77426815/salvage-2023-ram-1500-big-hornlone-star-ca-fresno (https://www.copart.com/lot/77426815/salvage-2023-ram-1500-big-hornlone-star-ca-fresno)
2026-07-24 11:49:02 | INFO     | copart_automation.app.navigation:navigate_to_page:68 - Navigating to https://www.copart.com/lot/77396765/salvage-2009-acura-tl-ca-fresno (https://www.copart.com/lot/77396765/salvage-2009-acura-tl-ca-fresno)
2026-07-24 11:49:02 | INFO     | copart_automation.app.navigation:navigate_to_page:68 - Navigating to https://www.copart.com/lot/77248365/salvage-2011-mazda-6-i-ca-fresno (https://www.copart.com/lot/77248365/salvage-2011-mazda-6-i-ca-fresno)
2026-07-24 11:49:05 | INFO     | copart_automation.app.navigation:navigate_to_page:78 - Successfully navigated to https://www.copart.com/lot/77426815/salvage-2023-ram-1500-big-hornlone-star-ca-fresno (current URL: https://www.copart.com/lot/77426815/salvage-2023-ram-1500-big-hornlone-star-ca-fresno)
2026-07-24 11:49:05 | INFO     | copart_automation.app.parser:parse_vehicle_details:93 - Parsing vehicle details from https://www.copart.com/lot/77426815/salvage-2023-ram-1500-big-hornlone-star-ca-fresno
2026-07-24 11:49:05 | INFO     | copart_automation.app.navigation:navigate_to_page:78 - Successfully navigated to https://www.copart.com/lot/79135665/salvage-2005-toyota-camry-le-ca-fresno (current URL: https://www.copart.com/lot/79135665/salvage-2005-toyota-camry-le-ca-fresno)
2026-07-24 11:49:05 | INFO     | copart_automation.app.parser:parse_vehicle_details:93 - Parsing vehicle details from https://www.copart.com/lot/79135665/salvage-2005-toyota-camry-le-ca-fresno
2026-07-24 11:49:06 | INFO     | copart_automation.app.database:insert_vehicle:237 - Vehicle CPRTUS already exists (id=1); skipped insert.
2026-07-24 11:49:06 | INFO     | copart_automation.app.database:insert_vehicle:237 - Vehicle CPRTUS already exists (id=1); skipped insert.
2026-07-24 11:49:06 | INFO     | copart_automation.app.navigation:navigate_to_page:78 - Successfully navigated to https://www.copart.com/lot/79236935/salvage-2020-chevrolet-silverado-k1500-lt-ca-fresno (current URL: https://www.copart.com/lot/79236935/salvage-2020-chevrolet-silverado-k1500-lt-ca-fresno)
2026-07-24 11:49:06 | INFO     | copart_automation.app.parser:parse_vehicle_details:93 - Parsing vehicle details from https://www.copart.com/lot/79236935/salvage-2020-chevrolet-silverado-k1500-lt-ca-fresno
2026-07-24 11:49:06 | INFO     | copart_automation.app.navigation:navigate_to_page:78 - Successfully navigated to https://www.copart.com/lot/77248365/salvage-2011-mazda-6-i-ca-fresno (current URL: https://www.copart.com/lot/77248365/salvage-2011-mazda-6-i-ca-fresno)
2026-07-24 11:49:06 | INFO     | copart_automation.app.parser:parse_vehicle_details:93 - Parsing vehicle details from https://www.copart.com/lot/77248365/salvage-2011-mazda-6-i-ca-fresno
2026-07-24 11:49:06 | INFO     | copart_automation.app.navigation:navigate_to_page:68 - Navigating to https://www.copart.com/lot/76172705/salvage-2018-volvo-xc90-t6-ca-fresno (https://www.copart.com/lot/76172705/salvage-2018-volvo-xc90-t6-ca-fresno)
2026-07-24 11:49:06 | INFO     | copart_automation.app.navigation:navigate_to_page:78 - Successfully navigated to https://www.copart.com/lot/77396765/salvage-2009-acura-tl-ca-fresno (current URL: https://www.copart.com/lot/77396765/salvage-2009-acura-tl-ca-fresno)
2026-07-24 11:49:06 | INFO     | copart_automation.app.parser:parse_vehicle_details:93 - Parsing vehicle details from https://www.copart.com/lot/77396765/salvage-2009-acura-tl-ca-fresno
2026-07-24 11:49:06 | INFO     | copart_automation.app.navigation:navigate_to_page:68 - Navigating to https://www.copart.com/lot/75490525/salvage-2012-chrysler-300-s-ca-fresno (https://www.copart.com/lot/75490525/salvage-2012-chrysler-300-s-ca-fresno)
2026-07-24 11:49:06 | INFO     | copart_automation.app.database:insert_vehicle:237 - Vehicle CPRTUS already exists (id=1); skipped insert.
2026-07-24 11:49:07 | INFO     | copart_automation.app.database:insert_vehicle:237 - Vehicle CPRTUS already exists (id=1); skipped insert.
2026-07-24 11:49:07 | INFO     | copart_automation.app.database:insert_vehicle:237 - Vehicle CPRTUS already exists (id=1); skipped insert.
2026-07-24 11:49:07 | INFO     | copart_automation.app.navigation:navigate_to_page:68 - Navigating to https://www.copart.com/lot/73805605/salvage-2020-chevrolet-malibu-lt-ca-fresno (https://www.copart.com/lot/73805605/salvage-2020-chevrolet-malibu-lt-ca-fresno)
2026-07-24 11:49:07 | INFO     | copart_automation.app.navigation:navigate_to_page:68 - Navigating to https://www.copart.com/lot/72685985/salvage-2002-chevrolet-tahoe-c1500-ca-fresno (https://www.copart.com/lot/72685985/salvage-2002-chevrolet-tahoe-c1500-ca-fresno)
2026-07-24 11:49:08 | INFO     | copart_automation.app.navigation:navigate_to_page:68 - Navigating to https://www.copart.com/lot/62279526/clean-title-2014-nissan-altima-2-5-s-ca-fresno (https://www.copart.com/lot/62279526/clean-title-2014-nissan-altima-2-5-s-ca-fresno)
2026-07-24 11:49:10 | INFO     | copart_automation.app.navigation:navigate_to_page:78 - Successfully navigated to https://www.copart.com/lot/75490525/salvage-2012-chrysler-300-s-ca-fresno (current URL: https://www.copart.com/lot/75490525/salvage-2012-chrysler-300-s-ca-fresno)
2026-07-24 11:49:10 | INFO     | copart_automation.app.parser:parse_vehicle_details:93 - Parsing vehicle details from https://www.copart.com/lot/75490525/salvage-2012-chrysler-300-s-ca-fresno
2026-07-24 11:49:10 | INFO     | copart_automation.app.navigation:navigate_to_page:78 - Successfully navigated to https://www.copart.com/lot/76172705/salvage-2018-volvo-xc90-t6-ca-fresno (current URL: https://www.copart.com/lot/76172705/salvage-2018-volvo-xc90-t6-ca-fresno)
2026-07-24 11:49:10 | INFO     | copart_automation.app.parser:parse_vehicle_details:93 - Parsing vehicle details from https://www.copart.com/lot/76172705/salvage-2018-volvo-xc90-t6-ca-fresno
2026-07-24 11:49:10 | INFO     | copart_automation.app.navigation:navigate_to_page:78 - Successfully navigated to https://www.copart.com/lot/73805605/salvage-2020-chevrolet-malibu-lt-ca-fresno (current URL: https://www.copart.com/lot/73805605/salvage-2020-chevrolet-malibu-lt-ca-fresno)
2026-07-24 11:49:10 | INFO     | copart_automation.app.parser:parse_vehicle_details:93 - Parsing vehicle details from https://www.copart.com/lot/73805605/salvage-2020-chevrolet-malibu-lt-ca-fresno
2026-07-24 11:49:11 | INFO     | copart_automation.app.database:insert_vehicle:237 - Vehicle CPRTUS already exists (id=1); skipped insert.
2026-07-24 11:49:11 | INFO     | copart_automation.app.database:insert_vehicle:237 - Vehicle CPRTUS already exists (id=1); skipped insert.
2026-07-24 11:49:11 | INFO     | copart_automation.app.navigation:navigate_to_page:78 - Successfully navigated to https://www.copart.com/lot/72685985/salvage-2002-chevrolet-tahoe-c1500-ca-fresno (current URL: https://www.copart.com/lot/72685985/salvage-2002-chevrolet-tahoe-c1500-ca-fresno)
2026-07-24 11:49:11 | INFO     | copart_automation.app.parser:parse_vehicle_details:93 - Parsing vehicle details from https://www.copart.com/lot/72685985/salvage-2002-chevrolet-tahoe-c1500-ca-fresno
2026-07-24 11:49:12 | INFO     | copart_automation.app.database:insert_vehicle:237 - Vehicle CPRTUS already exists (id=1); skipped insert.
2026-07-24 11:49:12 | INFO     | copart_automation.app.navigation:navigate_to_page:68 - Navigating to https://www.copart.com/lot/62259756/salvage-2005-toyota-camry-le-ca-fresno (https://www.copart.com/lot/62259756/salvage-2005-toyota-camry-le-ca-fresno)
2026-07-24 11:49:12 | INFO     | copart_automation.app.navigation:navigate_to_page:78 - Successfully navigated to https://www.copart.com/lot/62279526/clean-title-2014-nissan-altima-2-5-s-ca-fresno (current URL: https://www.copart.com/lot/62279526/clean-title-2014-nissan-altima-2-5-s-ca-fresno)
2026-07-24 11:49:12 | INFO     | copart_automation.app.parser:parse_vehicle_details:93 - Parsing vehicle details from https://www.copart.com/lot/62279526/clean-title-2014-nissan-altima-2-5-s-ca-fresno
2026-07-24 11:49:12 | INFO     | copart_automation.app.navigation:navigate_to_page:68 - Navigating to https://www.copart.com/lot/62251476/clean-title-2004-toyota-4runner-sr5-ca-fresno (https://www.copart.com/lot/62251476/clean-title-2004-toyota-4runner-sr5-ca-fresno)
2026-07-24 11:49:12 | INFO     | copart_automation.app.database:insert_vehicle:237 - Vehicle CPRTUS already exists (id=1); skipped insert.
2026-07-24 11:49:12 | INFO     | copart_automation.app.navigation:navigate_to_page:68 - Navigating to https://www.copart.com/lot/62110696/clean-title-2014-jeep-cherokee-sport-ca-fresno (https://www.copart.com/lot/62110696/clean-title-2014-jeep-cherokee-sport-ca-fresno)
2026-07-24 11:49:13 | INFO     | copart_automation.app.database:insert_vehicle:237 - Vehicle CPRTUS already exists (id=1); skipped insert.
2026-07-24 11:49:13 | INFO     | copart_automation.app.navigation:navigate_to_page:68 - Navigating to https://www.copart.com/lot/62102146/salvage-2019-nissan-versa-sv-ca-fresno (https://www.copart.com/lot/62102146/salvage-2019-nissan-versa-sv-ca-fresno)
2026-07-24 11:49:13 | INFO     | copart_automation.app.navigation:navigate_to_page:68 - Navigating to https://www.copart.com/lot/61973796/salvage-2015-chevrolet-tahoe-k1500-lt-ca-fresno (https://www.copart.com/lot/61973796/salvage-2015-chevrolet-tahoe-k1500-lt-ca-fresno)
2026-07-24 11:49:15 | INFO     | copart_automation.app.navigation:navigate_to_page:78 - Successfully navigated to https://www.copart.com/lot/62251476/clean-title-2004-toyota-4runner-sr5-ca-fresno (current URL: https://www.copart.com/lot/62251476/clean-title-2004-toyota-4runner-sr5-ca-fresno)
2026-07-24 11:49:15 | INFO     | copart_automation.app.parser:parse_vehicle_details:93 - Parsing vehicle details from https://www.copart.com/lot/62251476/clean-title-2004-toyota-4runner-sr5-ca-fresno
2026-07-24 11:49:16 | INFO     | copart_automation.app.database:insert_vehicle:237 - Vehicle CPRTUS already exists (id=1); skipped insert.
2026-07-24 11:49:22 | INFO     | copart_automation.app.navigation:navigate_to_page:78 - Successfully navigated to https://www.copart.com/lot/61973796/salvage-2015-chevrolet-tahoe-k1500-lt-ca-fresno (current URL: https://www.copart.com/lot/61973796/salvage-2015-chevrolet-tahoe-k1500-lt-ca-fresno)
2026-07-24 11:49:22 | INFO     | copart_automation.app.parser:parse_vehicle_details:93 - Parsing vehicle details from https://www.copart.com/lot/61973796/salvage-2015-chevrolet-tahoe-k1500-lt-ca-fresno
2026-07-24 11:49:23 | ERROR    | copart_automation.app.parser:parse_vehicle_details:100 - Failed to parse vehicle details: 1 validation error for Vehicle
year
  Input should be greater than or equal to 1900 [type=greater_than_equal, input_value=1, input_type=int]
    For further information visit https://errors.pydantic.dev/2.13/v/greater_than_equal
2026-07-24 11:49:23 | WARNING  | __main__:process_lot:130 - Failed to parse lot https://www.copart.com/lot/61973796/salvage-2015-chevrolet-tahoe-k1500-lt-ca-fresno: Could not parse vehicle details: 1 validation error for Vehicle
year
  Input should be greater than or equal to 1900 [type=greater_than_equal, input_value=1, input_type=int]
    For further information visit https://errors.pydantic.dev/2.13/v/greater_than_equal
2026-07-24 11:49:23 | INFO     | copart_automation.app.navigation:navigate_to_page:78 - Successfully navigated to https://www.copart.com/lot/62259756/salvage-2005-toyota-camry-le-ca-fresno (current URL: https://www.copart.com/lot/62259756/salvage-2005-toyota-camry-le-ca-fresno)
2026-07-24 11:49:23 | INFO     | copart_automation.app.parser:parse_vehicle_details:93 - Parsing vehicle details from https://www.copart.com/lot/62259756/salvage-2005-toyota-camry-le-ca-fresno
2026-07-24 11:49:23 | INFO     | copart_automation.app.navigation:navigate_to_page:78 - Successfully navigated to https://www.copart.com/lot/62110696/clean-title-2014-jeep-cherokee-sport-ca-fresno (current URL: https://www.copart.com/lot/62110696/clean-title-2014-jeep-cherokee-sport-ca-fresno)
2026-07-24 11:49:23 | INFO     | copart_automation.app.parser:parse_vehicle_details:93 - Parsing vehicle details from https://www.copart.com/lot/62110696/clean-title-2014-jeep-cherokee-sport-ca-fresno
2026-07-24 11:49:24 | ERROR    | copart_automation.app.parser:parse_vehicle_details:100 - Failed to parse vehicle details: 1 validation error for Vehicle
year
  Input should be greater than or equal to 1900 [type=greater_than_equal, input_value=4, input_type=int]
    For further information visit https://errors.pydantic.dev/2.13/v/greater_than_equal
2026-07-24 11:49:24 | ERROR    | copart_automation.app.parser:parse_vehicle_details:100 - Failed to parse vehicle details: 1 validation error for Vehicle
year
  Input should be greater than or equal to 1900 [type=greater_than_equal, input_value=1, input_type=int]
    For further information visit https://errors.pydantic.dev/2.13/v/greater_than_equal
2026-07-24 11:49:24 | INFO     | copart_automation.app.navigation:navigate_to_page:78 - Successfully navigated to https://www.copart.com/lot/62102146/salvage-2019-nissan-versa-sv-ca-fresno (current URL: https://www.copart.com/lot/62102146/salvage-2019-nissan-versa-sv-ca-fresno)
2026-07-24 11:49:24 | INFO     | copart_automation.app.parser:parse_vehicle_details:93 - Parsing vehicle details from https://www.copart.com/lot/62102146/salvage-2019-nissan-versa-sv-ca-fresno
2026-07-24 11:49:24 | WARNING  | __main__:process_lot:130 - Failed to parse lot https://www.copart.com/lot/62259756/salvage-2005-toyota-camry-le-ca-fresno: Could not parse vehicle details: 1 validation error for Vehicle
year
  Input should be greater than or equal to 1900 [type=greater_than_equal, input_value=4, input_type=int]
    For further information visit https://errors.pydantic.dev/2.13/v/greater_than_equal
2026-07-24 11:49:24 | WARNING  | __main__:process_lot:130 - Failed to parse lot https://www.copart.com/lot/62110696/clean-title-2014-jeep-cherokee-sport-ca-fresno: Could not parse vehicle details: 1 validation error for Vehicle
year
  Input should be greater than or equal to 1900 [type=greater_than_equal, input_value=1, input_type=int]
    For further information visit https://errors.pydantic.dev/2.13/v/greater_than_equal
2026-07-24 11:49:24 | ERROR    | copart_automation.app.parser:parse_vehicle_details:100 - Failed to parse vehicle details: 1 validation error for Vehicle
year
  Input should be greater than or equal to 1900 [type=greater_than_equal, input_value=3, input_type=int]
    For further information visit https://errors.pydantic.dev/2.13/v/greater_than_equal
2026-07-24 11:49:24 | WARNING  | __main__:process_lot:130 - Failed to parse lot https://www.copart.com/lot/62102146/salvage-2019-nissan-versa-sv-ca-fresno: Could not parse vehicle details: 1 validation error for Vehicle
year
  Input should be greater than or equal to 1900 [type=greater_than_equal, input_value=3, input_type=int]
    For further information visit https://errors.pydantic.dev/2.13/v/greater_than_equal
2026-07-24 11:49:24 | INFO     | __main__:run_automation_workflow:106 - Opening lots view for auction: HI - Honolulu -> https://www.copart.com/saleListResult/110/2026-07-27?location=HI%20-%20Honolulu&saleDate=1785189600000&liveAuction=false&from=&yardNum=110
2026-07-24 11:49:24 | INFO     | copart_automation.app.navigation:navigate_to_page:68 - Navigating to https://www.copart.com/saleListResult/110/2026-07-27?location=HI%20-%20Honolulu&saleDate=1785189600000&liveAuction=false&from=&yardNum=110 (https://www.copart.com/saleListResult/110/2026-07-27?location=HI%20-%20Honolulu&saleDate=1785189600000&liveAuction=false&from=&yardNum=110)
2026-07-24 11:49:29 | INFO     | copart_automation.app.navigation:navigate_to_page:78 - Successfully navigated to https://www.copart.com/saleListResult/110/2026-07-27?location=HI%20-%20Honolulu&saleDate=1785189600000&liveAuction=false&from=&yardNum=110 (current URL: https://www.copart.com/saleListResult/110/2026-07-27?location=HI%20-%20Honolulu&saleDate=1785189600000&liveAuction=false&from=&yardNum=110&qId=93bd3410-81c3-4071-b86b-85d2afcff631-1784893766101)
2026-07-24 11:49:29 | INFO     | copart_automation.app.parser:parse_lots_list:108 - Parsing lots list from https://www.copart.com/saleListResult/110/2026-07-27?location=HI%20-%20Honolulu&saleDate=1785189600000&liveAuction=false&from=&yardNum=110&qId=93bd3410-81c3-4071-b86b-85d2afcff631-1784893766101
2026-07-24 11:49:29 | INFO     | copart_automation.app.parser:parse_lots_list:136 - Found 20 lot URLs on page
2026-07-24 11:49:29 | INFO     | __main__:run_automation_workflow:110 - Found 20 lots for auction HI - Honolulu
2026-07-24 11:49:29 | INFO     | copart_automation.app.navigation:navigate_to_page:68 - Navigating to https://www.copart.com/lot/52094416/clean-title-2011-honda-pilot-touring-hi-honolulu (https://www.copart.com/lot/52094416/clean-title-2011-honda-pilot-touring-hi-honolulu)
2026-07-24 11:49:29 | INFO     | copart_automation.app.navigation:navigate_to_page:68 - Navigating to https://www.copart.com/lot/50358196/clean-title-2012-nissan-370z-roadster-hi-honolulu (https://www.copart.com/lot/50358196/clean-title-2012-nissan-370z-roadster-hi-honolulu)
2026-07-24 11:49:29 | INFO     | copart_automation.app.navigation:navigate_to_page:68 - Navigating to https://www.copart.com/lot/47563006/clean-title-2021-ford-f150-super-cab-hi-honolulu (https://www.copart.com/lot/47563006/clean-title-2021-ford-f150-super-cab-hi-honolulu)
2026-07-24 11:49:29 | INFO     | copart_automation.app.navigation:navigate_to_page:68 - Navigating to https://www.copart.com/lot/85983165/clean-title-2012-cadillac-srx-luxury-collection-hi-honolulu (https://www.copart.com/lot/85983165/clean-title-2012-cadillac-srx-luxury-collection-hi-honolulu)
2026-07-24 11:49:30 | INFO     | copart_automation.app.navigation:navigate_to_page:68 - Navigating to https://www.copart.com/lot/75314405/clean-title-2007-honda-accord-ex-hi-honolulu (https://www.copart.com/lot/75314405/clean-title-2007-honda-accord-ex-hi-honolulu)
2026-07-24 11:49:32 | INFO     | copart_automation.app.navigation:navigate_to_page:78 - Successfully navigated to https://www.copart.com/lot/52094416/clean-title-2011-honda-pilot-touring-hi-honolulu (current URL: https://www.copart.com/lot/52094416/clean-title-2011-honda-pilot-touring-hi-honolulu)
2026-07-24 11:49:32 | INFO     | copart_automation.app.parser:parse_vehicle_details:93 - Parsing vehicle details from https://www.copart.com/lot/52094416/clean-title-2011-honda-pilot-touring-hi-honolulu
2026-07-24 11:49:33 | INFO     | copart_automation.app.database:insert_vehicle:237 - Vehicle CPRTUS already exists (id=1); skipped insert.
2026-07-24 11:49:33 | INFO     | copart_automation.app.navigation:navigate_to_page:78 - Successfully navigated to https://www.copart.com/lot/47563006/clean-title-2021-ford-f150-super-cab-hi-honolulu (current URL: https://www.copart.com/lot/47563006/clean-title-2021-ford-f150-super-cab-hi-honolulu)
2026-07-24 11:49:33 | INFO     | copart_automation.app.parser:parse_vehicle_details:93 - Parsing vehicle details from https://www.copart.com/lot/47563006/clean-title-2021-ford-f150-super-cab-hi-honolulu
2026-07-24 11:49:33 | INFO     | copart_automation.app.navigation:navigate_to_page:78 - Successfully navigated to https://www.copart.com/lot/50358196/clean-title-2012-nissan-370z-roadster-hi-honolulu (current URL: https://www.copart.com/lot/50358196/clean-title-2012-nissan-370z-roadster-hi-honolulu)
2026-07-24 11:49:33 | INFO     | copart_automation.app.parser:parse_vehicle_details:93 - Parsing vehicle details from https://www.copart.com/lot/50358196/clean-title-2012-nissan-370z-roadster-hi-honolulu
2026-07-24 11:49:33 | INFO     | copart_automation.app.navigation:navigate_to_page:78 - Successfully navigated to https://www.copart.com/lot/75314405/clean-title-2007-honda-accord-ex-hi-honolulu (current URL: https://www.copart.com/lot/75314405/clean-title-2007-honda-accord-ex-hi-honolulu)
2026-07-24 11:49:33 | INFO     | copart_automation.app.parser:parse_vehicle_details:93 - Parsing vehicle details from https://www.copart.com/lot/75314405/clean-title-2007-honda-accord-ex-hi-honolulu
2026-07-24 11:49:34 | INFO     | copart_automation.app.database:insert_vehicle:237 - Vehicle CPRTUS already exists (id=1); skipped insert.
2026-07-24 11:49:34 | INFO     | copart_automation.app.navigation:navigate_to_page:68 - Navigating to https://www.copart.com/lot/61627806/clean-title-2023-ford-mustang-hi-honolulu (https://www.copart.com/lot/61627806/clean-title-2023-ford-mustang-hi-honolulu)
2026-07-24 11:49:35 | INFO     | copart_automation.app.database:insert_vehicle:237 - Vehicle CPRTUS already exists (id=1); skipped insert.
2026-07-24 11:49:35 | INFO     | copart_automation.app.database:insert_vehicle:237 - Vehicle CPRTUS already exists (id=1); skipped insert.
2026-07-24 11:49:35 | INFO     | copart_automation.app.navigation:navigate_to_page:68 - Navigating to https://www.copart.com/lot/61627796/clean-title-2023-ford-mustang-hi-honolulu (https://www.copart.com/lot/61627796/clean-title-2023-ford-mustang-hi-honolulu)
2026-07-24 11:49:35 | INFO     | copart_automation.app.navigation:navigate_to_page:68 - Navigating to https://www.copart.com/lot/61627786/clean-title-2024-ford-mustang-hi-honolulu (https://www.copart.com/lot/61627786/clean-title-2024-ford-mustang-hi-honolulu)
2026-07-24 11:49:36 | INFO     | copart_automation.app.navigation:navigate_to_page:68 - Navigating to https://www.copart.com/lot/61389126/clean-title-2021-nissan-altima-sr-hi-honolulu (https://www.copart.com/lot/61389126/clean-title-2021-nissan-altima-sr-hi-honolulu)
2026-07-24 11:49:38 | INFO     | copart_automation.app.navigation:navigate_to_page:78 - Successfully navigated to https://www.copart.com/lot/61627796/clean-title-2023-ford-mustang-hi-honolulu (current URL: https://www.copart.com/lot/61627796/clean-title-2023-ford-mustang-hi-honolulu)
2026-07-24 11:49:38 | INFO     | copart_automation.app.parser:parse_vehicle_details:93 - Parsing vehicle details from https://www.copart.com/lot/61627796/clean-title-2023-ford-mustang-hi-honolulu
2026-07-24 11:49:39 | INFO     | copart_automation.app.database:insert_vehicle:237 - Vehicle CPRTUS already exists (id=1); skipped insert.
2026-07-24 11:49:39 | INFO     | copart_automation.app.navigation:navigate_to_page:78 - Successfully navigated to https://www.copart.com/lot/61627806/clean-title-2023-ford-mustang-hi-honolulu (current URL: https://www.copart.com/lot/61627806/clean-title-2023-ford-mustang-hi-honolulu)
2026-07-24 11:49:39 | INFO     | copart_automation.app.parser:parse_vehicle_details:93 - Parsing vehicle details from https://www.copart.com/lot/61627806/clean-title-2023-ford-mustang-hi-honolulu
2026-07-24 11:49:40 | INFO     | copart_automation.app.database:insert_vehicle:237 - Vehicle CPRTUS already exists (id=1); skipped insert.
2026-07-24 11:49:40 | INFO     | copart_automation.app.navigation:navigate_to_page:68 - Navigating to https://www.copart.com/lot/60924386/clean-title-2023-nissan-altima-sv-hi-honolulu (https://www.copart.com/lot/60924386/clean-title-2023-nissan-altima-sv-hi-honolulu)
2026-07-24 11:49:40 | INFO     | copart_automation.app.navigation:navigate_to_page:78 - Successfully navigated to https://www.copart.com/lot/61389126/clean-title-2021-nissan-altima-sr-hi-honolulu (current URL: https://www.copart.com/lot/61389126/clean-title-2021-nissan-altima-sr-hi-honolulu)
2026-07-24 11:49:40 | INFO     | copart_automation.app.parser:parse_vehicle_details:93 - Parsing vehicle details from https://www.copart.com/lot/61389126/clean-title-2021-nissan-altima-sr-hi-honolulu
2026-07-24 11:49:41 | INFO     | copart_automation.app.database:insert_vehicle:237 - Vehicle CPRTUS already exists (id=1); skipped insert.
2026-07-24 11:49:41 | INFO     | copart_automation.app.navigation:navigate_to_page:68 - Navigating to https://www.copart.com/lot/60890336/clean-title-2025-kia-k4-lxs-hi-honolulu (https://www.copart.com/lot/60890336/clean-title-2025-kia-k4-lxs-hi-honolulu)
2026-07-24 11:49:41 | INFO     | copart_automation.app.navigation:navigate_to_page:78 - Successfully navigated to https://www.copart.com/lot/85983165/clean-title-2012-cadillac-srx-luxury-collection-hi-honolulu (current URL: https://www.copart.com/lot/85983165/clean-title-2012-cadillac-srx-luxury-collection-hi-honolulu)
2026-07-24 11:49:41 | INFO     | copart_automation.app.parser:parse_vehicle_details:93 - Parsing vehicle details from https://www.copart.com/lot/85983165/clean-title-2012-cadillac-srx-luxury-collection-hi-honolulu
2026-07-24 11:49:41 | INFO     | copart_automation.app.navigation:navigate_to_page:68 - Navigating to https://www.copart.com/lot/60255656/clean-title-2022-tesla-model-3-hi-honolulu (https://www.copart.com/lot/60255656/clean-title-2022-tesla-model-3-hi-honolulu)
2026-07-24 11:49:42 | INFO     | copart_automation.app.navigation:navigate_to_page:78 - Successfully navigated to https://www.copart.com/lot/60924386/clean-title-2023-nissan-altima-sv-hi-honolulu (current URL: https://www.copart.com/lot/60924386/clean-title-2023-nissan-altima-sv-hi-honolulu)
2026-07-24 11:49:42 | INFO     | copart_automation.app.parser:parse_vehicle_details:93 - Parsing vehicle details from https://www.copart.com/lot/60924386/clean-title-2023-nissan-altima-sv-hi-honolulu
2026-07-24 11:49:42 | WARNING  | __main__:process_lot:130 - Failed to parse lot https://www.copart.com/lot/85983165/clean-title-2012-cadillac-srx-luxury-collection-hi-honolulu: Duplicate key conflict but existing record not found.
2026-07-24 11:49:42 | INFO     | copart_automation.app.navigation:navigate_to_page:68 - Navigating to https://www.copart.com/lot/60254986/clean-title-2020-kia-niro-ex-premium-hi-honolulu (https://www.copart.com/lot/60254986/clean-title-2020-kia-niro-ex-premium-hi-honolulu)
2026-07-24 11:49:44 | INFO     | copart_automation.app.database:insert_vehicle:237 - Vehicle CPRTUS already exists (id=1); skipped insert.
2026-07-24 11:49:44 | INFO     | copart_automation.app.navigation:navigate_to_page:68 - Navigating to https://www.copart.com/lot/58315216/clean-title-2016-nissan-altima-2-5-s-hi-honolulu (https://www.copart.com/lot/58315216/clean-title-2016-nissan-altima-2-5-s-hi-honolulu)
2026-07-24 11:49:45 | INFO     | copart_automation.app.navigation:navigate_to_page:78 - Successfully navigated to https://www.copart.com/lot/60255656/clean-title-2022-tesla-model-3-hi-honolulu (current URL: https://www.copart.com/lot/60255656/clean-title-2022-tesla-model-3-hi-honolulu)
2026-07-24 11:49:45 | INFO     | copart_automation.app.parser:parse_vehicle_details:93 - Parsing vehicle details from https://www.copart.com/lot/60255656/clean-title-2022-tesla-model-3-hi-honolulu
2026-07-24 11:49:46 | INFO     | copart_automation.app.database:insert_vehicle:237 - Vehicle CPRTUS already exists (id=1); skipped insert.
2026-07-24 11:49:46 | INFO     | copart_automation.app.navigation:navigate_to_page:78 - Successfully navigated to https://www.copart.com/lot/60254986/clean-title-2020-kia-niro-ex-premium-hi-honolulu (current URL: https://www.copart.com/lot/60254986/clean-title-2020-kia-niro-ex-premium-hi-honolulu)
2026-07-24 11:49:46 | INFO     | copart_automation.app.parser:parse_vehicle_details:93 - Parsing vehicle details from https://www.copart.com/lot/60254986/clean-title-2020-kia-niro-ex-premium-hi-honolulu
2026-07-24 11:49:46 | INFO     | copart_automation.app.navigation:navigate_to_page:68 - Navigating to https://www.copart.com/lot/57901626/clean-title-2024-kia-niro-wind-hi-honolulu (https://www.copart.com/lot/57901626/clean-title-2024-kia-niro-wind-hi-honolulu)
2026-07-24 11:49:47 | INFO     | copart_automation.app.navigation:navigate_to_page:78 - Successfully navigated to https://www.copart.com/lot/58315216/clean-title-2016-nissan-altima-2-5-s-hi-honolulu (current URL: https://www.copart.com/lot/58315216/clean-title-2016-nissan-altima-2-5-s-hi-honolulu)
2026-07-24 11:49:47 | INFO     | copart_automation.app.parser:parse_vehicle_details:93 - Parsing vehicle details from https://www.copart.com/lot/58315216/clean-title-2016-nissan-altima-2-5-s-hi-honolulu
2026-07-24 11:49:47 | INFO     | copart_automation.app.database:insert_vehicle:237 - Vehicle CPRTUS already exists (id=1); skipped insert.
2026-07-24 11:49:48 | INFO     | copart_automation.app.database:insert_vehicle:237 - Vehicle CPRTUS already exists (id=1); skipped insert.
2026-07-24 11:49:48 | INFO     | copart_automation.app.navigation:navigate_to_page:78 - Successfully navigated to https://www.copart.com/lot/61627786/clean-title-2024-ford-mustang-hi-honolulu (current URL: https://www.copart.com/lot/61627786/clean-title-2024-ford-mustang-hi-honolulu)
2026-07-24 11:49:48 | INFO     | copart_automation.app.parser:parse_vehicle_details:93 - Parsing vehicle details from https://www.copart.com/lot/61627786/clean-title-2024-ford-mustang-hi-honolulu
2026-07-24 11:49:48 | INFO     | copart_automation.app.navigation:navigate_to_page:68 - Navigating to https://www.copart.com/lot/54898496/clean-title-2024-nissan-versa-s-hi-honolulu (https://www.copart.com/lot/54898496/clean-title-2024-nissan-versa-s-hi-honolulu)
2026-07-24 11:49:49 | INFO     | copart_automation.app.navigation:navigate_to_page:68 - Navigating to https://www.copart.com/lot/52421996/clean-title-2018-dodge-journey-hi-honolulu (https://www.copart.com/lot/52421996/clean-title-2018-dodge-journey-hi-honolulu)
2026-07-24 11:49:49 | INFO     | copart_automation.app.navigation:navigate_to_page:78 - Successfully navigated to https://www.copart.com/lot/57901626/clean-title-2024-kia-niro-wind-hi-honolulu (current URL: https://www.copart.com/lot/57901626/clean-title-2024-kia-niro-wind-hi-honolulu)
2026-07-24 11:49:49 | INFO     | copart_automation.app.parser:parse_vehicle_details:93 - Parsing vehicle details from https://www.copart.com/lot/57901626/clean-title-2024-kia-niro-wind-hi-honolulu
2026-07-24 11:49:49 | WARNING  | __main__:process_lot:130 - Failed to parse lot https://www.copart.com/lot/61627786/clean-title-2024-ford-mustang-hi-honolulu: Duplicate key conflict but existing record not found.
2026-07-24 11:49:49 | INFO     | copart_automation.app.navigation:navigate_to_page:68 - Navigating to https://www.copart.com/lot/49672546/clean-title-2016-kia-sportage-lx-hi-honolulu (https://www.copart.com/lot/49672546/clean-title-2016-kia-sportage-lx-hi-honolulu)
2026-07-24 11:49:50 | INFO     | copart_automation.app.database:insert_vehicle:237 - Vehicle CPRTUS already exists (id=1); skipped insert.
2026-07-24 11:49:50 | INFO     | copart_automation.app.navigation:navigate_to_page:68 - Navigating to https://www.copart.com/lot/49219156/clean-title-2024-chevrolet-trax-1lt-hi-honolulu (https://www.copart.com/lot/49219156/clean-title-2024-chevrolet-trax-1lt-hi-honolulu)
2026-07-24 11:49:52 | INFO     | copart_automation.app.navigation:navigate_to_page:78 - Successfully navigated to https://www.copart.com/lot/60890336/clean-title-2025-kia-k4-lxs-hi-honolulu (current URL: https://www.copart.com/lot/60890336/clean-title-2025-kia-k4-lxs-hi-honolulu)
2026-07-24 11:49:52 | INFO     | copart_automation.app.parser:parse_vehicle_details:93 - Parsing vehicle details from https://www.copart.com/lot/60890336/clean-title-2025-kia-k4-lxs-hi-honolulu
2026-07-24 11:49:53 | ERROR    | copart_automation.app.parser:parse_vehicle_details:100 - Failed to parse vehicle details: 1 validation error for Vehicle
year
  Input should be greater than or equal to 1900 [type=greater_than_equal, input_value=3, input_type=int]
    For further information visit https://errors.pydantic.dev/2.13/v/greater_than_equal
2026-07-24 11:49:53 | WARNING  | __main__:process_lot:130 - Failed to parse lot https://www.copart.com/lot/60890336/clean-title-2025-kia-k4-lxs-hi-honolulu: Could not parse vehicle details: 1 validation error for Vehicle
year
  Input should be greater than or equal to 1900 [type=greater_than_equal, input_value=3, input_type=int]
    For further information visit https://errors.pydantic.dev/2.13/v/greater_than_equal
2026-07-24 11:49:53 | INFO     | copart_automation.app.navigation:navigate_to_page:68 - Navigating to https://www.copart.com/lot/99560755/salvage-2024-isuzu-npr-hd-box-truck-hi-honolulu (https://www.copart.com/lot/99560755/salvage-2024-isuzu-npr-hd-box-truck-hi-honolulu)
2026-07-24 11:49:53 | INFO     | copart_automation.app.navigation:navigate_to_page:78 - Successfully navigated to https://www.copart.com/lot/49219156/clean-title-2024-chevrolet-trax-1lt-hi-honolulu (current URL: https://www.copart.com/lot/49219156/clean-title-2024-chevrolet-trax-1lt-hi-honolulu)
2026-07-24 11:49:53 | INFO     | copart_automation.app.parser:parse_vehicle_details:93 - Parsing vehicle details from https://www.copart.com/lot/49219156/clean-title-2024-chevrolet-trax-1lt-hi-honolulu
2026-07-24 11:49:54 | INFO     | copart_automation.app.database:insert_vehicle:237 - Vehicle CPRTUS already exists (id=1); skipped insert.
2026-07-24 11:49:58 | INFO     | copart_automation.app.navigation:navigate_to_page:78 - Successfully navigated to https://www.copart.com/lot/54898496/clean-title-2024-nissan-versa-s-hi-honolulu (current URL: https://www.copart.com/lot/54898496/clean-title-2024-nissan-versa-s-hi-honolulu)
2026-07-24 11:49:58 | INFO     | copart_automation.app.parser:parse_vehicle_details:93 - Parsing vehicle details from https://www.copart.com/lot/54898496/clean-title-2024-nissan-versa-s-hi-honolulu
2026-07-24 11:49:59 | ERROR    | copart_automation.app.parser:parse_vehicle_details:100 - Failed to parse vehicle details: 1 validation error for Vehicle
year
  Input should be greater than or equal to 1900 [type=greater_than_equal, input_value=3, input_type=int]
    For further information visit https://errors.pydantic.dev/2.13/v/greater_than_equal
2026-07-24 11:49:59 | INFO     | copart_automation.app.navigation:navigate_to_page:78 - Successfully navigated to https://www.copart.com/lot/49672546/clean-title-2016-kia-sportage-lx-hi-honolulu (current URL: https://www.copart.com/lot/49672546/clean-title-2016-kia-sportage-lx-hi-honolulu)
2026-07-24 11:49:59 | INFO     | copart_automation.app.parser:parse_vehicle_details:93 - Parsing vehicle details from https://www.copart.com/lot/49672546/clean-title-2016-kia-sportage-lx-hi-honolulu
2026-07-24 11:49:59 | WARNING  | __main__:process_lot:130 - Failed to parse lot https://www.copart.com/lot/54898496/clean-title-2024-nissan-versa-s-hi-honolulu: Could not parse vehicle details: 1 validation error for Vehicle
year
  Input should be greater than or equal to 1900 [type=greater_than_equal, input_value=3, input_type=int]
    For further information visit https://errors.pydantic.dev/2.13/v/greater_than_equal
2026-07-24 11:50:00 | ERROR    | copart_automation.app.parser:parse_vehicle_details:100 - Failed to parse vehicle details: 1 validation error for Vehicle
year
  Input should be greater than or equal to 1900 [type=greater_than_equal, input_value=1, input_type=int]
    For further information visit https://errors.pydantic.dev/2.13/v/greater_than_equal
2026-07-24 11:50:00 | WARNING  | __main__:process_lot:130 - Failed to parse lot https://www.copart.com/lot/49672546/clean-title-2016-kia-sportage-lx-hi-honolulu: Could not parse vehicle details: 1 validation error for Vehicle
year
  Input should be greater than or equal to 1900 [type=greater_than_equal, input_value=1, input_type=int]
    For further information visit https://errors.pydantic.dev/2.13/v/greater_than_equal
2026-07-24 11:50:00 | INFO     | copart_automation.app.navigation:navigate_to_page:78 - Successfully navigated to https://www.copart.com/lot/52421996/clean-title-2018-dodge-journey-hi-honolulu (current URL: https://www.copart.com/lot/52421996/clean-title-2018-dodge-journey-hi-honolulu)
2026-07-24 11:50:00 | INFO     | copart_automation.app.parser:parse_vehicle_details:93 - Parsing vehicle details from https://www.copart.com/lot/52421996/clean-title-2018-dodge-journey-hi-honolulu
2026-07-24 11:50:01 | ERROR    | copart_automation.app.parser:parse_vehicle_details:100 - Failed to parse vehicle details: 1 validation error for Vehicle
year
  Input should be greater than or equal to 1900 [type=greater_than_equal, input_value=3, input_type=int]
    For further information visit https://errors.pydantic.dev/2.13/v/greater_than_equal
2026-07-24 11:50:01 | WARNING  | __main__:process_lot:130 - Failed to parse lot https://www.copart.com/lot/52421996/clean-title-2018-dodge-journey-hi-honolulu: Could not parse vehicle details: 1 validation error for Vehicle
year
  Input should be greater than or equal to 1900 [type=greater_than_equal, input_value=3, input_type=int]
    For further information visit https://errors.pydantic.dev/2.13/v/greater_than_equal
2026-07-24 11:50:02 | INFO     | copart_automation.app.navigation:navigate_to_page:78 - Successfully navigated to https://www.copart.com/lot/99560755/salvage-2024-isuzu-npr-hd-box-truck-hi-honolulu (current URL: https://www.copart.com/lot/99560755/salvage-2024-isuzu-npr-hd-box-truck-hi-honolulu)
2026-07-24 11:50:02 | INFO     | copart_automation.app.parser:parse_vehicle_details:93 - Parsing vehicle details from https://www.copart.com/lot/99560755/salvage-2024-isuzu-npr-hd-box-truck-hi-honolulu
2026-07-24 11:50:02 | ERROR    | copart_automation.app.parser:parse_vehicle_details:100 - Failed to parse vehicle details: 1 validation error for Vehicle
year
  Input should be greater than or equal to 1900 [type=greater_than_equal, input_value=54, input_type=int]
    For further information visit https://errors.pydantic.dev/2.13/v/greater_than_equal
2026-07-24 11:50:02 | WARNING  | __main__:process_lot:130 - Failed to parse lot https://www.copart.com/lot/99560755/salvage-2024-isuzu-npr-hd-box-truck-hi-honolulu: Could not parse vehicle details: 1 validation error for Vehicle
year
  Input should be greater than or equal to 1900 [type=greater_than_equal, input_value=54, input_type=int]
    For further information visit https://errors.pydantic.dev/2.13/v/greater_than_equal
2026-07-24 11:50:02 | INFO     | __main__:run_automation_workflow:106 - Opening lots view for auction: FL - Clewiston FL - Orlando North GA - Atlanta East GA - Savannah IN - Fort Wayne KY - Lexington East MD - Baltimore NC - China Grove NC - Lumberton NJ - Trenton NY - Albany NY - Buffalo NY - Long Island NY - Rochester PA - York Haven SC - North Charleston SC - Spartanburg VA - Richmond East VT - Rutland -> https://www.copart.com/saleListResult/366/2026-08-03?location=FL%20-%20Clewiston&saleDate=1785765600000&liveAuction=false&from=&yardNum=366
2026-07-24 11:50:02 | INFO     | copart_automation.app.navigation:navigate_to_page:68 - Navigating to https://www.copart.com/saleListResult/366/2026-08-03?location=FL%20-%20Clewiston&saleDate=1785765600000&liveAuction=false&from=&yardNum=366 (https://www.copart.com/saleListResult/366/2026-08-03?location=FL%20-%20Clewiston&saleDate=1785765600000&liveAuction=false&from=&yardNum=366)
2026-07-24 11:50:07 | INFO     | copart_automation.app.navigation:navigate_to_page:78 - Successfully navigated to https://www.copart.com/saleListResult/366/2026-08-03?location=FL%20-%20Clewiston&saleDate=1785765600000&liveAuction=false&from=&yardNum=366 (current URL: https://www.copart.com/saleListResult/366/2026-08-03?location=FL%20-%20Clewiston&saleDate=1785765600000&liveAuction=false&from=&yardNum=366&qId=93bd3410-81c3-4071-b86b-85d2afcff631-1784893804513)
2026-07-24 11:50:07 | INFO     | copart_automation.app.parser:parse_lots_list:108 - Parsing lots list from https://www.copart.com/saleListResult/366/2026-08-03?location=FL%20-%20Clewiston&saleDate=1785765600000&liveAuction=false&from=&yardNum=366&qId=93bd3410-81c3-4071-b86b-85d2afcff631-1784893804513
2026-07-24 11:50:07 | INFO     | copart_automation.app.parser:parse_lots_list:136 - Found 10 lot URLs on page
2026-07-24 11:50:07 | INFO     | __main__:run_automation_workflow:110 - Found 10 lots for auction FL - Clewiston FL - Orlando North GA - Atlanta East GA - Savannah IN - Fort Wayne KY - Lexington East MD - Baltimore NC - China Grove NC - Lumberton NJ - Trenton NY - Albany NY - Buffalo NY - Long Island NY - Rochester PA - York Haven SC - North Charleston SC - Spartanburg VA - Richmond East VT - Rutland
2026-07-24 11:50:07 | INFO     | copart_automation.app.navigation:navigate_to_page:68 - Navigating to https://www.copart.com/lot/99559825/salvage-2012-nissan-altima-base-fl-clewiston (https://www.copart.com/lot/99559825/salvage-2012-nissan-altima-base-fl-clewiston)
2026-07-24 11:50:07 | INFO     | copart_automation.app.navigation:navigate_to_page:68 - Navigating to https://www.copart.com/lot/78689975/salvage-2017-dodge-charger-r-fl-clewiston (https://www.copart.com/lot/78689975/salvage-2017-dodge-charger-r-fl-clewiston)
2026-07-24 11:50:07 | INFO     | copart_automation.app.navigation:navigate_to_page:68 - Navigating to https://www.copart.com/lot/57048106/salvage-2022-acura-mdx-technology-fl-clewiston (https://www.copart.com/lot/57048106/salvage-2022-acura-mdx-technology-fl-clewiston)
2026-07-24 11:50:08 | INFO     | copart_automation.app.navigation:navigate_to_page:68 - Navigating to https://www.copart.com/lot/54356706/salvage-2020-toyota-camry-le-fl-clewiston (https://www.copart.com/lot/54356706/salvage-2020-toyota-camry-le-fl-clewiston)
2026-07-24 11:50:08 | INFO     | copart_automation.app.navigation:navigate_to_page:68 - Navigating to https://www.copart.com/lot/53833216/2026-kia-k4-lxs-fl-clewiston (https://www.copart.com/lot/53833216/2026-kia-k4-lxs-fl-clewiston)
2026-07-24 11:50:10 | INFO     | copart_automation.app.navigation:navigate_to_page:78 - Successfully navigated to https://www.copart.com/lot/99559825/salvage-2012-nissan-altima-base-fl-clewiston (current URL: https://www.copart.com/lot/99559825/salvage-2012-nissan-altima-base-fl-clewiston)
2026-07-24 11:50:10 | INFO     | copart_automation.app.parser:parse_vehicle_details:93 - Parsing vehicle details from https://www.copart.com/lot/99559825/salvage-2012-nissan-altima-base-fl-clewiston
2026-07-24 11:50:10 | INFO     | copart_automation.app.navigation:navigate_to_page:78 - Successfully navigated to https://www.copart.com/lot/54356706/salvage-2020-toyota-camry-le-fl-clewiston (current URL: https://www.copart.com/lot/54356706/salvage-2020-toyota-camry-le-fl-clewiston)
2026-07-24 11:50:10 | INFO     | copart_automation.app.parser:parse_vehicle_details:93 - Parsing vehicle details from https://www.copart.com/lot/54356706/salvage-2020-toyota-camry-le-fl-clewiston
2026-07-24 11:50:11 | INFO     | copart_automation.app.database:insert_vehicle:237 - Vehicle CPRTUS already exists (id=1); skipped insert.
2026-07-24 11:50:11 | INFO     | copart_automation.app.navigation:navigate_to_page:78 - Successfully navigated to https://www.copart.com/lot/78689975/salvage-2017-dodge-charger-r-fl-clewiston (current URL: https://www.copart.com/lot/78689975/salvage-2017-dodge-charger-r-fl-clewiston)
2026-07-24 11:50:11 | INFO     | copart_automation.app.parser:parse_vehicle_details:93 - Parsing vehicle details from https://www.copart.com/lot/78689975/salvage-2017-dodge-charger-r-fl-clewiston
2026-07-24 11:50:11 | INFO     | copart_automation.app.navigation:navigate_to_page:78 - Successfully navigated to https://www.copart.com/lot/53833216/2026-kia-k4-lxs-fl-clewiston (current URL: https://www.copart.com/lot/53833216/2026-kia-k4-lxs-fl-clewiston)
2026-07-24 11:50:11 | INFO     | copart_automation.app.parser:parse_vehicle_details:93 - Parsing vehicle details from https://www.copart.com/lot/53833216/2026-kia-k4-lxs-fl-clewiston
2026-07-24 11:50:11 | INFO     | copart_automation.app.database:insert_vehicle:237 - Vehicle CPRTUS already exists (id=1); skipped insert.
2026-07-24 11:50:12 | INFO     | copart_automation.app.database:insert_vehicle:237 - Vehicle CPRTUS already exists (id=1); skipped insert.
2026-07-24 11:50:12 | INFO     | copart_automation.app.database:insert_vehicle:237 - Vehicle CPRTUS already exists (id=1); skipped insert.
2026-07-24 11:50:12 | INFO     | copart_automation.app.navigation:navigate_to_page:68 - Navigating to https://www.copart.com/lot/53778336/salvage-2022-jaguar-xf-r-dynamic-se-fl-clewiston (https://www.copart.com/lot/53778336/salvage-2022-jaguar-xf-r-dynamic-se-fl-clewiston)
2026-07-24 11:50:12 | INFO     | copart_automation.app.navigation:navigate_to_page:68 - Navigating to https://www.copart.com/lot/53618366/2024-ram-3500-tradesman-fl-clewiston (https://www.copart.com/lot/53618366/2024-ram-3500-tradesman-fl-clewiston)
2026-07-24 11:50:12 | INFO     | copart_automation.app.navigation:navigate_to_page:68 - Navigating to https://www.copart.com/lot/53321566/salvage-2026-honda-cr-v-lx-fl-clewiston (https://www.copart.com/lot/53321566/salvage-2026-honda-cr-v-lx-fl-clewiston)
2026-07-24 11:50:13 | INFO     | copart_automation.app.navigation:navigate_to_page:68 - Navigating to https://www.copart.com/lot/50665506/salvage-2013-infiniti-m37-x-fl-clewiston (https://www.copart.com/lot/50665506/salvage-2013-infiniti-m37-x-fl-clewiston)
2026-07-24 11:50:16 | INFO     | copart_automation.app.navigation:navigate_to_page:78 - Successfully navigated to https://www.copart.com/lot/53618366/2024-ram-3500-tradesman-fl-clewiston (current URL: https://www.copart.com/lot/53618366/2024-ram-3500-tradesman-fl-clewiston)
2026-07-24 11:50:16 | INFO     | copart_automation.app.parser:parse_vehicle_details:93 - Parsing vehicle details from https://www.copart.com/lot/53618366/2024-ram-3500-tradesman-fl-clewiston
2026-07-24 11:50:17 | INFO     | copart_automation.app.database:insert_vehicle:237 - Vehicle CPRTUS already exists (id=1); skipped insert.
2026-07-24 11:50:17 | INFO     | copart_automation.app.navigation:navigate_to_page:78 - Successfully navigated to https://www.copart.com/lot/50665506/salvage-2013-infiniti-m37-x-fl-clewiston (current URL: https://www.copart.com/lot/50665506/salvage-2013-infiniti-m37-x-fl-clewiston)
2026-07-24 11:50:17 | INFO     | copart_automation.app.parser:parse_vehicle_details:93 - Parsing vehicle details from https://www.copart.com/lot/50665506/salvage-2013-infiniti-m37-x-fl-clewiston
2026-07-24 11:50:17 | INFO     | copart_automation.app.navigation:navigate_to_page:68 - Navigating to https://www.copart.com/lot/49924066/salvage-2017-buick-envision-preferred-fl-clewiston (https://www.copart.com/lot/49924066/salvage-2017-buick-envision-preferred-fl-clewiston)
2026-07-24 11:50:18 | INFO     | copart_automation.app.navigation:navigate_to_page:78 - Successfully navigated to https://www.copart.com/lot/57048106/salvage-2022-acura-mdx-technology-fl-clewiston (current URL: https://www.copart.com/lot/57048106/salvage-2022-acura-mdx-technology-fl-clewiston)
2026-07-24 11:50:18 | INFO     | copart_automation.app.parser:parse_vehicle_details:93 - Parsing vehicle details from https://www.copart.com/lot/57048106/salvage-2022-acura-mdx-technology-fl-clewiston
2026-07-24 11:50:19 | INFO     | copart_automation.app.database:insert_vehicle:237 - Vehicle CPRTUS already exists (id=1); skipped insert.
2026-07-24 11:50:20 | ERROR    | copart_automation.app.parser:parse_vehicle_details:100 - Failed to parse vehicle details: 1 validation error for Vehicle
year
  Input should be greater than or equal to 1900 [type=greater_than_equal, input_value=5, input_type=int]
    For further information visit https://errors.pydantic.dev/2.13/v/greater_than_equal
2026-07-24 11:50:20 | INFO     | copart_automation.app.navigation:navigate_to_page:78 - Successfully navigated to https://www.copart.com/lot/49924066/salvage-2017-buick-envision-preferred-fl-clewiston (current URL: https://www.copart.com/lot/49924066/salvage-2017-buick-envision-preferred-fl-clewiston)
2026-07-24 11:50:20 | INFO     | copart_automation.app.parser:parse_vehicle_details:93 - Parsing vehicle details from https://www.copart.com/lot/49924066/salvage-2017-buick-envision-preferred-fl-clewiston
2026-07-24 11:50:20 | WARNING  | __main__:process_lot:130 - Failed to parse lot https://www.copart.com/lot/57048106/salvage-2022-acura-mdx-technology-fl-clewiston: Could not parse vehicle details: 1 validation error for Vehicle
year
  Input should be greater than or equal to 1900 [type=greater_than_equal, input_value=5, input_type=int]
    For further information visit https://errors.pydantic.dev/2.13/v/greater_than_equal
2026-07-24 11:50:21 | INFO     | copart_automation.app.database:insert_vehicle:237 - Vehicle CPRTUS already exists (id=1); skipped insert.
2026-07-24 11:50:24 | INFO     | copart_automation.app.navigation:navigate_to_page:78 - Successfully navigated to https://www.copart.com/lot/53321566/salvage-2026-honda-cr-v-lx-fl-clewiston (current URL: https://www.copart.com/lot/53321566/salvage-2026-honda-cr-v-lx-fl-clewiston)
2026-07-24 11:50:24 | INFO     | copart_automation.app.parser:parse_vehicle_details:93 - Parsing vehicle details from https://www.copart.com/lot/53321566/salvage-2026-honda-cr-v-lx-fl-clewiston
2026-07-24 11:50:24 | INFO     | copart_automation.app.navigation:navigate_to_page:78 - Successfully navigated to https://www.copart.com/lot/53778336/salvage-2022-jaguar-xf-r-dynamic-se-fl-clewiston (current URL: https://www.copart.com/lot/53778336/salvage-2022-jaguar-xf-r-dynamic-se-fl-clewiston)
2026-07-24 11:50:24 | INFO     | copart_automation.app.parser:parse_vehicle_details:93 - Parsing vehicle details from https://www.copart.com/lot/53778336/salvage-2022-jaguar-xf-r-dynamic-se-fl-clewiston
2026-07-24 11:50:24 | ERROR    | copart_automation.app.parser:parse_vehicle_details:100 - Failed to parse vehicle details: 1 validation error for Vehicle
year
  Input should be greater than or equal to 1900 [type=greater_than_equal, input_value=2, input_type=int]
    For further information visit https://errors.pydantic.dev/2.13/v/greater_than_equal
2026-07-24 11:50:24 | WARNING  | __main__:process_lot:130 - Failed to parse lot https://www.copart.com/lot/53321566/salvage-2026-honda-cr-v-lx-fl-clewiston: Could not parse vehicle details: 1 validation error for Vehicle
year
  Input should be greater than or equal to 1900 [type=greater_than_equal, input_value=2, input_type=int]
    For further information visit https://errors.pydantic.dev/2.13/v/greater_than_equal
2026-07-24 11:50:24 | WARNING  | __main__:process_lot:130 - Failed to parse lot https://www.copart.com/lot/53778336/salvage-2022-jaguar-xf-r-dynamic-se-fl-clewiston: Duplicate key conflict but existing record not found.
2026-07-24 11:50:24 | INFO     | __main__:run_automation_workflow:106 - Opening lots view for auction: Medium Duty Clean Title Sale -> https://www.copart.com/saleListResult/832/2026-08-03?location=Medium%20Duty%20Clean%20Title%20Sale&saleDate=1785772800000&liveAuction=false&from=&yardNum=832
2026-07-24 11:50:24 | INFO     | copart_automation.app.navigation:navigate_to_page:68 - Navigating to https://www.copart.com/saleListResult/832/2026-08-03?location=Medium%20Duty%20Clean%20Title%20Sale&saleDate=1785772800000&liveAuction=false&from=&yardNum=832 (https://www.copart.com/saleListResult/832/2026-08-03?location=Medium%20Duty%20Clean%20Title%20Sale&saleDate=1785772800000&liveAuction=false&from=&yardNum=832)
2026-07-24 11:50:30 | INFO     | copart_automation.app.navigation:navigate_to_page:78 - Successfully navigated to https://www.copart.com/saleListResult/832/2026-08-03?location=Medium%20Duty%20Clean%20Title%20Sale&saleDate=1785772800000&liveAuction=false&from=&yardNum=832 (current URL: https://www.copart.com/saleListResult/832/2026-08-03?location=Medium%20Duty%20Clean%20Title%20Sale&saleDate=1785772800000&liveAuction=false&from=&yardNum=832&qId=93bd3410-81c3-4071-b86b-85d2afcff631-1784893826750)
2026-07-24 11:50:30 | INFO     | copart_automation.app.parser:parse_lots_list:108 - Parsing lots list from https://www.copart.com/saleListResult/832/2026-08-03?location=Medium%20Duty%20Clean%20Title%20Sale&saleDate=1785772800000&liveAuction=false&from=&yardNum=832&qId=93bd3410-81c3-4071-b86b-85d2afcff631-1784893826750
2026-07-24 11:50:30 | INFO     | copart_automation.app.parser:parse_lots_list:136 - Found 12 lot URLs on page
2026-07-24 11:50:30 | INFO     | __main__:run_automation_workflow:110 - Found 12 lots for auction Medium Duty Clean Title Sale
2026-07-24 11:50:30 | INFO     | copart_automation.app.navigation:navigate_to_page:68 - Navigating to https://www.copart.com/lot/62147966/clean-title-2023-freightliner-business-class-m2-box-truck-fl-punta-gorda (https://www.copart.com/lot/62147966/clean-title-2023-freightliner-business-class-m2-box-truck-fl-punta-gorda)
2026-07-24 11:50:30 | INFO     | copart_automation.app.navigation:navigate_to_page:68 - Navigating to https://www.copart.com/lot/62051466/clean-title-2025-ford-transit-t-250-oh-cleveland-west (https://www.copart.com/lot/62051466/clean-title-2025-ford-transit-t-250-oh-cleveland-west)
2026-07-24 11:50:30 | INFO     | copart_automation.app.navigation:navigate_to_page:68 - Navigating to https://www.copart.com/lot/62049676/clean-title-2024-ram-promaster-2500-2500-high-oh-cleveland-west (https://www.copart.com/lot/62049676/clean-title-2024-ram-promaster-2500-2500-high-oh-cleveland-west)
2026-07-24 11:50:30 | INFO     | copart_automation.app.navigation:navigate_to_page:68 - Navigating to https://www.copart.com/lot/61945426/clean-title-2025-chevrolet-express-g3500-lt-fl-punta-gorda (https://www.copart.com/lot/61945426/clean-title-2025-chevrolet-express-g3500-lt-fl-punta-gorda)
2026-07-24 11:50:30 | INFO     | copart_automation.app.navigation:navigate_to_page:68 - Navigating to https://www.copart.com/lot/61675036/clean-title-2025-ram-promaster-2500-2500-high-oh-cleveland-west (https://www.copart.com/lot/61675036/clean-title-2025-ram-promaster-2500-2500-high-oh-cleveland-west)
2026-07-24 11:50:34 | INFO     | copart_automation.app.navigation:navigate_to_page:78 - Successfully navigated to https://www.copart.com/lot/61675036/clean-title-2025-ram-promaster-2500-2500-high-oh-cleveland-west (current URL: https://www.copart.com/lot/61675036/clean-title-2025-ram-promaster-2500-2500-high-oh-cleveland-west)
2026-07-24 11:50:34 | INFO     | copart_automation.app.parser:parse_vehicle_details:93 - Parsing vehicle details from https://www.copart.com/lot/61675036/clean-title-2025-ram-promaster-2500-2500-high-oh-cleveland-west
2026-07-24 11:50:34 | INFO     | copart_automation.app.navigation:navigate_to_page:78 - Successfully navigated to https://www.copart.com/lot/62049676/clean-title-2024-ram-promaster-2500-2500-high-oh-cleveland-west (current URL: https://www.copart.com/lot/62049676/clean-title-2024-ram-promaster-2500-2500-high-oh-cleveland-west)
2026-07-24 11:50:34 | INFO     | copart_automation.app.parser:parse_vehicle_details:93 - Parsing vehicle details from https://www.copart.com/lot/62049676/clean-title-2024-ram-promaster-2500-2500-high-oh-cleveland-west
2026-07-24 11:50:34 | INFO     | copart_automation.app.navigation:navigate_to_page:78 - Successfully navigated to https://www.copart.com/lot/62147966/clean-title-2023-freightliner-business-class-m2-box-truck-fl-punta-gorda (current URL: https://www.copart.com/lot/62147966/clean-title-2023-freightliner-business-class-m2-box-truck-fl-punta-gorda)
2026-07-24 11:50:34 | INFO     | copart_automation.app.parser:parse_vehicle_details:93 - Parsing vehicle details from https://www.copart.com/lot/62147966/clean-title-2023-freightliner-business-class-m2-box-truck-fl-punta-gorda
2026-07-24 11:50:34 | INFO     | copart_automation.app.navigation:navigate_to_page:78 - Successfully navigated to https://www.copart.com/lot/61945426/clean-title-2025-chevrolet-express-g3500-lt-fl-punta-gorda (current URL: https://www.copart.com/lot/61945426/clean-title-2025-chevrolet-express-g3500-lt-fl-punta-gorda)
2026-07-24 11:50:34 | INFO     | copart_automation.app.parser:parse_vehicle_details:93 - Parsing vehicle details from https://www.copart.com/lot/61945426/clean-title-2025-chevrolet-express-g3500-lt-fl-punta-gorda
2026-07-24 11:50:35 | INFO     | copart_automation.app.database:insert_vehicle:237 - Vehicle CPRTUS already exists (id=1); skipped insert.
2026-07-24 11:50:35 | INFO     | copart_automation.app.database:insert_vehicle:237 - Vehicle CPRTUS already exists (id=1); skipped insert.
2026-07-24 11:50:35 | INFO     | copart_automation.app.navigation:navigate_to_page:78 - Successfully navigated to https://www.copart.com/lot/62051466/clean-title-2025-ford-transit-t-250-oh-cleveland-west (current URL: https://www.copart.com/lot/62051466/clean-title-2025-ford-transit-t-250-oh-cleveland-west)
2026-07-24 11:50:35 | INFO     | copart_automation.app.parser:parse_vehicle_details:93 - Parsing vehicle details from https://www.copart.com/lot/62051466/clean-title-2025-ford-transit-t-250-oh-cleveland-west
2026-07-24 11:50:36 | INFO     | copart_automation.app.database:insert_vehicle:237 - Vehicle CPRTUS already exists (id=1); skipped insert.
2026-07-24 11:50:37 | INFO     | copart_automation.app.database:insert_vehicle:237 - Vehicle CPRTUS already exists (id=1); skipped insert.
2026-07-24 11:50:37 | INFO     | copart_automation.app.navigation:navigate_to_page:68 - Navigating to https://www.copart.com/lot/61674796/clean-title-2025-ram-promaster-2500-2500-high-oh-cleveland-west (https://www.copart.com/lot/61674796/clean-title-2025-ram-promaster-2500-2500-high-oh-cleveland-west)
2026-07-24 11:50:37 | INFO     | copart_automation.app.database:insert_vehicle:237 - Vehicle CPRTUS already exists (id=1); skipped insert.
2026-07-24 11:50:37 | INFO     | copart_automation.app.navigation:navigate_to_page:68 - Navigating to https://www.copart.com/lot/60574666/clean-title-2019-nissan-nv-1500-s-de-seaford (https://www.copart.com/lot/60574666/clean-title-2019-nissan-nv-1500-s-de-seaford)
2026-07-24 11:50:37 | INFO     | copart_automation.app.navigation:navigate_to_page:68 - Navigating to https://www.copart.com/lot/62529336/clean-title-2010-ford-econoline-e350-super-duty-cutaway-van-ca-long-beach (https://www.copart.com/lot/62529336/clean-title-2010-ford-econoline-e350-super-duty-cutaway-van-ca-long-beach)
2026-07-24 11:50:37 | INFO     | copart_automation.app.navigation:navigate_to_page:68 - Navigating to https://www.copart.com/lot/62529286/clean-title-2012-ford-econoline-e350-super-duty-cutaway-van-ca-long-beach (https://www.copart.com/lot/62529286/clean-title-2012-ford-econoline-e350-super-duty-cutaway-van-ca-long-beach)
2026-07-24 11:50:37 | INFO     | copart_automation.app.navigation:navigate_to_page:68 - Navigating to https://www.copart.com/lot/61968786/clean-title-2011-dodge-dakota-slt-ca-vallejo (https://www.copart.com/lot/61968786/clean-title-2011-dodge-dakota-slt-ca-vallejo)
2026-07-24 11:50:40 | INFO     | copart_automation.app.navigation:navigate_to_page:78 - Successfully navigated to https://www.copart.com/lot/61674796/clean-title-2025-ram-promaster-2500-2500-high-oh-cleveland-west (current URL: https://www.copart.com/lot/61674796/clean-title-2025-ram-promaster-2500-2500-high-oh-cleveland-west)
2026-07-24 11:50:40 | INFO     | copart_automation.app.parser:parse_vehicle_details:93 - Parsing vehicle details from https://www.copart.com/lot/61674796/clean-title-2025-ram-promaster-2500-2500-high-oh-cleveland-west
2026-07-24 11:50:40 | INFO     | copart_automation.app.navigation:navigate_to_page:78 - Successfully navigated to https://www.copart.com/lot/60574666/clean-title-2019-nissan-nv-1500-s-de-seaford (current URL: https://www.copart.com/lot/60574666/clean-title-2019-nissan-nv-1500-s-de-seaford)
2026-07-24 11:50:40 | INFO     | copart_automation.app.parser:parse_vehicle_details:93 - Parsing vehicle details from https://www.copart.com/lot/60574666/clean-title-2019-nissan-nv-1500-s-de-seaford
2026-07-24 11:50:42 | INFO     | copart_automation.app.database:insert_vehicle:237 - Vehicle CPRTUS already exists (id=1); skipped insert.
2026-07-24 11:50:42 | INFO     | copart_automation.app.database:insert_vehicle:237 - Vehicle CPRTUS already exists (id=1); skipped insert.
2026-07-24 11:50:42 | INFO     | copart_automation.app.navigation:navigate_to_page:68 - Navigating to https://www.copart.com/lot/59073656/clean-title-2019-nissan-nv-3500-hd-sl-tx-el-paso (https://www.copart.com/lot/59073656/clean-title-2019-nissan-nv-3500-hd-sl-tx-el-paso)
2026-07-24 11:50:42 | INFO     | copart_automation.app.navigation:navigate_to_page:68 - Navigating to https://www.copart.com/lot/49638386/clean-title-2014-ford-transit-connect-xlt-ga-cartersville (https://www.copart.com/lot/49638386/clean-title-2014-ford-transit-connect-xlt-ga-cartersville)
2026-07-24 11:50:45 | INFO     | copart_automation.app.navigation:navigate_to_page:78 - Successfully navigated to https://www.copart.com/lot/59073656/clean-title-2019-nissan-nv-3500-hd-sl-tx-el-paso (current URL: https://www.copart.com/lot/59073656/clean-title-2019-nissan-nv-3500-hd-sl-tx-el-paso)
2026-07-24 11:50:45 | INFO     | copart_automation.app.parser:parse_vehicle_details:93 - Parsing vehicle details from https://www.copart.com/lot/59073656/clean-title-2019-nissan-nv-3500-hd-sl-tx-el-paso
2026-07-24 11:50:45 | INFO     | copart_automation.app.navigation:navigate_to_page:78 - Successfully navigated to https://www.copart.com/lot/49638386/clean-title-2014-ford-transit-connect-xlt-ga-cartersville (current URL: https://www.copart.com/lot/49638386/clean-title-2014-ford-transit-connect-xlt-ga-cartersville)
2026-07-24 11:50:45 | INFO     | copart_automation.app.parser:parse_vehicle_details:93 - Parsing vehicle details from https://www.copart.com/lot/49638386/clean-title-2014-ford-transit-connect-xlt-ga-cartersville
2026-07-24 11:50:46 | INFO     | copart_automation.app.database:insert_vehicle:237 - Vehicle CPRTUS already exists (id=1); skipped insert.
2026-07-24 11:50:47 | INFO     | copart_automation.app.database:insert_vehicle:237 - Vehicle CPRTUS already exists (id=1); skipped insert.
2026-07-24 11:50:49 | INFO     | copart_automation.app.navigation:navigate_to_page:78 - Successfully navigated to https://www.copart.com/lot/62529286/clean-title-2012-ford-econoline-e350-super-duty-cutaway-van-ca-long-beach (current URL: https://www.copart.com/lot/62529286/clean-title-2012-ford-econoline-e350-super-duty-cutaway-van-ca-long-beach)
2026-07-24 11:50:49 | INFO     | copart_automation.app.parser:parse_vehicle_details:93 - Parsing vehicle details from https://www.copart.com/lot/62529286/clean-title-2012-ford-econoline-e350-super-duty-cutaway-van-ca-long-beach
2026-07-24 11:50:49 | WARNING  | __main__:process_lot:130 - Failed to parse lot https://www.copart.com/lot/62529286/clean-title-2012-ford-econoline-e350-super-duty-cutaway-van-ca-long-beach: Duplicate key conflict but existing record not found.
2026-07-24 11:50:49 | INFO     | copart_automation.app.navigation:navigate_to_page:78 - Successfully navigated to https://www.copart.com/lot/61968786/clean-title-2011-dodge-dakota-slt-ca-vallejo (current URL: https://www.copart.com/lot/61968786/clean-title-2011-dodge-dakota-slt-ca-vallejo)
2026-07-24 11:50:49 | INFO     | copart_automation.app.parser:parse_vehicle_details:93 - Parsing vehicle details from https://www.copart.com/lot/61968786/clean-title-2011-dodge-dakota-slt-ca-vallejo
2026-07-24 11:50:50 | INFO     | copart_automation.app.navigation:navigate_to_page:78 - Successfully navigated to https://www.copart.com/lot/62529336/clean-title-2010-ford-econoline-e350-super-duty-cutaway-van-ca-long-beach (current URL: https://www.copart.com/lot/62529336/clean-title-2010-ford-econoline-e350-super-duty-cutaway-van-ca-long-beach)
2026-07-24 11:50:50 | INFO     | copart_automation.app.parser:parse_vehicle_details:93 - Parsing vehicle details from https://www.copart.com/lot/62529336/clean-title-2010-ford-econoline-e350-super-duty-cutaway-van-ca-long-beach
2026-07-24 11:50:50 | WARNING  | __main__:process_lot:130 - Failed to parse lot https://www.copart.com/lot/61968786/clean-title-2011-dodge-dakota-slt-ca-vallejo: Duplicate key conflict but existing record not found.
2026-07-24 11:50:50 | WARNING  | __main__:process_lot:130 - Failed to parse lot https://www.copart.com/lot/62529336/clean-title-2010-ford-econoline-e350-super-duty-cutaway-van-ca-long-beach: Duplicate key conflict but existing record not found.
2026-07-24 11:50:50 | INFO     | __main__:run_automation_workflow:106 - Opening lots view for auction: AL - Mobile AR - Little Rock IL - Peoria IL - Southern Illinois IN - Dyer LA - Vinton MN - St. Cloud MO - Sikeston TN - Nashville TX - Dallas TX - Houston East TX - Longview TX - Lufkin WI - Milwaukee South -> https://www.copart.com/saleListResult/58/2026-08-03?location=AL%20-%20Mobile&saleDate=1785776400000&liveAuction=false&from=&yardNum=58
2026-07-24 11:50:50 | INFO     | copart_automation.app.navigation:navigate_to_page:68 - Navigating to https://www.copart.com/saleListResult/58/2026-08-03?location=AL%20-%20Mobile&saleDate=1785776400000&liveAuction=false&from=&yardNum=58 (https://www.copart.com/saleListResult/58/2026-08-03?location=AL%20-%20Mobile&saleDate=1785776400000&liveAuction=false&from=&yardNum=58)
2026-07-24 11:50:55 | INFO     | copart_automation.app.navigation:navigate_to_page:78 - Successfully navigated to https://www.copart.com/saleListResult/58/2026-08-03?location=AL%20-%20Mobile&saleDate=1785776400000&liveAuction=false&from=&yardNum=58 (current URL: https://www.copart.com/saleListResult/58/2026-08-03?location=AL%20-%20Mobile&saleDate=1785776400000&liveAuction=false&from=&yardNum=58&qId=93bd3410-81c3-4071-b86b-85d2afcff631-1784893852284)
2026-07-24 11:50:55 | INFO     | copart_automation.app.parser:parse_lots_list:108 - Parsing lots list from https://www.copart.com/saleListResult/58/2026-08-03?location=AL%20-%20Mobile&saleDate=1785776400000&liveAuction=false&from=&yardNum=58&qId=93bd3410-81c3-4071-b86b-85d2afcff631-1784893852284
2026-07-24 11:50:56 | INFO     | copart_automation.app.parser:parse_lots_list:136 - Found 20 lot URLs on page
2026-07-24 11:50:56 | INFO     | __main__:run_automation_workflow:110 - Found 20 lots for auction AL - Mobile AR - Little Rock IL - Peoria IL - Southern Illinois IN - Dyer LA - Vinton MN - St. Cloud MO - Sikeston TN - Nashville TX - Dallas TX - Houston East TX - Longview TX - Lufkin WI - Milwaukee South
2026-07-24 11:50:56 | INFO     | copart_automation.app.navigation:navigate_to_page:68 - Navigating to https://www.copart.com/lot/85962985/salvage-2019-ford-explorer-limited-al-mobile (https://www.copart.com/lot/85962985/salvage-2019-ford-explorer-limited-al-mobile)
2026-07-24 11:50:56 | INFO     | copart_automation.app.navigation:navigate_to_page:68 - Navigating to https://www.copart.com/lot/74770815/salvage-2007-chevrolet-tahoe-c1500-al-mobile (https://www.copart.com/lot/74770815/salvage-2007-chevrolet-tahoe-c1500-al-mobile)
2026-07-24 11:50:56 | INFO     | copart_automation.app.navigation:navigate_to_page:68 - Navigating to https://www.copart.com/lot/73308755/salvage-2015-audi-q7-prestige-al-mobile (https://www.copart.com/lot/73308755/salvage-2015-audi-q7-prestige-al-mobile)
2026-07-24 11:50:56 | INFO     | copart_automation.app.navigation:navigate_to_page:68 - Navigating to https://www.copart.com/lot/61692366/salvage-2014-dodge-charger-se-al-mobile (https://www.copart.com/lot/61692366/salvage-2014-dodge-charger-se-al-mobile)
2026-07-24 11:50:56 | INFO     | copart_automation.app.navigation:navigate_to_page:68 - Navigating to https://www.copart.com/lot/61354816/clean-title-2016-polaris-rzr-1000-xp-utility-vehicle-al-mobile (https://www.copart.com/lot/61354816/clean-title-2016-polaris-rzr-1000-xp-utility-vehicle-al-mobile)
2026-07-24 11:50:59 | INFO     | copart_automation.app.navigation:navigate_to_page:78 - Successfully navigated to https://www.copart.com/lot/74770815/salvage-2007-chevrolet-tahoe-c1500-al-mobile (current URL: https://www.copart.com/lot/74770815/salvage-2007-chevrolet-tahoe-c1500-al-mobile)
2026-07-24 11:50:59 | INFO     | copart_automation.app.parser:parse_vehicle_details:93 - Parsing vehicle details from https://www.copart.com/lot/74770815/salvage-2007-chevrolet-tahoe-c1500-al-mobile
2026-07-24 11:50:59 | INFO     | copart_automation.app.navigation:navigate_to_page:78 - Successfully navigated to https://www.copart.com/lot/73308755/salvage-2015-audi-q7-prestige-al-mobile (current URL: https://www.copart.com/lot/73308755/salvage-2015-audi-q7-prestige-al-mobile)
2026-07-24 11:50:59 | INFO     | copart_automation.app.parser:parse_vehicle_details:93 - Parsing vehicle details from https://www.copart.com/lot/73308755/salvage-2015-audi-q7-prestige-al-mobile
2026-07-24 11:51:00 | INFO     | copart_automation.app.database:insert_vehicle:237 - Vehicle CPRTUS already exists (id=1); skipped insert.
2026-07-24 11:51:00 | INFO     | copart_automation.app.navigation:navigate_to_page:78 - Successfully navigated to https://www.copart.com/lot/61692366/salvage-2014-dodge-charger-se-al-mobile (current URL: https://www.copart.com/lot/61692366/salvage-2014-dodge-charger-se-al-mobile)
2026-07-24 11:51:00 | INFO     | copart_automation.app.parser:parse_vehicle_details:93 - Parsing vehicle details from https://www.copart.com/lot/61692366/salvage-2014-dodge-charger-se-al-mobile
2026-07-24 11:51:00 | INFO     | copart_automation.app.database:insert_vehicle:237 - Vehicle CPRTUS already exists (id=1); skipped insert.
2026-07-24 11:51:01 | INFO     | copart_automation.app.navigation:navigate_to_page:68 - Navigating to https://www.copart.com/lot/59747276/salvage-2011-mercedes-benz-ml-350-al-mobile (https://www.copart.com/lot/59747276/salvage-2011-mercedes-benz-ml-350-al-mobile)
2026-07-24 11:51:01 | INFO     | copart_automation.app.database:insert_vehicle:237 - Vehicle CPRTUS already exists (id=1); skipped insert.
2026-07-24 11:51:01 | INFO     | copart_automation.app.navigation:navigate_to_page:68 - Navigating to https://www.copart.com/lot/59695796/salvage-2010-chevrolet-silverado-c1500-lt-al-mobile (https://www.copart.com/lot/59695796/salvage-2010-chevrolet-silverado-c1500-lt-al-mobile)
2026-07-24 11:51:01 | INFO     | copart_automation.app.navigation:navigate_to_page:68 - Navigating to https://www.copart.com/lot/59647416/salvage-2021-forest-river-chaparral-camper-al-mobile (https://www.copart.com/lot/59647416/salvage-2021-forest-river-chaparral-camper-al-mobile)
2026-07-24 11:51:04 | INFO     | copart_automation.app.navigation:navigate_to_page:78 - Successfully navigated to https://www.copart.com/lot/59695796/salvage-2010-chevrolet-silverado-c1500-lt-al-mobile (current URL: https://www.copart.com/lot/59695796/salvage-2010-chevrolet-silverado-c1500-lt-al-mobile)
2026-07-24 11:51:04 | INFO     | copart_automation.app.parser:parse_vehicle_details:93 - Parsing vehicle details from https://www.copart.com/lot/59695796/salvage-2010-chevrolet-silverado-c1500-lt-al-mobile
2026-07-24 11:51:05 | INFO     | copart_automation.app.navigation:navigate_to_page:78 - Successfully navigated to https://www.copart.com/lot/59647416/salvage-2021-forest-river-chaparral-camper-al-mobile (current URL: https://www.copart.com/lot/59647416/salvage-2021-forest-river-chaparral-camper-al-mobile)
2026-07-24 11:51:05 | INFO     | copart_automation.app.parser:parse_vehicle_details:93 - Parsing vehicle details from https://www.copart.com/lot/59647416/salvage-2021-forest-river-chaparral-camper-al-mobile
2026-07-24 11:51:05 | INFO     | copart_automation.app.database:insert_vehicle:237 - Vehicle CPRTUS already exists (id=1); skipped insert.
2026-07-24 11:51:06 | INFO     | copart_automation.app.database:insert_vehicle:237 - Vehicle CPRTUS already exists (id=1); skipped insert.
2026-07-24 11:51:06 | INFO     | copart_automation.app.navigation:navigate_to_page:68 - Navigating to https://www.copart.com/lot/59385756/salvage-2015-toyota-tundra-trd-pro-al-mobile (https://www.copart.com/lot/59385756/salvage-2015-toyota-tundra-trd-pro-al-mobile)
2026-07-24 11:51:06 | INFO     | copart_automation.app.navigation:navigate_to_page:68 - Navigating to https://www.copart.com/lot/59181786/salvage-2021-honda-ridgeline-rtl-al-mobile (https://www.copart.com/lot/59181786/salvage-2021-honda-ridgeline-rtl-al-mobile)
2026-07-24 11:51:07 | INFO     | copart_automation.app.navigation:navigate_to_page:78 - Successfully navigated to https://www.copart.com/lot/85962985/salvage-2019-ford-explorer-limited-al-mobile (current URL: https://www.copart.com/lot/85962985/salvage-2019-ford-explorer-limited-al-mobile)
2026-07-24 11:51:07 | INFO     | copart_automation.app.parser:parse_vehicle_details:93 - Parsing vehicle details from https://www.copart.com/lot/85962985/salvage-2019-ford-explorer-limited-al-mobile
2026-07-24 11:51:07 | ERROR    | copart_automation.app.parser:parse_vehicle_details:100 - Failed to parse vehicle details: 1 validation error for Vehicle
year
  Input should be greater than or equal to 1900 [type=greater_than_equal, input_value=1, input_type=int]
    For further information visit https://errors.pydantic.dev/2.13/v/greater_than_equal
2026-07-24 11:51:07 | INFO     | copart_automation.app.navigation:navigate_to_page:78 - Successfully navigated to https://www.copart.com/lot/61354816/clean-title-2016-polaris-rzr-1000-xp-utility-vehicle-al-mobile (current URL: https://www.copart.com/lot/61354816/clean-title-2016-polaris-rzr-1000-xp-utility-vehicle-al-mobile)
2026-07-24 11:51:07 | INFO     | copart_automation.app.parser:parse_vehicle_details:93 - Parsing vehicle details from https://www.copart.com/lot/61354816/clean-title-2016-polaris-rzr-1000-xp-utility-vehicle-al-mobile
2026-07-24 11:51:08 | WARNING  | __main__:process_lot:130 - Failed to parse lot https://www.copart.com/lot/85962985/salvage-2019-ford-explorer-limited-al-mobile: Could not parse vehicle details: 1 validation error for Vehicle
year
  Input should be greater than or equal to 1900 [type=greater_than_equal, input_value=1, input_type=int]
    For further information visit https://errors.pydantic.dev/2.13/v/greater_than_equal
2026-07-24 11:51:08 | INFO     | copart_automation.app.navigation:navigate_to_page:68 - Navigating to https://www.copart.com/lot/59109896/salvage-2017-chevrolet-cruze-lt-al-mobile (https://www.copart.com/lot/59109896/salvage-2017-chevrolet-cruze-lt-al-mobile)
2026-07-24 11:51:09 | ERROR    | copart_automation.app.parser:parse_vehicle_details:100 - Failed to parse vehicle details: 1 validation error for Vehicle
year
  Input should be greater than or equal to 1900 [type=greater_than_equal, input_value=3, input_type=int]
    For further information visit https://errors.pydantic.dev/2.13/v/greater_than_equal
2026-07-24 11:51:09 | WARNING  | __main__:process_lot:130 - Failed to parse lot https://www.copart.com/lot/61354816/clean-title-2016-polaris-rzr-1000-xp-utility-vehicle-al-mobile: Could not parse vehicle details: 1 validation error for Vehicle
year
  Input should be greater than or equal to 1900 [type=greater_than_equal, input_value=3, input_type=int]
    For further information visit https://errors.pydantic.dev/2.13/v/greater_than_equal
2026-07-24 11:51:09 | INFO     | copart_automation.app.navigation:navigate_to_page:68 - Navigating to https://www.copart.com/lot/58933586/salvage-2023-toyota-highlander-xle-al-mobile (https://www.copart.com/lot/58933586/salvage-2023-toyota-highlander-xle-al-mobile)
2026-07-24 11:51:09 | INFO     | copart_automation.app.navigation:navigate_to_page:78 - Successfully navigated to https://www.copart.com/lot/59385756/salvage-2015-toyota-tundra-trd-pro-al-mobile (current URL: https://www.copart.com/lot/59385756/salvage-2015-toyota-tundra-trd-pro-al-mobile)
2026-07-24 11:51:09 | INFO     | copart_automation.app.parser:parse_vehicle_details:93 - Parsing vehicle details from https://www.copart.com/lot/59385756/salvage-2015-toyota-tundra-trd-pro-al-mobile
2026-07-24 11:51:10 | INFO     | copart_automation.app.navigation:navigate_to_page:78 - Successfully navigated to https://www.copart.com/lot/59181786/salvage-2021-honda-ridgeline-rtl-al-mobile (current URL: https://www.copart.com/lot/59181786/salvage-2021-honda-ridgeline-rtl-al-mobile)
2026-07-24 11:51:10 | INFO     | copart_automation.app.parser:parse_vehicle_details:93 - Parsing vehicle details from https://www.copart.com/lot/59181786/salvage-2021-honda-ridgeline-rtl-al-mobile
2026-07-24 11:51:10 | INFO     | copart_automation.app.database:insert_vehicle:237 - Vehicle CPRTUS already exists (id=1); skipped insert.
2026-07-24 11:51:11 | INFO     | copart_automation.app.database:insert_vehicle:237 - Vehicle CPRTUS already exists (id=1); skipped insert.
2026-07-24 11:51:11 | INFO     | copart_automation.app.navigation:navigate_to_page:78 - Successfully navigated to https://www.copart.com/lot/59747276/salvage-2011-mercedes-benz-ml-350-al-mobile (current URL: https://www.copart.com/lot/59747276/salvage-2011-mercedes-benz-ml-350-al-mobile)
2026-07-24 11:51:11 | INFO     | copart_automation.app.parser:parse_vehicle_details:93 - Parsing vehicle details from https://www.copart.com/lot/59747276/salvage-2011-mercedes-benz-ml-350-al-mobile
2026-07-24 11:51:11 | INFO     | copart_automation.app.navigation:navigate_to_page:68 - Navigating to https://www.copart.com/lot/58603336/salvage-2023-ford-bronco-sport-badlands-al-mobile (https://www.copart.com/lot/58603336/salvage-2023-ford-bronco-sport-badlands-al-mobile)
2026-07-24 11:51:11 | INFO     | copart_automation.app.navigation:navigate_to_page:68 - Navigating to https://www.copart.com/lot/58493596/salvage-2015-ford-f150-supercrew-al-mobile (https://www.copart.com/lot/58493596/salvage-2015-ford-f150-supercrew-al-mobile)
2026-07-24 11:51:12 | INFO     | copart_automation.app.navigation:navigate_to_page:78 - Successfully navigated to https://www.copart.com/lot/59109896/salvage-2017-chevrolet-cruze-lt-al-mobile (current URL: https://www.copart.com/lot/59109896/salvage-2017-chevrolet-cruze-lt-al-mobile)
2026-07-24 11:51:12 | INFO     | copart_automation.app.parser:parse_vehicle_details:93 - Parsing vehicle details from https://www.copart.com/lot/59109896/salvage-2017-chevrolet-cruze-lt-al-mobile
2026-07-24 11:51:12 | INFO     | copart_automation.app.navigation:navigate_to_page:78 - Successfully navigated to https://www.copart.com/lot/58933586/salvage-2023-toyota-highlander-xle-al-mobile (current URL: https://www.copart.com/lot/58933586/salvage-2023-toyota-highlander-xle-al-mobile)
2026-07-24 11:51:12 | INFO     | copart_automation.app.parser:parse_vehicle_details:93 - Parsing vehicle details from https://www.copart.com/lot/58933586/salvage-2023-toyota-highlander-xle-al-mobile
2026-07-24 11:51:12 | WARNING  | __main__:process_lot:130 - Failed to parse lot https://www.copart.com/lot/59747276/salvage-2011-mercedes-benz-ml-350-al-mobile: Duplicate key conflict but existing record not found.
2026-07-24 11:51:12 | INFO     | copart_automation.app.navigation:navigate_to_page:68 - Navigating to https://www.copart.com/lot/57714886/salvage-2017-ford-fusion-se-al-mobile (https://www.copart.com/lot/57714886/salvage-2017-ford-fusion-se-al-mobile)
2026-07-24 11:51:13 | INFO     | copart_automation.app.database:insert_vehicle:237 - Vehicle CPRTUS already exists (id=1); skipped insert.
2026-07-24 11:51:14 | INFO     | copart_automation.app.database:insert_vehicle:237 - Vehicle CPRTUS already exists (id=1); skipped insert.
2026-07-24 11:51:14 | INFO     | copart_automation.app.navigation:navigate_to_page:68 - Navigating to https://www.copart.com/lot/57694956/salvage-2002-ford-f150-supercrew-al-mobile (https://www.copart.com/lot/57694956/salvage-2002-ford-f150-supercrew-al-mobile)
2026-07-24 11:51:14 | INFO     | copart_automation.app.navigation:navigate_to_page:78 - Successfully navigated to https://www.copart.com/lot/58603336/salvage-2023-ford-bronco-sport-badlands-al-mobile (current URL: https://www.copart.com/lot/58603336/salvage-2023-ford-bronco-sport-badlands-al-mobile)
2026-07-24 11:51:14 | INFO     | copart_automation.app.parser:parse_vehicle_details:93 - Parsing vehicle details from https://www.copart.com/lot/58603336/salvage-2023-ford-bronco-sport-badlands-al-mobile
2026-07-24 11:51:14 | INFO     | copart_automation.app.navigation:navigate_to_page:68 - Navigating to https://www.copart.com/lot/57541726/salvage-2002-jeep-wrangler-tj-x-al-mobile (https://www.copart.com/lot/57541726/salvage-2002-jeep-wrangler-tj-x-al-mobile)
2026-07-24 11:51:15 | INFO     | copart_automation.app.database:insert_vehicle:237 - Vehicle CPRTUS already exists (id=1); skipped insert.
2026-07-24 11:51:15 | INFO     | copart_automation.app.navigation:navigate_to_page:78 - Successfully navigated to https://www.copart.com/lot/58493596/salvage-2015-ford-f150-supercrew-al-mobile (current URL: https://www.copart.com/lot/58493596/salvage-2015-ford-f150-supercrew-al-mobile)
2026-07-24 11:51:15 | INFO     | copart_automation.app.parser:parse_vehicle_details:93 - Parsing vehicle details from https://www.copart.com/lot/58493596/salvage-2015-ford-f150-supercrew-al-mobile
2026-07-24 11:51:15 | INFO     | copart_automation.app.navigation:navigate_to_page:68 - Navigating to https://www.copart.com/lot/57486896/salvage-2026-kia-k5-gt-line-al-mobile (https://www.copart.com/lot/57486896/salvage-2026-kia-k5-gt-line-al-mobile)
2026-07-24 11:51:17 | INFO     | copart_automation.app.database:insert_vehicle:237 - Vehicle CPRTUS already exists (id=1); skipped insert.
2026-07-24 11:51:17 | INFO     | copart_automation.app.navigation:navigate_to_page:78 - Successfully navigated to https://www.copart.com/lot/57541726/salvage-2002-jeep-wrangler-tj-x-al-mobile (current URL: https://www.copart.com/lot/57541726/salvage-2002-jeep-wrangler-tj-x-al-mobile)
2026-07-24 11:51:17 | INFO     | copart_automation.app.parser:parse_vehicle_details:93 - Parsing vehicle details from https://www.copart.com/lot/57541726/salvage-2002-jeep-wrangler-tj-x-al-mobile
2026-07-24 11:51:17 | INFO     | copart_automation.app.navigation:navigate_to_page:78 - Successfully navigated to https://www.copart.com/lot/57714886/salvage-2017-ford-fusion-se-al-mobile (current URL: https://www.copart.com/lot/57714886/salvage-2017-ford-fusion-se-al-mobile)
2026-07-24 11:51:17 | INFO     | copart_automation.app.parser:parse_vehicle_details:93 - Parsing vehicle details from https://www.copart.com/lot/57714886/salvage-2017-ford-fusion-se-al-mobile
2026-07-24 11:51:17 | INFO     | copart_automation.app.navigation:navigate_to_page:78 - Successfully navigated to https://www.copart.com/lot/57694956/salvage-2002-ford-f150-supercrew-al-mobile (current URL: https://www.copart.com/lot/57694956/salvage-2002-ford-f150-supercrew-al-mobile)
2026-07-24 11:51:17 | INFO     | copart_automation.app.parser:parse_vehicle_details:93 - Parsing vehicle details from https://www.copart.com/lot/57694956/salvage-2002-ford-f150-supercrew-al-mobile
2026-07-24 11:51:18 | INFO     | copart_automation.app.database:insert_vehicle:237 - Vehicle CPRTUS already exists (id=1); skipped insert.
2026-07-24 11:51:19 | INFO     | copart_automation.app.database:insert_vehicle:237 - Vehicle CPRTUS already exists (id=1); skipped insert.
2026-07-24 11:51:19 | INFO     | copart_automation.app.navigation:navigate_to_page:68 - Navigating to https://www.copart.com/lot/57412856/2020-ram-1500-big-hornlone-star-al-mobile (https://www.copart.com/lot/57412856/2020-ram-1500-big-hornlone-star-al-mobile)
2026-07-24 11:51:19 | INFO     | copart_automation.app.database:insert_vehicle:237 - Vehicle CPRTUS already exists (id=1); skipped insert.
2026-07-24 11:51:19 | INFO     | copart_automation.app.navigation:navigate_to_page:78 - Successfully navigated to https://www.copart.com/lot/57486896/salvage-2026-kia-k5-gt-line-al-mobile (current URL: https://www.copart.com/lot/57486896/salvage-2026-kia-k5-gt-line-al-mobile)
2026-07-24 11:51:19 | INFO     | copart_automation.app.parser:parse_vehicle_details:93 - Parsing vehicle details from https://www.copart.com/lot/57486896/salvage-2026-kia-k5-gt-line-al-mobile
2026-07-24 11:51:19 | INFO     | copart_automation.app.navigation:navigate_to_page:68 - Navigating to https://www.copart.com/lot/56780536/salvage-2018-nissan-titan-xd-sv-al-mobile (https://www.copart.com/lot/56780536/salvage-2018-nissan-titan-xd-sv-al-mobile)
2026-07-24 11:51:20 | INFO     | copart_automation.app.database:insert_vehicle:237 - Vehicle CPRTUS already exists (id=1); skipped insert.
2026-07-24 11:51:26 | INFO     | copart_automation.app.navigation:navigate_to_page:78 - Successfully navigated to https://www.copart.com/lot/57412856/2020-ram-1500-big-hornlone-star-al-mobile (current URL: https://www.copart.com/lot/57412856/2020-ram-1500-big-hornlone-star-al-mobile)
2026-07-24 11:51:26 | INFO     | copart_automation.app.parser:parse_vehicle_details:93 - Parsing vehicle details from https://www.copart.com/lot/57412856/2020-ram-1500-big-hornlone-star-al-mobile
2026-07-24 11:51:27 | ERROR    | copart_automation.app.parser:parse_vehicle_details:100 - Failed to parse vehicle details: 1 validation error for Vehicle
year
  Input should be greater than or equal to 1900 [type=greater_than_equal, input_value=1, input_type=int]
    For further information visit https://errors.pydantic.dev/2.13/v/greater_than_equal
2026-07-24 11:51:27 | WARNING  | __main__:process_lot:130 - Failed to parse lot https://www.copart.com/lot/57412856/2020-ram-1500-big-hornlone-star-al-mobile: Could not parse vehicle details: 1 validation error for Vehicle
year
  Input should be greater than or equal to 1900 [type=greater_than_equal, input_value=1, input_type=int]
    For further information visit https://errors.pydantic.dev/2.13/v/greater_than_equal
2026-07-24 11:51:27 | INFO     | copart_automation.app.navigation:navigate_to_page:78 - Successfully navigated to https://www.copart.com/lot/56780536/salvage-2018-nissan-titan-xd-sv-al-mobile (current URL: https://www.copart.com/lot/56780536/salvage-2018-nissan-titan-xd-sv-al-mobile)
2026-07-24 11:51:27 | INFO     | copart_automation.app.parser:parse_vehicle_details:93 - Parsing vehicle details from https://www.copart.com/lot/56780536/salvage-2018-nissan-titan-xd-sv-al-mobile
2026-07-24 11:51:27 | ERROR    | copart_automation.app.parser:parse_vehicle_details:100 - Failed to parse vehicle details: 1 validation error for Vehicle
year
  Input should be greater than or equal to 1900 [type=greater_than_equal, input_value=1, input_type=int]
    For further information visit https://errors.pydantic.dev/2.13/v/greater_than_equal
2026-07-24 11:51:27 | WARNING  | __main__:process_lot:130 - Failed to parse lot https://www.copart.com/lot/56780536/salvage-2018-nissan-titan-xd-sv-al-mobile: Could not parse vehicle details: 1 validation error for Vehicle
year
  Input should be greater than or equal to 1900 [type=greater_than_equal, input_value=1, input_type=int]
    For further information visit https://errors.pydantic.dev/2.13/v/greater_than_equal
2026-07-24 11:51:27 | INFO     | __main__:run_automation_workflow:106 - Opening lots view for auction: AZ - Phoenix CO - Denver South -> https://www.copart.com/saleListResult/47/2026-08-03?location=AZ%20-%20Phoenix&saleDate=1785780000000&liveAuction=false&from=&yardNum=47
2026-07-24 11:51:27 | INFO     | copart_automation.app.navigation:navigate_to_page:68 - Navigating to https://www.copart.com/saleListResult/47/2026-08-03?location=AZ%20-%20Phoenix&saleDate=1785780000000&liveAuction=false&from=&yardNum=47 (https://www.copart.com/saleListResult/47/2026-08-03?location=AZ%20-%20Phoenix&saleDate=1785780000000&liveAuction=false&from=&yardNum=47)
2026-07-24 11:51:32 | INFO     | copart_automation.app.navigation:navigate_to_page:78 - Successfully navigated to https://www.copart.com/saleListResult/47/2026-08-03?location=AZ%20-%20Phoenix&saleDate=1785780000000&liveAuction=false&from=&yardNum=47 (current URL: https://www.copart.com/saleListResult/47/2026-08-03?location=AZ%20-%20Phoenix&saleDate=1785780000000&liveAuction=false&from=&yardNum=47&qId=93bd3410-81c3-4071-b86b-85d2afcff631-1784893889507)
2026-07-24 11:51:32 | INFO     | copart_automation.app.parser:parse_lots_list:108 - Parsing lots list from https://www.copart.com/saleListResult/47/2026-08-03?location=AZ%20-%20Phoenix&saleDate=1785780000000&liveAuction=false&from=&yardNum=47&qId=93bd3410-81c3-4071-b86b-85d2afcff631-1784893889507
2026-07-24 11:51:33 | INFO     | copart_automation.app.parser:parse_lots_list:136 - Found 4 lot URLs on page
2026-07-24 11:51:33 | INFO     | __main__:run_automation_workflow:110 - Found 4 lots for auction AZ - Phoenix CO - Denver South
2026-07-24 11:51:33 | INFO     | copart_automation.app.navigation:navigate_to_page:68 - Navigating to https://www.copart.com/lot/60774376/salvage-2020-kia-telluride-s-az-phoenix (https://www.copart.com/lot/60774376/salvage-2020-kia-telluride-s-az-phoenix)
2026-07-24 11:51:33 | INFO     | copart_automation.app.navigation:navigate_to_page:68 - Navigating to https://www.copart.com/lot/60517546/clean-title-2023-honda-civic-sport-az-phoenix (https://www.copart.com/lot/60517546/clean-title-2023-honda-civic-sport-az-phoenix)
2026-07-24 11:51:33 | INFO     | copart_automation.app.navigation:navigate_to_page:68 - Navigating to https://www.copart.com/lot/60504956/clean-title-2020-dodge-charger-scat-pack-az-phoenix (https://www.copart.com/lot/60504956/clean-title-2020-dodge-charger-scat-pack-az-phoenix)
2026-07-24 11:51:33 | INFO     | copart_automation.app.navigation:navigate_to_page:68 - Navigating to https://www.copart.com/lot/60477236/clean-title-2021-chevrolet-silverado-k1500-high-country-az-phoenix (https://www.copart.com/lot/60477236/clean-title-2021-chevrolet-silverado-k1500-high-country-az-phoenix)
2026-07-24 11:51:36 | INFO     | copart_automation.app.navigation:navigate_to_page:78 - Successfully navigated to https://www.copart.com/lot/60477236/clean-title-2021-chevrolet-silverado-k1500-high-country-az-phoenix (current URL: https://www.copart.com/lot/60477236/clean-title-2021-chevrolet-silverado-k1500-high-country-az-phoenix)
2026-07-24 11:51:36 | INFO     | copart_automation.app.parser:parse_vehicle_details:93 - Parsing vehicle details from https://www.copart.com/lot/60477236/clean-title-2021-chevrolet-silverado-k1500-high-country-az-phoenix
2026-07-24 11:51:36 | INFO     | copart_automation.app.database:insert_vehicle:237 - Vehicle CPRTUS already exists (id=1); skipped insert.
2026-07-24 11:51:36 | INFO     | copart_automation.app.navigation:navigate_to_page:78 - Successfully navigated to https://www.copart.com/lot/60504956/clean-title-2020-dodge-charger-scat-pack-az-phoenix (current URL: https://www.copart.com/lot/60504956/clean-title-2020-dodge-charger-scat-pack-az-phoenix)
2026-07-24 11:51:36 | INFO     | copart_automation.app.parser:parse_vehicle_details:93 - Parsing vehicle details from https://www.copart.com/lot/60504956/clean-title-2020-dodge-charger-scat-pack-az-phoenix
2026-07-24 11:51:37 | INFO     | copart_automation.app.database:insert_vehicle:237 - Vehicle CPRTUS already exists (id=1); skipped insert.
2026-07-24 11:51:41 | INFO     | copart_automation.app.navigation:navigate_to_page:78 - Successfully navigated to https://www.copart.com/lot/60774376/salvage-2020-kia-telluride-s-az-phoenix (current URL: https://www.copart.com/lot/60774376/salvage-2020-kia-telluride-s-az-phoenix)
2026-07-24 11:51:41 | INFO     | copart_automation.app.parser:parse_vehicle_details:93 - Parsing vehicle details from https://www.copart.com/lot/60774376/salvage-2020-kia-telluride-s-az-phoenix
2026-07-24 11:51:41 | INFO     | copart_automation.app.navigation:navigate_to_page:78 - Successfully navigated to https://www.copart.com/lot/60517546/clean-title-2023-honda-civic-sport-az-phoenix (current URL: https://www.copart.com/lot/60517546/clean-title-2023-honda-civic-sport-az-phoenix)
2026-07-24 11:51:41 | INFO     | copart_automation.app.parser:parse_vehicle_details:93 - Parsing vehicle details from https://www.copart.com/lot/60517546/clean-title-2023-honda-civic-sport-az-phoenix
2026-07-24 11:51:41 | ERROR    | copart_automation.app.parser:parse_vehicle_details:100 - Failed to parse vehicle details: 1 validation error for Vehicle
year
  Input should be greater than or equal to 1900 [type=greater_than_equal, input_value=19, input_type=int]
    For further information visit https://errors.pydantic.dev/2.13/v/greater_than_equal
2026-07-24 11:51:41 | WARNING  | __main__:process_lot:130 - Failed to parse lot https://www.copart.com/lot/60774376/salvage-2020-kia-telluride-s-az-phoenix: Duplicate key conflict but existing record not found.
2026-07-24 11:51:41 | WARNING  | __main__:process_lot:130 - Failed to parse lot https://www.copart.com/lot/60517546/clean-title-2023-honda-civic-sport-az-phoenix: Could not parse vehicle details: 1 validation error for Vehicle
year
  Input should be greater than or equal to 1900 [type=greater_than_equal, input_value=19, input_type=int]
    For further information visit https://errors.pydantic.dev/2.13/v/greater_than_equal
2026-07-24 11:51:42 | INFO     | __main__:run_automation_workflow:106 - Opening lots view for auction: CA - Adelanto CA - Los Angeles CA - So Sacramento OR - Portland South WA - North Seattle -> https://www.copart.com/saleListResult/309/2026-08-03?location=CA%20-%20Adelanto&saleDate=1785783600000&liveAuction=false&from=&yardNum=309
2026-07-24 11:51:42 | INFO     | copart_automation.app.navigation:navigate_to_page:68 - Navigating to https://www.copart.com/saleListResult/309/2026-08-03?location=CA%20-%20Adelanto&saleDate=1785783600000&liveAuction=false&from=&yardNum=309 (https://www.copart.com/saleListResult/309/2026-08-03?location=CA%20-%20Adelanto&saleDate=1785783600000&liveAuction=false&from=&yardNum=309)
2026-07-24 11:51:46 | INFO     | copart_automation.app.navigation:navigate_to_page:78 - Successfully navigated to https://www.copart.com/saleListResult/309/2026-08-03?location=CA%20-%20Adelanto&saleDate=1785783600000&liveAuction=false&from=&yardNum=309 (current URL: https://www.copart.com/saleListResult/309/2026-08-03?location=CA%20-%20Adelanto&saleDate=1785783600000&liveAuction=false&from=&yardNum=309&qId=93bd3410-81c3-4071-b86b-85d2afcff631-1784893903534)
2026-07-24 11:51:46 | INFO     | copart_automation.app.parser:parse_lots_list:108 - Parsing lots list from https://www.copart.com/saleListResult/309/2026-08-03?location=CA%20-%20Adelanto&saleDate=1785783600000&liveAuction=false&from=&yardNum=309&qId=93bd3410-81c3-4071-b86b-85d2afcff631-1784893903534
2026-07-24 11:51:47 | INFO     | copart_automation.app.parser:parse_lots_list:136 - Found 20 lot URLs on page
2026-07-24 11:51:47 | INFO     | __main__:run_automation_workflow:110 - Found 20 lots for auction CA - Adelanto CA - Los Angeles CA - So Sacramento OR - Portland South WA - North Seattle
2026-07-24 11:51:47 | INFO     | copart_automation.app.navigation:navigate_to_page:68 - Navigating to https://www.copart.com/lot/99922055/salvage-2009-toyota-corolla-base-ca-adelanto (https://www.copart.com/lot/99922055/salvage-2009-toyota-corolla-base-ca-adelanto)
2026-07-24 11:51:47 | INFO     | copart_automation.app.navigation:navigate_to_page:68 - Navigating to https://www.copart.com/lot/98686175/salvage-2011-hyundai-accent-ca-adelanto (https://www.copart.com/lot/98686175/salvage-2011-hyundai-accent-ca-adelanto)
2026-07-24 11:51:47 | INFO     | copart_automation.app.navigation:navigate_to_page:68 - Navigating to https://www.copart.com/lot/96001745/salvage-2021-honda-accord-hybrid-ex-ca-adelanto (https://www.copart.com/lot/96001745/salvage-2021-honda-accord-hybrid-ex-ca-adelanto)
2026-07-24 11:51:47 | INFO     | copart_automation.app.navigation:navigate_to_page:68 - Navigating to https://www.copart.com/lot/95147665/salvage-2018-toyota-corolla-l-ca-adelanto (https://www.copart.com/lot/95147665/salvage-2018-toyota-corolla-l-ca-adelanto)
2026-07-24 11:51:47 | INFO     | copart_automation.app.navigation:navigate_to_page:68 - Navigating to https://www.copart.com/lot/95005285/salvage-2022-kia-k5-gt-line-ca-adelanto (https://www.copart.com/lot/95005285/salvage-2022-kia-k5-gt-line-ca-adelanto)
2026-07-24 11:51:50 | INFO     | copart_automation.app.navigation:navigate_to_page:78 - Successfully navigated to https://www.copart.com/lot/96001745/salvage-2021-honda-accord-hybrid-ex-ca-adelanto (current URL: https://www.copart.com/lot/96001745/salvage-2021-honda-accord-hybrid-ex-ca-adelanto)
2026-07-24 11:51:50 | INFO     | copart_automation.app.parser:parse_vehicle_details:93 - Parsing vehicle details from https://www.copart.com/lot/96001745/salvage-2021-honda-accord-hybrid-ex-ca-adelanto
2026-07-24 11:51:50 | INFO     | copart_automation.app.navigation:navigate_to_page:78 - Successfully navigated to https://www.copart.com/lot/95005285/salvage-2022-kia-k5-gt-line-ca-adelanto (current URL: https://www.copart.com/lot/95005285/salvage-2022-kia-k5-gt-line-ca-adelanto)
2026-07-24 11:51:50 | INFO     | copart_automation.app.parser:parse_vehicle_details:93 - Parsing vehicle details from https://www.copart.com/lot/95005285/salvage-2022-kia-k5-gt-line-ca-adelanto
2026-07-24 11:51:50 | INFO     | copart_automation.app.navigation:navigate_to_page:78 - Successfully navigated to https://www.copart.com/lot/99922055/salvage-2009-toyota-corolla-base-ca-adelanto (current URL: https://www.copart.com/lot/99922055/salvage-2009-toyota-corolla-base-ca-adelanto)
2026-07-24 11:51:50 | INFO     | copart_automation.app.parser:parse_vehicle_details:93 - Parsing vehicle details from https://www.copart.com/lot/99922055/salvage-2009-toyota-corolla-base-ca-adelanto
2026-07-24 11:51:51 | INFO     | copart_automation.app.database:insert_vehicle:237 - Vehicle CPRTUS already exists (id=1); skipped insert.
2026-07-24 11:51:51 | INFO     | copart_automation.app.navigation:navigate_to_page:78 - Successfully navigated to https://www.copart.com/lot/95147665/salvage-2018-toyota-corolla-l-ca-adelanto (current URL: https://www.copart.com/lot/95147665/salvage-2018-toyota-corolla-l-ca-adelanto)
2026-07-24 11:51:51 | INFO     | copart_automation.app.parser:parse_vehicle_details:93 - Parsing vehicle details from https://www.copart.com/lot/95147665/salvage-2018-toyota-corolla-l-ca-adelanto
2026-07-24 11:51:51 | INFO     | copart_automation.app.navigation:navigate_to_page:78 - Successfully navigated to https://www.copart.com/lot/98686175/salvage-2011-hyundai-accent-ca-adelanto (current URL: https://www.copart.com/lot/98686175/salvage-2011-hyundai-accent-ca-adelanto)
2026-07-24 11:51:51 | INFO     | copart_automation.app.parser:parse_vehicle_details:93 - Parsing vehicle details from https://www.copart.com/lot/98686175/salvage-2011-hyundai-accent-ca-adelanto
2026-07-24 11:51:51 | INFO     | copart_automation.app.database:insert_vehicle:237 - Vehicle CPRTUS already exists (id=1); skipped insert.
2026-07-24 11:51:51 | INFO     | copart_automation.app.database:insert_vehicle:237 - Vehicle CPRTUS already exists (id=1); skipped insert.
2026-07-24 11:51:52 | INFO     | copart_automation.app.database:insert_vehicle:237 - Vehicle CPRTUS already exists (id=1); skipped insert.
2026-07-24 11:51:52 | INFO     | copart_automation.app.database:insert_vehicle:237 - Vehicle CPRTUS already exists (id=1); skipped insert.
2026-07-24 11:51:52 | INFO     | copart_automation.app.navigation:navigate_to_page:68 - Navigating to https://www.copart.com/lot/94805315/salvage-2002-chevrolet-silverado-c1500-ca-adelanto (https://www.copart.com/lot/94805315/salvage-2002-chevrolet-silverado-c1500-ca-adelanto)
2026-07-24 11:51:52 | INFO     | copart_automation.app.navigation:navigate_to_page:68 - Navigating to https://www.copart.com/lot/87128845/salvage-2025-honda-accord-se-ca-adelanto (https://www.copart.com/lot/87128845/salvage-2025-honda-accord-se-ca-adelanto)
2026-07-24 11:51:52 | INFO     | copart_automation.app.navigation:navigate_to_page:68 - Navigating to https://www.copart.com/lot/86279314/salvage-2022-ford-ranger-xl-ca-adelanto (https://www.copart.com/lot/86279314/salvage-2022-ford-ranger-xl-ca-adelanto)
2026-07-24 11:51:52 | INFO     | copart_automation.app.navigation:navigate_to_page:68 - Navigating to https://www.copart.com/lot/85792765/salvage-2026-ford-mustang-mach-e-select-ca-adelanto (https://www.copart.com/lot/85792765/salvage-2026-ford-mustang-mach-e-select-ca-adelanto)
2026-07-24 11:51:52 | INFO     | copart_automation.app.navigation:navigate_to_page:68 - Navigating to https://www.copart.com/lot/85607665/salvage-2022-ford-bronco-sport-big-bend-ca-adelanto (https://www.copart.com/lot/85607665/salvage-2022-ford-bronco-sport-big-bend-ca-adelanto)
2026-07-24 11:51:55 | INFO     | copart_automation.app.navigation:navigate_to_page:78 - Successfully navigated to https://www.copart.com/lot/85607665/salvage-2022-ford-bronco-sport-big-bend-ca-adelanto (current URL: https://www.copart.com/lot/85607665/salvage-2022-ford-bronco-sport-big-bend-ca-adelanto)
2026-07-24 11:51:55 | INFO     | copart_automation.app.parser:parse_vehicle_details:93 - Parsing vehicle details from https://www.copart.com/lot/85607665/salvage-2022-ford-bronco-sport-big-bend-ca-adelanto
2026-07-24 11:51:56 | INFO     | copart_automation.app.database:insert_vehicle:237 - Vehicle CPRTUS already exists (id=1); skipped insert.
2026-07-24 11:51:56 | INFO     | copart_automation.app.navigation:navigate_to_page:78 - Successfully navigated to https://www.copart.com/lot/85792765/salvage-2026-ford-mustang-mach-e-select-ca-adelanto (current URL: https://www.copart.com/lot/85792765/salvage-2026-ford-mustang-mach-e-select-ca-adelanto)
2026-07-24 11:51:56 | INFO     | copart_automation.app.parser:parse_vehicle_details:93 - Parsing vehicle details from https://www.copart.com/lot/85792765/salvage-2026-ford-mustang-mach-e-select-ca-adelanto
2026-07-24 11:51:56 | INFO     | copart_automation.app.navigation:navigate_to_page:78 - Successfully navigated to https://www.copart.com/lot/86279314/salvage-2022-ford-ranger-xl-ca-adelanto (current URL: https://www.copart.com/lot/86279314/salvage-2022-ford-ranger-xl-ca-adelanto)
2026-07-24 11:51:56 | INFO     | copart_automation.app.parser:parse_vehicle_details:93 - Parsing vehicle details from https://www.copart.com/lot/86279314/salvage-2022-ford-ranger-xl-ca-adelanto
2026-07-24 11:51:57 | INFO     | copart_automation.app.database:insert_vehicle:237 - Vehicle CPRTUS already exists (id=1); skipped insert.
2026-07-24 11:51:57 | INFO     | copart_automation.app.database:insert_vehicle:237 - Vehicle CPRTUS already exists (id=1); skipped insert.
2026-07-24 11:51:57 | INFO     | copart_automation.app.navigation:navigate_to_page:68 - Navigating to https://www.copart.com/lot/84548355/salvage-2015-mitsubishi-lancer-gt-ca-adelanto (https://www.copart.com/lot/84548355/salvage-2015-mitsubishi-lancer-gt-ca-adelanto)
2026-07-24 11:51:57 | INFO     | copart_automation.app.navigation:navigate_to_page:68 - Navigating to https://www.copart.com/lot/81903615/salvage-2011-infiniti-g37-ca-adelanto (https://www.copart.com/lot/81903615/salvage-2011-infiniti-g37-ca-adelanto)
2026-07-24 11:51:57 | INFO     | copart_automation.app.navigation:navigate_to_page:68 - Navigating to https://www.copart.com/lot/80763185/salvage-2017-land-rover-range-rover-supercharged-ca-adelanto (https://www.copart.com/lot/80763185/salvage-2017-land-rover-range-rover-supercharged-ca-adelanto)
2026-07-24 11:52:01 | INFO     | copart_automation.app.navigation:navigate_to_page:78 - Successfully navigated to https://www.copart.com/lot/81903615/salvage-2011-infiniti-g37-ca-adelanto (current URL: https://www.copart.com/lot/81903615/salvage-2011-infiniti-g37-ca-adelanto)
2026-07-24 11:52:01 | INFO     | copart_automation.app.parser:parse_vehicle_details:93 - Parsing vehicle details from https://www.copart.com/lot/81903615/salvage-2011-infiniti-g37-ca-adelanto
2026-07-24 11:52:02 | INFO     | copart_automation.app.database:insert_vehicle:237 - Vehicle CPRTUS already exists (id=1); skipped insert.
2026-07-24 11:52:02 | INFO     | copart_automation.app.navigation:navigate_to_page:78 - Successfully navigated to https://www.copart.com/lot/84548355/salvage-2015-mitsubishi-lancer-gt-ca-adelanto (current URL: https://www.copart.com/lot/84548355/salvage-2015-mitsubishi-lancer-gt-ca-adelanto)
2026-07-24 11:52:02 | INFO     | copart_automation.app.parser:parse_vehicle_details:93 - Parsing vehicle details from https://www.copart.com/lot/84548355/salvage-2015-mitsubishi-lancer-gt-ca-adelanto
2026-07-24 11:52:02 | INFO     | copart_automation.app.navigation:navigate_to_page:78 - Successfully navigated to https://www.copart.com/lot/94805315/salvage-2002-chevrolet-silverado-c1500-ca-adelanto (current URL: https://www.copart.com/lot/94805315/salvage-2002-chevrolet-silverado-c1500-ca-adelanto)
2026-07-24 11:52:02 | INFO     | copart_automation.app.parser:parse_vehicle_details:93 - Parsing vehicle details from https://www.copart.com/lot/94805315/salvage-2002-chevrolet-silverado-c1500-ca-adelanto
2026-07-24 11:52:02 | INFO     | copart_automation.app.navigation:navigate_to_page:68 - Navigating to https://www.copart.com/lot/78159715/salvage-2025-chevrolet-traverse-lt-ca-adelanto (https://www.copart.com/lot/78159715/salvage-2025-chevrolet-traverse-lt-ca-adelanto)
2026-07-24 11:52:03 | INFO     | copart_automation.app.database:insert_vehicle:227 - Inserted vehicle LANCER (id=3)
2026-07-24 11:52:04 | INFO     | copart_automation.app.navigation:navigate_to_page:68 - Navigating to https://www.copart.com/lot/78077165/salvage-2018-nissan-sentra-sv-ca-adelanto (https://www.copart.com/lot/78077165/salvage-2018-nissan-sentra-sv-ca-adelanto)
2026-07-24 11:52:04 | INFO     | copart_automation.app.navigation:navigate_to_page:78 - Successfully navigated to https://www.copart.com/lot/87128845/salvage-2025-honda-accord-se-ca-adelanto (current URL: https://www.copart.com/lot/87128845/salvage-2025-honda-accord-se-ca-adelanto)
2026-07-24 11:52:04 | INFO     | copart_automation.app.parser:parse_vehicle_details:93 - Parsing vehicle details from https://www.copart.com/lot/87128845/salvage-2025-honda-accord-se-ca-adelanto
2026-07-24 11:52:04 | WARNING  | __main__:process_lot:130 - Failed to parse lot https://www.copart.com/lot/94805315/salvage-2002-chevrolet-silverado-c1500-ca-adelanto: Duplicate key conflict but existing record not found.
2026-07-24 11:52:04 | INFO     | copart_automation.app.navigation:navigate_to_page:68 - Navigating to https://www.copart.com/lot/76720335/salvage-2022-honda-insight-ex-ca-adelanto (https://www.copart.com/lot/76720335/salvage-2022-honda-insight-ex-ca-adelanto)
2026-07-24 11:52:06 | INFO     | copart_automation.app.navigation:navigate_to_page:78 - Successfully navigated to https://www.copart.com/lot/78159715/salvage-2025-chevrolet-traverse-lt-ca-adelanto (current URL: https://www.copart.com/lot/78159715/salvage-2025-chevrolet-traverse-lt-ca-adelanto)
2026-07-24 11:52:06 | INFO     | copart_automation.app.parser:parse_vehicle_details:93 - Parsing vehicle details from https://www.copart.com/lot/78159715/salvage-2025-chevrolet-traverse-lt-ca-adelanto
2026-07-24 11:52:06 | WARNING  | __main__:process_lot:130 - Failed to parse lot https://www.copart.com/lot/87128845/salvage-2025-honda-accord-se-ca-adelanto: Duplicate key conflict but existing record not found.
2026-07-24 11:52:06 | INFO     | copart_automation.app.navigation:navigate_to_page:68 - Navigating to https://www.copart.com/lot/75940715/salvage-2010-dodge-challenger-se-ca-adelanto (https://www.copart.com/lot/75940715/salvage-2010-dodge-challenger-se-ca-adelanto)
2026-07-24 11:52:07 | INFO     | copart_automation.app.database:insert_vehicle:237 - Vehicle CPRTUS already exists (id=1); skipped insert.
2026-07-24 11:52:07 | INFO     | copart_automation.app.navigation:navigate_to_page:68 - Navigating to https://www.copart.com/lot/74104655/salvage-2023-dodge-durango-sxt-ca-adelanto (https://www.copart.com/lot/74104655/salvage-2023-dodge-durango-sxt-ca-adelanto)
2026-07-24 11:52:08 | INFO     | copart_automation.app.navigation:navigate_to_page:78 - Successfully navigated to https://www.copart.com/lot/76720335/salvage-2022-honda-insight-ex-ca-adelanto (current URL: https://www.copart.com/lot/76720335/salvage-2022-honda-insight-ex-ca-adelanto)
2026-07-24 11:52:08 | INFO     | copart_automation.app.parser:parse_vehicle_details:93 - Parsing vehicle details from https://www.copart.com/lot/76720335/salvage-2022-honda-insight-ex-ca-adelanto
2026-07-24 11:52:09 | INFO     | copart_automation.app.database:insert_vehicle:237 - Vehicle CPRTUS already exists (id=1); skipped insert.
2026-07-24 11:52:09 | INFO     | copart_automation.app.navigation:navigate_to_page:78 - Successfully navigated to https://www.copart.com/lot/75940715/salvage-2010-dodge-challenger-se-ca-adelanto (current URL: https://www.copart.com/lot/75940715/salvage-2010-dodge-challenger-se-ca-adelanto)
2026-07-24 11:52:09 | INFO     | copart_automation.app.parser:parse_vehicle_details:93 - Parsing vehicle details from https://www.copart.com/lot/75940715/salvage-2010-dodge-challenger-se-ca-adelanto
2026-07-24 11:52:09 | INFO     | copart_automation.app.navigation:navigate_to_page:78 - Successfully navigated to https://www.copart.com/lot/80763185/salvage-2017-land-rover-range-rover-supercharged-ca-adelanto (current URL: https://www.copart.com/lot/80763185/salvage-2017-land-rover-range-rover-supercharged-ca-adelanto)
2026-07-24 11:52:09 | INFO     | copart_automation.app.parser:parse_vehicle_details:93 - Parsing vehicle details from https://www.copart.com/lot/80763185/salvage-2017-land-rover-range-rover-supercharged-ca-adelanto
2026-07-24 11:52:10 | INFO     | copart_automation.app.database:insert_vehicle:237 - Vehicle CPRTUS already exists (id=1); skipped insert.
2026-07-24 11:52:10 | INFO     | copart_automation.app.navigation:navigate_to_page:68 - Navigating to https://www.copart.com/lot/72922405/clean-title-2003-toyota-rav4-base-ca-adelanto (https://www.copart.com/lot/72922405/clean-title-2003-toyota-rav4-base-ca-adelanto)
2026-07-24 11:52:10 | INFO     | copart_automation.app.navigation:navigate_to_page:78 - Successfully navigated to https://www.copart.com/lot/74104655/salvage-2023-dodge-durango-sxt-ca-adelanto (current URL: https://www.copart.com/lot/74104655/salvage-2023-dodge-durango-sxt-ca-adelanto)
2026-07-24 11:52:10 | INFO     | copart_automation.app.parser:parse_vehicle_details:93 - Parsing vehicle details from https://www.copart.com/lot/74104655/salvage-2023-dodge-durango-sxt-ca-adelanto
2026-07-24 11:52:10 | INFO     | copart_automation.app.navigation:navigate_to_page:68 - Navigating to https://www.copart.com/lot/72695865/salvage-2006-dodge-charger-se-ca-adelanto (https://www.copart.com/lot/72695865/salvage-2006-dodge-charger-se-ca-adelanto)
2026-07-24 11:52:11 | WARNING  | __main__:process_lot:130 - Failed to parse lot https://www.copart.com/lot/80763185/salvage-2017-land-rover-range-rover-supercharged-ca-adelanto: Duplicate key conflict but existing record not found.
2026-07-24 11:52:11 | INFO     | copart_automation.app.database:insert_vehicle:237 - Vehicle CPRTUS already exists (id=1); skipped insert.
2026-07-24 11:52:14 | INFO     | copart_automation.app.navigation:navigate_to_page:78 - Successfully navigated to https://www.copart.com/lot/78077165/salvage-2018-nissan-sentra-sv-ca-adelanto (current URL: https://www.copart.com/lot/78077165/salvage-2018-nissan-sentra-sv-ca-adelanto)
2026-07-24 11:52:14 | INFO     | copart_automation.app.parser:parse_vehicle_details:93 - Parsing vehicle details from https://www.copart.com/lot/78077165/salvage-2018-nissan-sentra-sv-ca-adelanto
2026-07-24 11:52:15 | WARNING  | __main__:process_lot:130 - Failed to parse lot https://www.copart.com/lot/78077165/salvage-2018-nissan-sentra-sv-ca-adelanto: Duplicate key conflict but existing record not found.
2026-07-24 11:52:17 | INFO     | copart_automation.app.navigation:navigate_to_page:78 - Successfully navigated to https://www.copart.com/lot/72695865/salvage-2006-dodge-charger-se-ca-adelanto (current URL: https://www.copart.com/lot/72695865/salvage-2006-dodge-charger-se-ca-adelanto)
2026-07-24 11:52:17 | INFO     | copart_automation.app.parser:parse_vehicle_details:93 - Parsing vehicle details from https://www.copart.com/lot/72695865/salvage-2006-dodge-charger-se-ca-adelanto
2026-07-24 11:52:18 | WARNING  | __main__:process_lot:130 - Failed to parse lot https://www.copart.com/lot/72695865/salvage-2006-dodge-charger-se-ca-adelanto: Duplicate key conflict but existing record not found.
2026-07-24 11:52:18 | INFO     | copart_automation.app.navigation:navigate_to_page:78 - Successfully navigated to https://www.copart.com/lot/72922405/clean-title-2003-toyota-rav4-base-ca-adelanto (current URL: https://www.copart.com/lot/72922405/clean-title-2003-toyota-rav4-base-ca-adelanto)
2026-07-24 11:52:18 | INFO     | copart_automation.app.parser:parse_vehicle_details:93 - Parsing vehicle details from https://www.copart.com/lot/72922405/clean-title-2003-toyota-rav4-base-ca-adelanto
2026-07-24 11:52:18 | WARNING  | __main__:process_lot:130 - Failed to parse lot https://www.copart.com/lot/72922405/clean-title-2003-toyota-rav4-base-ca-adelanto: Duplicate key conflict but existing record not found.
2026-07-24 11:52:18 | INFO     | __main__:run_automation_workflow:106 - Opening lots view for auction: FL - Jacksonville North GA - Atlanta East GA - Fairburn NY - Albany NY - Long Island VT - Rutland -> https://www.copart.com/saleListResult/163/2026-08-10?location=FL%20-%20Jacksonville%20North&saleDate=1786370400000&liveAuction=false&from=&yardNum=163
2026-07-24 11:52:18 | INFO     | copart_automation.app.navigation:navigate_to_page:68 - Navigating to https://www.copart.com/saleListResult/163/2026-08-10?location=FL%20-%20Jacksonville%20North&saleDate=1786370400000&liveAuction=false&from=&yardNum=163 (https://www.copart.com/saleListResult/163/2026-08-10?location=FL%20-%20Jacksonville%20North&saleDate=1786370400000&liveAuction=false&from=&yardNum=163)
2026-07-24 11:52:23 | INFO     | copart_automation.app.navigation:navigate_to_page:78 - Successfully navigated to https://www.copart.com/saleListResult/163/2026-08-10?location=FL%20-%20Jacksonville%20North&saleDate=1786370400000&liveAuction=false&from=&yardNum=163 (current URL: https://www.copart.com/saleListResult/163/2026-08-10?location=FL%20-%20Jacksonville%20North&saleDate=1786370400000&liveAuction=false&from=&yardNum=163&qId=93bd3410-81c3-4071-b86b-85d2afcff631-1784893941299)
2026-07-24 11:52:23 | INFO     | copart_automation.app.parser:parse_lots_list:108 - Parsing lots list from https://www.copart.com/saleListResult/163/2026-08-10?location=FL%20-%20Jacksonville%20North&saleDate=1786370400000&liveAuction=false&from=&yardNum=163&qId=93bd3410-81c3-4071-b86b-85d2afcff631-1784893941299
2026-07-24 11:52:23 | INFO     | copart_automation.app.parser:parse_lots_list:136 - Found 1 lot URLs on page
2026-07-24 11:52:23 | INFO     | __main__:run_automation_workflow:110 - Found 1 lots for auction FL - Jacksonville North GA - Atlanta East GA - Fairburn NY - Albany NY - Long Island VT - Rutland
2026-07-24 11:52:23 | INFO     | copart_automation.app.navigation:navigate_to_page:68 - Navigating to https://www.copart.com/lot/41583206/clean-title-2013-ford-f150-supercrew-fl-jacksonville-north (https://www.copart.com/lot/41583206/clean-title-2013-ford-f150-supercrew-fl-jacksonville-north)
2026-07-24 11:52:27 | INFO     | copart_automation.app.navigation:navigate_to_page:78 - Successfully navigated to https://www.copart.com/lot/41583206/clean-title-2013-ford-f150-supercrew-fl-jacksonville-north (current URL: https://www.copart.com/lot/41583206/clean-title-2013-ford-f150-supercrew-fl-jacksonville-north)
2026-07-24 11:52:27 | INFO     | copart_automation.app.parser:parse_vehicle_details:93 - Parsing vehicle details from https://www.copart.com/lot/41583206/clean-title-2013-ford-f150-supercrew-fl-jacksonville-north
2026-07-24 11:52:28 | WARNING  | __main__:process_lot:130 - Failed to parse lot https://www.copart.com/lot/41583206/clean-title-2013-ford-f150-supercrew-fl-jacksonville-north: Duplicate key conflict but existing record not found.
2026-07-24 11:52:28 | INFO     | __main__:run_automation_workflow:106 - Opening lots view for auction: WI - Milwaukee South -> https://www.copart.com/saleListResult/371/2026-08-10?location=WI%20-%20Milwaukee%20South&saleDate=1786381200000&liveAuction=false&from=&yardNum=371
2026-07-24 11:52:28 | INFO     | copart_automation.app.navigation:navigate_to_page:68 - Navigating to https://www.copart.com/saleListResult/371/2026-08-10?location=WI%20-%20Milwaukee%20South&saleDate=1786381200000&liveAuction=false&from=&yardNum=371 (https://www.copart.com/saleListResult/371/2026-08-10?location=WI%20-%20Milwaukee%20South&saleDate=1786381200000&liveAuction=false&from=&yardNum=371)
2026-07-24 11:52:32 | INFO     | copart_automation.app.navigation:navigate_to_page:78 - Successfully navigated to https://www.copart.com/saleListResult/371/2026-08-10?location=WI%20-%20Milwaukee%20South&saleDate=1786381200000&liveAuction=false&from=&yardNum=371 (current URL: https://www.copart.com/saleListResult/371/2026-08-10?location=WI%20-%20Milwaukee%20South&saleDate=1786381200000&liveAuction=false&from=&yardNum=371&qId=93bd3410-81c3-4071-b86b-85d2afcff631-1784893949624)
2026-07-24 11:52:32 | INFO     | copart_automation.app.parser:parse_lots_list:108 - Parsing lots list from https://www.copart.com/saleListResult/371/2026-08-10?location=WI%20-%20Milwaukee%20South&saleDate=1786381200000&liveAuction=false&from=&yardNum=371&qId=93bd3410-81c3-4071-b86b-85d2afcff631-1784893949624
2026-07-24 11:52:33 | INFO     | copart_automation.app.parser:parse_lots_list:136 - Found 4 lot URLs on page
2026-07-24 11:52:33 | INFO     | __main__:run_automation_workflow:110 - Found 4 lots for auction WI - Milwaukee South
2026-07-24 11:52:33 | INFO     | copart_automation.app.navigation:navigate_to_page:68 - Navigating to https://www.copart.com/lot/58382366/2011-jayco-jayco-wi-milwaukee-south (https://www.copart.com/lot/58382366/2011-jayco-jayco-wi-milwaukee-south)
2026-07-24 11:52:33 | INFO     | copart_automation.app.navigation:navigate_to_page:68 - Navigating to https://www.copart.com/lot/57394286/1994-dutc-travel-tra-wi-milwaukee-south (https://www.copart.com/lot/57394286/1994-dutc-travel-tra-wi-milwaukee-south)
2026-07-24 11:52:33 | INFO     | copart_automation.app.navigation:navigate_to_page:68 - Navigating to https://www.copart.com/lot/54141936/2020-custom-custom-wi-milwaukee-south (https://www.copart.com/lot/54141936/2020-custom-custom-wi-milwaukee-south)
2026-07-24 11:52:33 | INFO     | copart_automation.app.navigation:navigate_to_page:68 - Navigating to https://www.copart.com/lot/52312356/2020-likf-14'trailer-wi-milwaukee-south (https://www.copart.com/lot/52312356/2020-likf-14'trailer-wi-milwaukee-south)
2026-07-24 11:52:42 | INFO     | copart_automation.app.navigation:navigate_to_page:78 - Successfully navigated to https://www.copart.com/lot/57394286/1994-dutc-travel-tra-wi-milwaukee-south (current URL: https://www.copart.com/lot/57394286/1994-dutc-travel-tra-wi-milwaukee-south)
2026-07-24 11:52:42 | INFO     | copart_automation.app.parser:parse_vehicle_details:93 - Parsing vehicle details from https://www.copart.com/lot/57394286/1994-dutc-travel-tra-wi-milwaukee-south
2026-07-24 11:52:42 | INFO     | copart_automation.app.navigation:navigate_to_page:78 - Successfully navigated to https://www.copart.com/lot/54141936/2020-custom-custom-wi-milwaukee-south (current URL: https://www.copart.com/lot/54141936/2020-custom-custom-wi-milwaukee-south)
2026-07-24 11:52:42 | INFO     | copart_automation.app.parser:parse_vehicle_details:93 - Parsing vehicle details from https://www.copart.com/lot/54141936/2020-custom-custom-wi-milwaukee-south
2026-07-24 11:52:42 | WARNING  | __main__:process_lot:130 - Failed to parse lot https://www.copart.com/lot/57394286/1994-dutc-travel-tra-wi-milwaukee-south: Duplicate key conflict but existing record not found.
2026-07-24 11:52:42 | INFO     | copart_automation.app.navigation:navigate_to_page:78 - Successfully navigated to https://www.copart.com/lot/52312356/2020-likf-14'trailer-wi-milwaukee-south (current URL: https://www.copart.com/lot/52312356/2020-likf-14'trailer-wi-milwaukee-south)
2026-07-24 11:52:42 | INFO     | copart_automation.app.parser:parse_vehicle_details:93 - Parsing vehicle details from https://www.copart.com/lot/52312356/2020-likf-14'trailer-wi-milwaukee-south
2026-07-24 11:52:42 | WARNING  | __main__:process_lot:130 - Failed to parse lot https://www.copart.com/lot/54141936/2020-custom-custom-wi-milwaukee-south: Duplicate key conflict but existing record not found.
2026-07-24 11:52:43 | INFO     | copart_automation.app.navigation:navigate_to_page:78 - Successfully navigated to https://www.copart.com/lot/58382366/2011-jayco-jayco-wi-milwaukee-south (current URL: https://www.copart.com/lot/58382366/2011-jayco-jayco-wi-milwaukee-south)
2026-07-24 11:52:43 | INFO     | copart_automation.app.parser:parse_vehicle_details:93 - Parsing vehicle details from https://www.copart.com/lot/58382366/2011-jayco-jayco-wi-milwaukee-south
2026-07-24 11:52:43 | WARNING  | __main__:process_lot:130 - Failed to parse lot https://www.copart.com/lot/52312356/2020-likf-14'trailer-wi-milwaukee-south: Duplicate key conflict but existing record not found.
2026-07-24 11:52:43 | WARNING  | __main__:process_lot:130 - Failed to parse lot https://www.copart.com/lot/58382366/2011-jayco-jayco-wi-milwaukee-south: Duplicate key conflict but existing record not found.
2026-07-24 11:52:43 | INFO     | __main__:run_automation_workflow:106 - Opening lots view for auction: AZ - Phoenix CO - Colorado Springs -> https://www.copart.com/saleListResult/47/2026-08-10?location=AZ%20-%20Phoenix&saleDate=1786384800000&liveAuction=false&from=&yardNum=47
2026-07-24 11:52:43 | INFO     | copart_automation.app.navigation:navigate_to_page:68 - Navigating to https://www.copart.com/saleListResult/47/2026-08-10?location=AZ%20-%20Phoenix&saleDate=1786384800000&liveAuction=false&from=&yardNum=47 (https://www.copart.com/saleListResult/47/2026-08-10?location=AZ%20-%20Phoenix&saleDate=1786384800000&liveAuction=false&from=&yardNum=47)
2026-07-24 11:52:48 | INFO     | copart_automation.app.navigation:navigate_to_page:78 - Successfully navigated to https://www.copart.com/saleListResult/47/2026-08-10?location=AZ%20-%20Phoenix&saleDate=1786384800000&liveAuction=false&from=&yardNum=47 (current URL: https://www.copart.com/saleListResult/47/2026-08-10?location=AZ%20-%20Phoenix&saleDate=1786384800000&liveAuction=false&from=&yardNum=47&qId=93bd3410-81c3-4071-b86b-85d2afcff631-1784893965358)
2026-07-24 11:52:48 | INFO     | copart_automation.app.parser:parse_lots_list:108 - Parsing lots list from https://www.copart.com/saleListResult/47/2026-08-10?location=AZ%20-%20Phoenix&saleDate=1786384800000&liveAuction=false&from=&yardNum=47&qId=93bd3410-81c3-4071-b86b-85d2afcff631-1784893965358
2026-07-24 11:52:48 | INFO     | copart_automation.app.parser:parse_lots_list:136 - Found 1 lot URLs on page
2026-07-24 11:52:48 | INFO     | __main__:run_automation_workflow:110 - Found 1 lots for auction AZ - Phoenix CO - Colorado Springs
2026-07-24 11:52:48 | INFO     | copart_automation.app.navigation:navigate_to_page:68 - Navigating to https://www.copart.com/lot/51497326/clean-title-2018-ram-2500-st-az-phoenix (https://www.copart.com/lot/51497326/clean-title-2018-ram-2500-st-az-phoenix)
2026-07-24 11:52:53 | INFO     | copart_automation.app.navigation:navigate_to_page:78 - Successfully navigated to https://www.copart.com/lot/51497326/clean-title-2018-ram-2500-st-az-phoenix (current URL: https://www.copart.com/lot/51497326/clean-title-2018-ram-2500-st-az-phoenix)
2026-07-24 11:52:53 | INFO     | copart_automation.app.parser:parse_vehicle_details:93 - Parsing vehicle details from https://www.copart.com/lot/51497326/clean-title-2018-ram-2500-st-az-phoenix
2026-07-24 11:52:53 | ERROR    | copart_automation.app.parser:parse_vehicle_details:100 - Failed to parse vehicle details: 1 validation error for Vehicle
year
  Input should be greater than or equal to 1900 [type=greater_than_equal, input_value=3, input_type=int]
    For further information visit https://errors.pydantic.dev/2.13/v/greater_than_equal
2026-07-24 11:52:53 | WARNING  | __main__:process_lot:130 - Failed to parse lot https://www.copart.com/lot/51497326/clean-title-2018-ram-2500-st-az-phoenix: Could not parse vehicle details: 1 validation error for Vehicle
year
  Input should be greater than or equal to 1900 [type=greater_than_equal, input_value=3, input_type=int]
    For further information visit https://errors.pydantic.dev/2.13/v/greater_than_equal
2026-07-24 11:52:53 | INFO     | __main__:run_automation_workflow:106 - Opening lots view for auction: NV - Las Vegas West -> https://www.copart.com/saleListResult/133/2026-08-10?location=NV%20-%20Las%20Vegas%20West&saleDate=1786388400000&liveAuction=false&from=&yardNum=133
2026-07-24 11:52:53 | INFO     | copart_automation.app.navigation:navigate_to_page:68 - Navigating to https://www.copart.com/saleListResult/133/2026-08-10?location=NV%20-%20Las%20Vegas%20West&saleDate=1786388400000&liveAuction=false&from=&yardNum=133 (https://www.copart.com/saleListResult/133/2026-08-10?location=NV%20-%20Las%20Vegas%20West&saleDate=1786388400000&liveAuction=false&from=&yardNum=133)
2026-07-24 11:52:58 | INFO     | copart_automation.app.navigation:navigate_to_page:78 - Successfully navigated to https://www.copart.com/saleListResult/133/2026-08-10?location=NV%20-%20Las%20Vegas%20West&saleDate=1786388400000&liveAuction=false&from=&yardNum=133 (current URL: https://www.copart.com/saleListResult/133/2026-08-10?location=NV%20-%20Las%20Vegas%20West&saleDate=1786388400000&liveAuction=false&from=&yardNum=133&qId=93bd3410-81c3-4071-b86b-85d2afcff631-1784893975716)
2026-07-24 11:52:58 | INFO     | copart_automation.app.parser:parse_lots_list:108 - Parsing lots list from https://www.copart.com/saleListResult/133/2026-08-10?location=NV%20-%20Las%20Vegas%20West&saleDate=1786388400000&liveAuction=false&from=&yardNum=133&qId=93bd3410-81c3-4071-b86b-85d2afcff631-1784893975716
2026-07-24 11:52:59 | INFO     | copart_automation.app.parser:parse_lots_list:136 - Found 1 lot URLs on page
2026-07-24 11:52:59 | INFO     | __main__:run_automation_workflow:110 - Found 1 lots for auction NV - Las Vegas West
2026-07-24 11:52:59 | INFO     | copart_automation.app.navigation:navigate_to_page:68 - Navigating to https://www.copart.com/lot/52275606/clean-title-2020-nissan-rogue-sport-sv-nv-las-vegas-west (https://www.copart.com/lot/52275606/clean-title-2020-nissan-rogue-sport-sv-nv-las-vegas-west)
2026-07-24 11:53:06 | INFO     | copart_automation.app.navigation:navigate_to_page:78 - Successfully navigated to https://www.copart.com/lot/52275606/clean-title-2020-nissan-rogue-sport-sv-nv-las-vegas-west (current URL: https://www.copart.com/lot/52275606/clean-title-2020-nissan-rogue-sport-sv-nv-las-vegas-west)
2026-07-24 11:53:06 | INFO     | copart_automation.app.parser:parse_vehicle_details:93 - Parsing vehicle details from https://www.copart.com/lot/52275606/clean-title-2020-nissan-rogue-sport-sv-nv-las-vegas-west
2026-07-24 11:53:06 | ERROR    | copart_automation.app.parser:parse_vehicle_details:100 - Failed to parse vehicle details: 1 validation error for Vehicle
year
  Input should be greater than or equal to 1900 [type=greater_than_equal, input_value=1, input_type=int]
    For further information visit https://errors.pydantic.dev/2.13/v/greater_than_equal
2026-07-24 11:53:06 | WARNING  | __main__:process_lot:130 - Failed to parse lot https://www.copart.com/lot/52275606/clean-title-2020-nissan-rogue-sport-sv-nv-las-vegas-west: Could not parse vehicle details: 1 validation error for Vehicle
year
  Input should be greater than or equal to 1900 [type=greater_than_equal, input_value=1, input_type=int]
    For further information visit https://errors.pydantic.dev/2.13/v/greater_than_equal
2026-07-24 11:53:06 | INFO     | __main__:run_automation_workflow:106 - Opening lots view for auction: IN - Fort Wayne NY - Albany NY - Long Island -> https://www.copart.com/saleListResult/360/2026-08-17?location=IN%20-%20Fort%20Wayne&saleDate=1786975200000&liveAuction=false&from=&yardNum=360
2026-07-24 11:53:06 | INFO     | copart_automation.app.navigation:navigate_to_page:68 - Navigating to https://www.copart.com/saleListResult/360/2026-08-17?location=IN%20-%20Fort%20Wayne&saleDate=1786975200000&liveAuction=false&from=&yardNum=360 (https://www.copart.com/saleListResult/360/2026-08-17?location=IN%20-%20Fort%20Wayne&saleDate=1786975200000&liveAuction=false&from=&yardNum=360)
2026-07-24 11:53:11 | INFO     | copart_automation.app.navigation:navigate_to_page:78 - Successfully navigated to https://www.copart.com/saleListResult/360/2026-08-17?location=IN%20-%20Fort%20Wayne&saleDate=1786975200000&liveAuction=false&from=&yardNum=360 (current URL: https://www.copart.com/saleListResult/360/2026-08-17?location=IN%20-%20Fort%20Wayne&saleDate=1786975200000&liveAuction=false&from=&yardNum=360&qId=93bd3410-81c3-4071-b86b-85d2afcff631-1784893988270)
2026-07-24 11:53:11 | INFO     | copart_automation.app.parser:parse_lots_list:108 - Parsing lots list from https://www.copart.com/saleListResult/360/2026-08-17?location=IN%20-%20Fort%20Wayne&saleDate=1786975200000&liveAuction=false&from=&yardNum=360&qId=93bd3410-81c3-4071-b86b-85d2afcff631-1784893988270
2026-07-24 11:53:11 | INFO     | copart_automation.app.parser:parse_lots_list:136 - Found 1 lot URLs on page
2026-07-24 11:53:11 | INFO     | __main__:run_automation_workflow:110 - Found 1 lots for auction IN - Fort Wayne NY - Albany NY - Long Island
2026-07-24 11:53:11 | INFO     | copart_automation.app.navigation:navigate_to_page:68 - Navigating to https://www.copart.com/lot/57611656/2017-ford-escape-se-in-fort-wayne (https://www.copart.com/lot/57611656/2017-ford-escape-se-in-fort-wayne)
2026-07-24 11:53:15 | INFO     | copart_automation.app.navigation:navigate_to_page:78 - Successfully navigated to https://www.copart.com/lot/57611656/2017-ford-escape-se-in-fort-wayne (current URL: https://www.copart.com/lot/57611656/2017-ford-escape-se-in-fort-wayne)
2026-07-24 11:53:15 | INFO     | copart_automation.app.parser:parse_vehicle_details:93 - Parsing vehicle details from https://www.copart.com/lot/57611656/2017-ford-escape-se-in-fort-wayne
2026-07-24 11:53:16 | WARNING  | __main__:process_lot:130 - Failed to parse lot https://www.copart.com/lot/57611656/2017-ford-escape-se-in-fort-wayne: Duplicate key conflict but existing record not found.
2026-07-24 11:53:16 | INFO     | __main__:run_automation_workflow:106 - Opening lots view for auction: TX - Lufkin -> https://www.copart.com/saleListResult/13/2026-08-17?location=TX%20-%20Lufkin&saleDate=1786986000000&liveAuction=false&from=&yardNum=13
2026-07-24 11:53:16 | INFO     | copart_automation.app.navigation:navigate_to_page:68 - Navigating to https://www.copart.com/saleListResult/13/2026-08-17?location=TX%20-%20Lufkin&saleDate=1786986000000&liveAuction=false&from=&yardNum=13 (https://www.copart.com/saleListResult/13/2026-08-17?location=TX%20-%20Lufkin&saleDate=1786986000000&liveAuction=false&from=&yardNum=13)
2026-07-24 11:53:21 | INFO     | copart_automation.app.navigation:navigate_to_page:78 - Successfully navigated to https://www.copart.com/saleListResult/13/2026-08-17?location=TX%20-%20Lufkin&saleDate=1786986000000&liveAuction=false&from=&yardNum=13 (current URL: https://www.copart.com/saleListResult/13/2026-08-17?location=TX%20-%20Lufkin&saleDate=1786986000000&liveAuction=false&from=&yardNum=13&qId=93bd3410-81c3-4071-b86b-85d2afcff631-1784893997897)
2026-07-24 11:53:21 | INFO     | copart_automation.app.parser:parse_lots_list:108 - Parsing lots list from https://www.copart.com/saleListResult/13/2026-08-17?location=TX%20-%20Lufkin&saleDate=1786986000000&liveAuction=false&from=&yardNum=13&qId=93bd3410-81c3-4071-b86b-85d2afcff631-1784893997897
2026-07-24 11:53:21 | INFO     | copart_automation.app.parser:parse_lots_list:136 - Found 1 lot URLs on page
2026-07-24 11:53:21 | INFO     | __main__:run_automation_workflow:110 - Found 1 lots for auction TX - Lufkin
2026-07-24 11:53:21 | INFO     | copart_automation.app.navigation:navigate_to_page:68 - Navigating to https://www.copart.com/lot/48786696/clean-title-2008-gmc-sierra-c1500-tx-lufkin (https://www.copart.com/lot/48786696/clean-title-2008-gmc-sierra-c1500-tx-lufkin)
2026-07-24 11:53:26 | INFO     | copart_automation.app.navigation:navigate_to_page:78 - Successfully navigated to https://www.copart.com/lot/48786696/clean-title-2008-gmc-sierra-c1500-tx-lufkin (current URL: https://www.copart.com/lot/48786696/clean-title-2008-gmc-sierra-c1500-tx-lufkin)
2026-07-24 11:53:26 | INFO     | copart_automation.app.parser:parse_vehicle_details:93 - Parsing vehicle details from https://www.copart.com/lot/48786696/clean-title-2008-gmc-sierra-c1500-tx-lufkin
2026-07-24 11:53:26 | ERROR    | copart_automation.app.parser:parse_vehicle_details:100 - Failed to parse vehicle details: 1 validation error for Vehicle
year
  Input should be greater than or equal to 1900 [type=greater_than_equal, input_value=3, input_type=int]
    For further information visit https://errors.pydantic.dev/2.13/v/greater_than_equal
2026-07-24 11:53:26 | WARNING  | __main__:process_lot:130 - Failed to parse lot https://www.copart.com/lot/48786696/clean-title-2008-gmc-sierra-c1500-tx-lufkin: Could not parse vehicle details: 1 validation error for Vehicle
year
  Input should be greater than or equal to 1900 [type=greater_than_equal, input_value=3, input_type=int]
    For further information visit https://errors.pydantic.dev/2.13/v/greater_than_equal
2026-07-24 11:53:26 | INFO     | __main__:run_automation_workflow:106 - Opening lots view for auction: NY - Albany NY - Long Island -> https://www.copart.com/saleListResult/94/2026-08-24?location=NY%20-%20Albany&saleDate=1787580000000&liveAuction=false&from=&yardNum=94
2026-07-24 11:53:26 | INFO     | copart_automation.app.navigation:navigate_to_page:68 - Navigating to https://www.copart.com/saleListResult/94/2026-08-24?location=NY%20-%20Albany&saleDate=1787580000000&liveAuction=false&from=&yardNum=94 (https://www.copart.com/saleListResult/94/2026-08-24?location=NY%20-%20Albany&saleDate=1787580000000&liveAuction=false&from=&yardNum=94)
2026-07-24 11:53:31 | INFO     | copart_automation.app.navigation:navigate_to_page:78 - Successfully navigated to https://www.copart.com/saleListResult/94/2026-08-24?location=NY%20-%20Albany&saleDate=1787580000000&liveAuction=false&from=&yardNum=94 (current URL: https://www.copart.com/saleListResult/94/2026-08-24?location=NY%20-%20Albany&saleDate=1787580000000&liveAuction=false&from=&yardNum=94&qId=93bd3410-81c3-4071-b86b-85d2afcff631-1784894007968)
2026-07-24 11:53:31 | INFO     | copart_automation.app.parser:parse_lots_list:108 - Parsing lots list from https://www.copart.com/saleListResult/94/2026-08-24?location=NY%20-%20Albany&saleDate=1787580000000&liveAuction=false&from=&yardNum=94&qId=93bd3410-81c3-4071-b86b-85d2afcff631-1784894007968
2026-07-24 11:53:31 | INFO     | copart_automation.app.parser:parse_lots_list:136 - Found 6 lot URLs on page
2026-07-24 11:53:31 | INFO     | __main__:run_automation_workflow:110 - Found 6 lots for auction NY - Albany NY - Long Island
2026-07-24 11:53:31 | INFO     | copart_automation.app.navigation:navigate_to_page:68 - Navigating to https://www.copart.com/lot/96915845/2020-bmw-430xi-ny-albany (https://www.copart.com/lot/96915845/2020-bmw-430xi-ny-albany)
2026-07-24 11:53:31 | INFO     | copart_automation.app.navigation:navigate_to_page:68 - Navigating to https://www.copart.com/lot/85623915/2010-cadillac-cts-ny-albany (https://www.copart.com/lot/85623915/2010-cadillac-cts-ny-albany)
2026-07-24 11:53:31 | INFO     | copart_automation.app.navigation:navigate_to_page:68 - Navigating to https://www.copart.com/lot/73717225/2024-toyota-highlander-le-ny-albany (https://www.copart.com/lot/73717225/2024-toyota-highlander-le-ny-albany)
2026-07-24 11:53:31 | INFO     | copart_automation.app.navigation:navigate_to_page:68 - Navigating to https://www.copart.com/lot/60191566/2014-kia-optima-hybrid-ny-albany (https://www.copart.com/lot/60191566/2014-kia-optima-hybrid-ny-albany)
2026-07-24 11:53:31 | INFO     | copart_automation.app.navigation:navigate_to_page:68 - Navigating to https://www.copart.com/lot/53697866/2024-buick-envista-preferred-ny-albany (https://www.copart.com/lot/53697866/2024-buick-envista-preferred-ny-albany)
2026-07-24 11:53:34 | INFO     | copart_automation.app.navigation:navigate_to_page:78 - Successfully navigated to https://www.copart.com/lot/96915845/2020-bmw-430xi-ny-albany (current URL: https://www.copart.com/lot/96915845/2020-bmw-430xi-ny-albany)
2026-07-24 11:53:34 | INFO     | copart_automation.app.parser:parse_vehicle_details:93 - Parsing vehicle details from https://www.copart.com/lot/96915845/2020-bmw-430xi-ny-albany
2026-07-24 11:53:34 | INFO     | copart_automation.app.navigation:navigate_to_page:78 - Successfully navigated to https://www.copart.com/lot/60191566/2014-kia-optima-hybrid-ny-albany (current URL: https://www.copart.com/lot/60191566/2014-kia-optima-hybrid-ny-albany)
2026-07-24 11:53:34 | INFO     | copart_automation.app.parser:parse_vehicle_details:93 - Parsing vehicle details from https://www.copart.com/lot/60191566/2014-kia-optima-hybrid-ny-albany
2026-07-24 11:53:34 | INFO     | copart_automation.app.navigation:navigate_to_page:78 - Successfully navigated to https://www.copart.com/lot/53697866/2024-buick-envista-preferred-ny-albany (current URL: https://www.copart.com/lot/53697866/2024-buick-envista-preferred-ny-albany)
2026-07-24 11:53:34 | INFO     | copart_automation.app.parser:parse_vehicle_details:93 - Parsing vehicle details from https://www.copart.com/lot/53697866/2024-buick-envista-preferred-ny-albany
2026-07-24 11:53:35 | INFO     | copart_automation.app.database:insert_vehicle:237 - Vehicle CPRTUS already exists (id=1); skipped insert.
2026-07-24 11:53:35 | INFO     | copart_automation.app.database:insert_vehicle:237 - Vehicle CPRTUS already exists (id=1); skipped insert.
2026-07-24 11:53:36 | INFO     | copart_automation.app.database:insert_vehicle:237 - Vehicle CPRTUS already exists (id=1); skipped insert.
2026-07-24 11:53:36 | INFO     | copart_automation.app.navigation:navigate_to_page:78 - Successfully navigated to https://www.copart.com/lot/85623915/2010-cadillac-cts-ny-albany (current URL: https://www.copart.com/lot/85623915/2010-cadillac-cts-ny-albany)
2026-07-24 11:53:36 | INFO     | copart_automation.app.parser:parse_vehicle_details:93 - Parsing vehicle details from https://www.copart.com/lot/85623915/2010-cadillac-cts-ny-albany
2026-07-24 11:53:36 | INFO     | copart_automation.app.navigation:navigate_to_page:68 - Navigating to https://www.copart.com/lot/51007086/2022-subaru-wrx-premium-ny-albany (https://www.copart.com/lot/51007086/2022-subaru-wrx-premium-ny-albany)
2026-07-24 11:53:37 | INFO     | copart_automation.app.database:insert_vehicle:227 - Inserted vehicle ALBANY (id=4)
2026-07-24 11:53:40 | INFO     | copart_automation.app.navigation:navigate_to_page:78 - Successfully navigated to https://www.copart.com/lot/73717225/2024-toyota-highlander-le-ny-albany (current URL: https://www.copart.com/lot/73717225/2024-toyota-highlander-le-ny-albany)
2026-07-24 11:53:40 | INFO     | copart_automation.app.parser:parse_vehicle_details:93 - Parsing vehicle details from https://www.copart.com/lot/73717225/2024-toyota-highlander-le-ny-albany
2026-07-24 11:53:41 | WARNING  | __main__:process_lot:130 - Failed to parse lot https://www.copart.com/lot/73717225/2024-toyota-highlander-le-ny-albany: Duplicate key conflict but existing record not found.
2026-07-24 11:53:42 | INFO     | copart_automation.app.navigation:navigate_to_page:78 - Successfully navigated to https://www.copart.com/lot/51007086/2022-subaru-wrx-premium-ny-albany (current URL: https://www.copart.com/lot/51007086/2022-subaru-wrx-premium-ny-albany)
2026-07-24 11:53:42 | INFO     | copart_automation.app.parser:parse_vehicle_details:93 - Parsing vehicle details from https://www.copart.com/lot/51007086/2022-subaru-wrx-premium-ny-albany
2026-07-24 11:53:42 | WARNING  | __main__:process_lot:130 - Failed to parse lot https://www.copart.com/lot/51007086/2022-subaru-wrx-premium-ny-albany: Duplicate key conflict but existing record not found.
2026-07-24 11:53:42 | INFO     | __main__:run_automation_workflow:106 - Opening lots view for auction: MO - Springfield -> https://www.copart.com/saleListResult/92/2026-08-24?location=MO%20-%20Springfield&saleDate=1787590800000&liveAuction=false&from=&yardNum=92
2026-07-24 11:53:42 | INFO     | copart_automation.app.navigation:navigate_to_page:68 - Navigating to https://www.copart.com/saleListResult/92/2026-08-24?location=MO%20-%20Springfield&saleDate=1787590800000&liveAuction=false&from=&yardNum=92 (https://www.copart.com/saleListResult/92/2026-08-24?location=MO%20-%20Springfield&saleDate=1787590800000&liveAuction=false&from=&yardNum=92)
2026-07-24 11:53:47 | INFO     | copart_automation.app.navigation:navigate_to_page:78 - Successfully navigated to https://www.copart.com/saleListResult/92/2026-08-24?location=MO%20-%20Springfield&saleDate=1787590800000&liveAuction=false&from=&yardNum=92 (current URL: https://www.copart.com/saleListResult/92/2026-08-24?location=MO%20-%20Springfield&saleDate=1787590800000&liveAuction=false&from=&yardNum=92&qId=93bd3410-81c3-4071-b86b-85d2afcff631-1784894024223)
2026-07-24 11:53:47 | INFO     | copart_automation.app.parser:parse_lots_list:108 - Parsing lots list from https://www.copart.com/saleListResult/92/2026-08-24?location=MO%20-%20Springfield&saleDate=1787590800000&liveAuction=false&from=&yardNum=92&qId=93bd3410-81c3-4071-b86b-85d2afcff631-1784894024223
2026-07-24 11:53:47 | INFO     | copart_automation.app.parser:parse_lots_list:136 - Found 1 lot URLs on page
2026-07-24 11:53:47 | INFO     | __main__:run_automation_workflow:110 - Found 1 lots for auction MO - Springfield
2026-07-24 11:53:47 | INFO     | copart_automation.app.navigation:navigate_to_page:68 - Navigating to https://www.copart.com/lot/70727294/salvage-2008-pontiac-g6-gt-mo-springfield (https://www.copart.com/lot/70727294/salvage-2008-pontiac-g6-gt-mo-springfield)
2026-07-24 11:53:54 | INFO     | copart_automation.app.navigation:navigate_to_page:78 - Successfully navigated to https://www.copart.com/lot/70727294/salvage-2008-pontiac-g6-gt-mo-springfield (current URL: https://www.copart.com/lot/70727294/salvage-2008-pontiac-g6-gt-mo-springfield)
2026-07-24 11:53:54 | INFO     | copart_automation.app.parser:parse_vehicle_details:93 - Parsing vehicle details from https://www.copart.com/lot/70727294/salvage-2008-pontiac-g6-gt-mo-springfield
2026-07-24 11:53:55 | ERROR    | copart_automation.app.parser:parse_vehicle_details:100 - Failed to parse vehicle details: 1 validation error for Vehicle
year
  Input should be greater than or equal to 1900 [type=greater_than_equal, input_value=1, input_type=int]
    For further information visit https://errors.pydantic.dev/2.13/v/greater_than_equal
2026-07-24 11:53:55 | WARNING  | __main__:process_lot:130 - Failed to parse lot https://www.copart.com/lot/70727294/salvage-2008-pontiac-g6-gt-mo-springfield: Could not parse vehicle details: 1 validation error for Vehicle
year
  Input should be greater than or equal to 1900 [type=greater_than_equal, input_value=1, input_type=int]
    For further information visit https://errors.pydantic.dev/2.13/v/greater_than_equal
2026-07-24 11:53:55 | INFO     | __main__:run_automation_workflow:106 - Opening lots view for auction: *NCS - Central Region *NCS - Eastern Region *NCS - Mountain Region *NCS - Pacific Region -> https://www.copart.com/saleListResult/881/2026-07-27?location=*NCS%20-%20Central%20Region&saleDate=1785200400000&liveAuction=false&from=&yardNum=881
2026-07-24 11:53:55 | INFO     | copart_automation.app.navigation:navigate_to_page:68 - Navigating to https://www.copart.com/saleListResult/881/2026-07-27?location=*NCS%20-%20Central%20Region&saleDate=1785200400000&liveAuction=false&from=&yardNum=881 (https://www.copart.com/saleListResult/881/2026-07-27?location=*NCS%20-%20Central%20Region&saleDate=1785200400000&liveAuction=false&from=&yardNum=881)
2026-07-24 11:53:59 | INFO     | copart_automation.app.navigation:navigate_to_page:78 - Successfully navigated to https://www.copart.com/saleListResult/881/2026-07-27?location=*NCS%20-%20Central%20Region&saleDate=1785200400000&liveAuction=false&from=&yardNum=881 (current URL: https://www.copart.com/saleListResult/881/2026-07-27?location=*NCS%20-%20Central%20Region&saleDate=1785200400000&liveAuction=false&from=&yardNum=881&qId=93bd3410-81c3-4071-b86b-85d2afcff631-1784894036607)
2026-07-24 11:53:59 | INFO     | copart_automation.app.parser:parse_lots_list:108 - Parsing lots list from https://www.copart.com/saleListResult/881/2026-07-27?location=*NCS%20-%20Central%20Region&saleDate=1785200400000&liveAuction=false&from=&yardNum=881&qId=93bd3410-81c3-4071-b86b-85d2afcff631-1784894036607
2026-07-24 11:54:00 | INFO     | copart_automation.app.parser:parse_lots_list:136 - Found 20 lot URLs on page
2026-07-24 11:54:00 | INFO     | __main__:run_automation_workflow:110 - Found 20 lots for auction *NCS - Central Region *NCS - Eastern Region *NCS - Mountain Region *NCS - Pacific Region
2026-07-24 11:54:00 | INFO     | copart_automation.app.navigation:navigate_to_page:68 - Navigating to https://www.copart.com/lot/61605846/clean-title-2024-ford-transit-t-350-fl-punta-gorda (https://www.copart.com/lot/61605846/clean-title-2024-ford-transit-t-350-fl-punta-gorda)
2026-07-24 11:54:00 | INFO     | copart_automation.app.navigation:navigate_to_page:68 - Navigating to https://www.copart.com/lot/99472305/clean-title-2018-land-rover-discovery-sport-hse-tx-houston-east (https://www.copart.com/lot/99472305/clean-title-2018-land-rover-discovery-sport-hse-tx-houston-east)
2026-07-24 11:54:00 | INFO     | copart_automation.app.navigation:navigate_to_page:68 - Navigating to https://www.copart.com/lot/98853685/clean-title-2019-chevrolet-express-g3500-ls-al-montgomery (https://www.copart.com/lot/98853685/clean-title-2019-chevrolet-express-g3500-ls-al-montgomery)
2026-07-24 11:54:00 | INFO     | copart_automation.app.navigation:navigate_to_page:68 - Navigating to https://www.copart.com/lot/98003655/salvage-2023-ram-promaster-utility-service-van-az-phoenix (https://www.copart.com/lot/98003655/salvage-2023-ram-promaster-utility-service-van-az-phoenix)
2026-07-24 11:54:00 | INFO     | copart_automation.app.navigation:navigate_to_page:68 - Navigating to https://www.copart.com/lot/97886765/clean-title-2021-ford-f350-sd-6-7l-v8-turbo-diesel-tx-san-antonio (https://www.copart.com/lot/97886765/clean-title-2021-ford-f350-sd-6-7l-v8-turbo-diesel-tx-san-antonio)
2026-07-24 11:54:03 | INFO     | copart_automation.app.navigation:navigate_to_page:78 - Successfully navigated to https://www.copart.com/lot/61605846/clean-title-2024-ford-transit-t-350-fl-punta-gorda (current URL: https://www.copart.com/lot/61605846/clean-title-2024-ford-transit-t-350-fl-punta-gorda)
2026-07-24 11:54:03 | INFO     | copart_automation.app.parser:parse_vehicle_details:93 - Parsing vehicle details from https://www.copart.com/lot/61605846/clean-title-2024-ford-transit-t-350-fl-punta-gorda
2026-07-24 11:54:03 | INFO     | copart_automation.app.navigation:navigate_to_page:78 - Successfully navigated to https://www.copart.com/lot/98853685/clean-title-2019-chevrolet-express-g3500-ls-al-montgomery (current URL: https://www.copart.com/lot/98853685/clean-title-2019-chevrolet-express-g3500-ls-al-montgomery)
2026-07-24 11:54:03 | INFO     | copart_automation.app.parser:parse_vehicle_details:93 - Parsing vehicle details from https://www.copart.com/lot/98853685/clean-title-2019-chevrolet-express-g3500-ls-al-montgomery
2026-07-24 11:54:03 | INFO     | copart_automation.app.navigation:navigate_to_page:78 - Successfully navigated to https://www.copart.com/lot/99472305/clean-title-2018-land-rover-discovery-sport-hse-tx-houston-east (current URL: https://www.copart.com/lot/99472305/clean-title-2018-land-rover-discovery-sport-hse-tx-houston-east)
2026-07-24 11:54:03 | INFO     | copart_automation.app.parser:parse_vehicle_details:93 - Parsing vehicle details from https://www.copart.com/lot/99472305/clean-title-2018-land-rover-discovery-sport-hse-tx-houston-east
2026-07-24 11:54:04 | INFO     | copart_automation.app.database:insert_vehicle:237 - Vehicle CPRTUS already exists (id=1); skipped insert.
2026-07-24 11:54:04 | INFO     | copart_automation.app.navigation:navigate_to_page:78 - Successfully navigated to https://www.copart.com/lot/97886765/clean-title-2021-ford-f350-sd-6-7l-v8-turbo-diesel-tx-san-antonio (current URL: https://www.copart.com/lot/97886765/clean-title-2021-ford-f350-sd-6-7l-v8-turbo-diesel-tx-san-antonio)
2026-07-24 11:54:04 | INFO     | copart_automation.app.parser:parse_vehicle_details:93 - Parsing vehicle details from https://www.copart.com/lot/97886765/clean-title-2021-ford-f350-sd-6-7l-v8-turbo-diesel-tx-san-antonio
2026-07-24 11:54:04 | INFO     | copart_automation.app.database:insert_vehicle:237 - Vehicle CPRTUS already exists (id=1); skipped insert.
2026-07-24 11:54:05 | INFO     | copart_automation.app.database:insert_vehicle:237 - Vehicle CPRTUS already exists (id=1); skipped insert.
2026-07-24 11:54:05 | INFO     | copart_automation.app.navigation:navigate_to_page:68 - Navigating to https://www.copart.com/lot/97829845/clean-title-2015-jeep-cherokee-latitude-al-tanner (https://www.copart.com/lot/97829845/clean-title-2015-jeep-cherokee-latitude-al-tanner)
2026-07-24 11:54:05 | INFO     | copart_automation.app.database:insert_vehicle:237 - Vehicle CPRTUS already exists (id=1); skipped insert.
2026-07-24 11:54:05 | INFO     | copart_automation.app.navigation:navigate_to_page:68 - Navigating to https://www.copart.com/lot/96560435/clean-title-2020-volvo-s60-t5-momentum-tx-san-antonio (https://www.copart.com/lot/96560435/clean-title-2020-volvo-s60-t5-momentum-tx-san-antonio)
2026-07-24 11:54:05 | INFO     | copart_automation.app.navigation:navigate_to_page:68 - Navigating to https://www.copart.com/lot/96555065/clean-title-2012-land-rover-range-rover-sport-hse-il-chicago-north (https://www.copart.com/lot/96555065/clean-title-2012-land-rover-range-rover-sport-hse-il-chicago-north)
2026-07-24 11:54:05 | INFO     | copart_automation.app.navigation:navigate_to_page:68 - Navigating to https://www.copart.com/lot/95618815/clean-title-2020-ram-2500-4wd-v8-crew-cab-6-4l-tx-san-antonio (https://www.copart.com/lot/95618815/clean-title-2020-ram-2500-4wd-v8-crew-cab-6-4l-tx-san-antonio)
2026-07-24 11:54:08 | INFO     | copart_automation.app.navigation:navigate_to_page:78 - Successfully navigated to https://www.copart.com/lot/97829845/clean-title-2015-jeep-cherokee-latitude-al-tanner (current URL: https://www.copart.com/lot/97829845/clean-title-2015-jeep-cherokee-latitude-al-tanner)
2026-07-24 11:54:08 | INFO     | copart_automation.app.parser:parse_vehicle_details:93 - Parsing vehicle details from https://www.copart.com/lot/97829845/clean-title-2015-jeep-cherokee-latitude-al-tanner
2026-07-24 11:54:09 | INFO     | copart_automation.app.database:insert_vehicle:237 - Vehicle CPRTUS already exists (id=1); skipped insert.
2026-07-24 11:54:09 | INFO     | copart_automation.app.navigation:navigate_to_page:78 - Successfully navigated to https://www.copart.com/lot/95618815/clean-title-2020-ram-2500-4wd-v8-crew-cab-6-4l-tx-san-antonio (current URL: https://www.copart.com/lot/95618815/clean-title-2020-ram-2500-4wd-v8-crew-cab-6-4l-tx-san-antonio)
2026-07-24 11:54:09 | INFO     | copart_automation.app.parser:parse_vehicle_details:93 - Parsing vehicle details from https://www.copart.com/lot/95618815/clean-title-2020-ram-2500-4wd-v8-crew-cab-6-4l-tx-san-antonio
2026-07-24 11:54:10 | INFO     | copart_automation.app.database:insert_vehicle:237 - Vehicle CPRTUS already exists (id=1); skipped insert.
2026-07-24 11:54:10 | INFO     | copart_automation.app.navigation:navigate_to_page:68 - Navigating to https://www.copart.com/lot/94906905/clean-title-2019-mercedes-benz-glc-300-tx-dallas (https://www.copart.com/lot/94906905/clean-title-2019-mercedes-benz-glc-300-tx-dallas)
2026-07-24 11:54:10 | INFO     | copart_automation.app.navigation:navigate_to_page:68 - Navigating to https://www.copart.com/lot/94413525/salvage-2023-ford-f350-xl-rwd-6-8l-v-8-long-box-tx-san-antonio (https://www.copart.com/lot/94413525/salvage-2023-ford-f350-xl-rwd-6-8l-v-8-long-box-tx-san-antonio)
2026-07-24 11:54:11 | INFO     | copart_automation.app.navigation:navigate_to_page:78 - Successfully navigated to https://www.copart.com/lot/98003655/salvage-2023-ram-promaster-utility-service-van-az-phoenix (current URL: https://www.copart.com/lot/98003655/salvage-2023-ram-promaster-utility-service-van-az-phoenix)
2026-07-24 11:54:11 | INFO     | copart_automation.app.parser:parse_vehicle_details:93 - Parsing vehicle details from https://www.copart.com/lot/98003655/salvage-2023-ram-promaster-utility-service-van-az-phoenix
2026-07-24 11:54:12 | WARNING  | __main__:process_lot:130 - Failed to parse lot https://www.copart.com/lot/98003655/salvage-2023-ram-promaster-utility-service-van-az-phoenix: Duplicate key conflict but existing record not found.
2026-07-24 11:54:12 | INFO     | copart_automation.app.navigation:navigate_to_page:68 - Navigating to https://www.copart.com/lot/93188305/clean-title-2019-bmw-530i-xdrive-sport-tx-houston-east (https://www.copart.com/lot/93188305/clean-title-2019-bmw-530i-xdrive-sport-tx-houston-east)
2026-07-24 11:54:13 | INFO     | copart_automation.app.navigation:navigate_to_page:78 - Successfully navigated to https://www.copart.com/lot/94906905/clean-title-2019-mercedes-benz-glc-300-tx-dallas (current URL: https://www.copart.com/lot/94906905/clean-title-2019-mercedes-benz-glc-300-tx-dallas)
2026-07-24 11:54:13 | INFO     | copart_automation.app.parser:parse_vehicle_details:93 - Parsing vehicle details from https://www.copart.com/lot/94906905/clean-title-2019-mercedes-benz-glc-300-tx-dallas
2026-07-24 11:54:13 | INFO     | copart_automation.app.navigation:navigate_to_page:78 - Successfully navigated to https://www.copart.com/lot/94413525/salvage-2023-ford-f350-xl-rwd-6-8l-v-8-long-box-tx-san-antonio (current URL: https://www.copart.com/lot/94413525/salvage-2023-ford-f350-xl-rwd-6-8l-v-8-long-box-tx-san-antonio)
2026-07-24 11:54:13 | INFO     | copart_automation.app.parser:parse_vehicle_details:93 - Parsing vehicle details from https://www.copart.com/lot/94413525/salvage-2023-ford-f350-xl-rwd-6-8l-v-8-long-box-tx-san-antonio
2026-07-24 11:54:14 | INFO     | copart_automation.app.database:insert_vehicle:237 - Vehicle CPRTUS already exists (id=1); skipped insert.
2026-07-24 11:54:15 | INFO     | copart_automation.app.database:insert_vehicle:237 - Vehicle CPRTUS already exists (id=1); skipped insert.
2026-07-24 11:54:15 | INFO     | copart_automation.app.navigation:navigate_to_page:68 - Navigating to https://www.copart.com/lot/92743305/clean-title-2016-volkswagen-touareg-sport-tx-san-antonio (https://www.copart.com/lot/92743305/clean-title-2016-volkswagen-touareg-sport-tx-san-antonio)
2026-07-24 11:54:15 | INFO     | copart_automation.app.navigation:navigate_to_page:68 - Navigating to https://www.copart.com/lot/92585235/clean-title-2019-mercedes-benz-sprinter-2500-high-roof-3-0l-diesel-standard-roof-tx-dallas (https://www.copart.com/lot/92585235/clean-title-2019-mercedes-benz-sprinter-2500-high-roof-3-0l-diesel-standard-roof-tx-dallas)
2026-07-24 11:54:15 | INFO     | copart_automation.app.navigation:navigate_to_page:78 - Successfully navigated to https://www.copart.com/lot/93188305/clean-title-2019-bmw-530i-xdrive-sport-tx-houston-east (current URL: https://www.copart.com/lot/93188305/clean-title-2019-bmw-530i-xdrive-sport-tx-houston-east)
2026-07-24 11:54:15 | INFO     | copart_automation.app.parser:parse_vehicle_details:93 - Parsing vehicle details from https://www.copart.com/lot/93188305/clean-title-2019-bmw-530i-xdrive-sport-tx-houston-east
2026-07-24 11:54:16 | INFO     | copart_automation.app.database:insert_vehicle:237 - Vehicle CPRTUS already exists (id=1); skipped insert.
2026-07-24 11:54:16 | INFO     | copart_automation.app.navigation:navigate_to_page:78 - Successfully navigated to https://www.copart.com/lot/96555065/clean-title-2012-land-rover-range-rover-sport-hse-il-chicago-north (current URL: https://www.copart.com/lot/96555065/clean-title-2012-land-rover-range-rover-sport-hse-il-chicago-north)
2026-07-24 11:54:16 | INFO     | copart_automation.app.parser:parse_vehicle_details:93 - Parsing vehicle details from https://www.copart.com/lot/96555065/clean-title-2012-land-rover-range-rover-sport-hse-il-chicago-north
2026-07-24 11:54:16 | INFO     | copart_automation.app.navigation:navigate_to_page:68 - Navigating to https://www.copart.com/lot/92376825/clean-title-2022-ford-maverick-xl-2-0l-4c-crew-cab-tx-houston-east (https://www.copart.com/lot/92376825/clean-title-2022-ford-maverick-xl-2-0l-4c-crew-cab-tx-houston-east)
2026-07-24 11:54:18 | ERROR    | copart_automation.app.parser:parse_vehicle_details:100 - Failed to parse vehicle details: 1 validation error for Vehicle
year
  Input should be greater than or equal to 1900 [type=greater_than_equal, input_value=2, input_type=int]
    For further information visit https://errors.pydantic.dev/2.13/v/greater_than_equal
2026-07-24 11:54:18 | INFO     | copart_automation.app.navigation:navigate_to_page:78 - Successfully navigated to https://www.copart.com/lot/96560435/clean-title-2020-volvo-s60-t5-momentum-tx-san-antonio (current URL: https://www.copart.com/lot/96560435/clean-title-2020-volvo-s60-t5-momentum-tx-san-antonio)
2026-07-24 11:54:18 | INFO     | copart_automation.app.parser:parse_vehicle_details:93 - Parsing vehicle details from https://www.copart.com/lot/96560435/clean-title-2020-volvo-s60-t5-momentum-tx-san-antonio
2026-07-24 11:54:18 | INFO     | copart_automation.app.navigation:navigate_to_page:78 - Successfully navigated to https://www.copart.com/lot/92743305/clean-title-2016-volkswagen-touareg-sport-tx-san-antonio (current URL: https://www.copart.com/lot/92743305/clean-title-2016-volkswagen-touareg-sport-tx-san-antonio)
2026-07-24 11:54:18 | INFO     | copart_automation.app.parser:parse_vehicle_details:93 - Parsing vehicle details from https://www.copart.com/lot/92743305/clean-title-2016-volkswagen-touareg-sport-tx-san-antonio
2026-07-24 11:54:18 | WARNING  | __main__:process_lot:130 - Failed to parse lot https://www.copart.com/lot/96555065/clean-title-2012-land-rover-range-rover-sport-hse-il-chicago-north: Could not parse vehicle details: 1 validation error for Vehicle
year
  Input should be greater than or equal to 1900 [type=greater_than_equal, input_value=2, input_type=int]
    For further information visit https://errors.pydantic.dev/2.13/v/greater_than_equal
2026-07-24 11:54:18 | INFO     | copart_automation.app.navigation:navigate_to_page:68 - Navigating to https://www.copart.com/lot/92309285/clean-title-2003-chevrolet-avalanche-k1500-ms-grenada (https://www.copart.com/lot/92309285/clean-title-2003-chevrolet-avalanche-k1500-ms-grenada)
2026-07-24 11:54:19 | INFO     | copart_automation.app.database:insert_vehicle:237 - Vehicle CPRTUS already exists (id=1); skipped insert.
2026-07-24 11:54:19 | WARNING  | __main__:process_lot:130 - Failed to parse lot https://www.copart.com/lot/96560435/clean-title-2020-volvo-s60-t5-momentum-tx-san-antonio: Duplicate key conflict but existing record not found.
2026-07-24 11:54:19 | INFO     | copart_automation.app.navigation:navigate_to_page:68 - Navigating to https://www.copart.com/lot/85989945/salvage-2019-hino-155-box-truck-il-chicago-north (https://www.copart.com/lot/85989945/salvage-2019-hino-155-box-truck-il-chicago-north)
2026-07-24 11:54:19 | INFO     | copart_automation.app.navigation:navigate_to_page:68 - Navigating to https://www.copart.com/lot/85770525/clean-title-2016-dodge-journey-sxt-ar-fayetteville (https://www.copart.com/lot/85770525/clean-title-2016-dodge-journey-sxt-ar-fayetteville)
2026-07-24 11:54:19 | INFO     | copart_automation.app.navigation:navigate_to_page:78 - Successfully navigated to https://www.copart.com/lot/92376825/clean-title-2022-ford-maverick-xl-2-0l-4c-crew-cab-tx-houston-east (current URL: https://www.copart.com/lot/92376825/clean-title-2022-ford-maverick-xl-2-0l-4c-crew-cab-tx-houston-east)
2026-07-24 11:54:19 | INFO     | copart_automation.app.parser:parse_vehicle_details:93 - Parsing vehicle details from https://www.copart.com/lot/92376825/clean-title-2022-ford-maverick-xl-2-0l-4c-crew-cab-tx-houston-east
2026-07-24 11:54:20 | INFO     | copart_automation.app.database:insert_vehicle:237 - Vehicle CPRTUS already exists (id=1); skipped insert.
2026-07-24 11:54:21 | INFO     | copart_automation.app.navigation:navigate_to_page:68 - Navigating to https://www.copart.com/lot/85610725/clean-title-2019-mercedes-benz-s-s560e-tx-dallas-south (https://www.copart.com/lot/85610725/clean-title-2019-mercedes-benz-s-s560e-tx-dallas-south)
2026-07-24 11:54:21 | INFO     | copart_automation.app.navigation:navigate_to_page:78 - Successfully navigated to https://www.copart.com/lot/92309285/clean-title-2003-chevrolet-avalanche-k1500-ms-grenada (current URL: https://www.copart.com/lot/92309285/clean-title-2003-chevrolet-avalanche-k1500-ms-grenada)
2026-07-24 11:54:21 | INFO     | copart_automation.app.parser:parse_vehicle_details:93 - Parsing vehicle details from https://www.copart.com/lot/92309285/clean-title-2003-chevrolet-avalanche-k1500-ms-grenada
2026-07-24 11:54:22 | INFO     | copart_automation.app.database:insert_vehicle:237 - Vehicle CPRTUS already exists (id=1); skipped insert.
2026-07-24 11:54:22 | INFO     | copart_automation.app.navigation:navigate_to_page:78 - Successfully navigated to https://www.copart.com/lot/85989945/salvage-2019-hino-155-box-truck-il-chicago-north (current URL: https://www.copart.com/lot/85989945/salvage-2019-hino-155-box-truck-il-chicago-north)
2026-07-24 11:54:22 | INFO     | copart_automation.app.parser:parse_vehicle_details:93 - Parsing vehicle details from https://www.copart.com/lot/85989945/salvage-2019-hino-155-box-truck-il-chicago-north
2026-07-24 11:54:22 | INFO     | copart_automation.app.navigation:navigate_to_page:78 - Successfully navigated to https://www.copart.com/lot/85770525/clean-title-2016-dodge-journey-sxt-ar-fayetteville (current URL: https://www.copart.com/lot/85770525/clean-title-2016-dodge-journey-sxt-ar-fayetteville)
2026-07-24 11:54:22 | INFO     | copart_automation.app.parser:parse_vehicle_details:93 - Parsing vehicle details from https://www.copart.com/lot/85770525/clean-title-2016-dodge-journey-sxt-ar-fayetteville
2026-07-24 11:54:22 | INFO     | copart_automation.app.navigation:navigate_to_page:68 - Navigating to https://www.copart.com/lot/85609965/clean-title-2017-ford-escape-titanium-al-montgomery (https://www.copart.com/lot/85609965/clean-title-2017-ford-escape-titanium-al-montgomery)
2026-07-24 11:54:23 | INFO     | copart_automation.app.database:insert_vehicle:237 - Vehicle CPRTUS already exists (id=1); skipped insert.
2026-07-24 11:54:24 | INFO     | copart_automation.app.database:insert_vehicle:237 - Vehicle CPRTUS already exists (id=1); skipped insert.
2026-07-24 11:54:27 | INFO     | copart_automation.app.navigation:navigate_to_page:78 - Successfully navigated to https://www.copart.com/lot/92585235/clean-title-2019-mercedes-benz-sprinter-2500-high-roof-3-0l-diesel-standard-roof-tx-dallas (current URL: https://www.copart.com/lot/92585235/clean-title-2019-mercedes-benz-sprinter-2500-high-roof-3-0l-diesel-standard-roof-tx-dallas)
2026-07-24 11:54:27 | INFO     | copart_automation.app.parser:parse_vehicle_details:93 - Parsing vehicle details from https://www.copart.com/lot/92585235/clean-title-2019-mercedes-benz-sprinter-2500-high-roof-3-0l-diesel-standard-roof-tx-dallas
2026-07-24 11:54:27 | WARNING  | __main__:process_lot:130 - Failed to parse lot https://www.copart.com/lot/92585235/clean-title-2019-mercedes-benz-sprinter-2500-high-roof-3-0l-diesel-standard-roof-tx-dallas: Duplicate key conflict but existing record not found.
2026-07-24 11:54:29 | INFO     | copart_automation.app.navigation:navigate_to_page:78 - Successfully navigated to https://www.copart.com/lot/85610725/clean-title-2019-mercedes-benz-s-s560e-tx-dallas-south (current URL: https://www.copart.com/lot/85610725/clean-title-2019-mercedes-benz-s-s560e-tx-dallas-south)
2026-07-24 11:54:29 | INFO     | copart_automation.app.parser:parse_vehicle_details:93 - Parsing vehicle details from https://www.copart.com/lot/85610725/clean-title-2019-mercedes-benz-s-s560e-tx-dallas-south
2026-07-24 11:54:29 | WARNING  | __main__:process_lot:130 - Failed to parse lot https://www.copart.com/lot/85610725/clean-title-2019-mercedes-benz-s-s560e-tx-dallas-south: Duplicate key conflict but existing record not found.
2026-07-24 11:54:32 | INFO     | copart_automation.app.navigation:navigate_to_page:78 - Successfully navigated to https://www.copart.com/lot/85609965/clean-title-2017-ford-escape-titanium-al-montgomery (current URL: https://www.copart.com/lot/85609965/clean-title-2017-ford-escape-titanium-al-montgomery)
2026-07-24 11:54:32 | INFO     | copart_automation.app.parser:parse_vehicle_details:93 - Parsing vehicle details from https://www.copart.com/lot/85609965/clean-title-2017-ford-escape-titanium-al-montgomery
2026-07-24 11:54:32 | WARNING  | __main__:process_lot:130 - Failed to parse lot https://www.copart.com/lot/85609965/clean-title-2017-ford-escape-titanium-al-montgomery: Duplicate key conflict but existing record not found.
2026-07-24 11:54:32 | INFO     | __main__:run_automation_workflow:106 - Opening lots view for auction: CT - Hartford DC - Washington DC DE - Seaford FL - Miami North FL - Ocala FL - Orlando South FL - Punta Gorda FL - Tampa North FL - Tampa South FL - West Palm Beach GA - Atlanta South GA - Atlanta West GA - Augusta GA - Tifton IN - Cicero IN - Indianapolis MD - Baltimore East MI - Detroit NC - Lagrange NC - Raleigh NH - Candia NJ - Glassboro East NJ - Glassboro West NJ - Somerville NY - Newburgh OH - Akron OH - Columbus Ontario Auction PA - Harrisburg PA - Philadelphia RI - Exeter TN - Knoxville VA - Hampton -> https://www.copart.com/saleListResult/23/2026-07-28?location=CT%20-%20Hartford&saleDate=1785247200000&liveAuction=false&from=&yardNum=23
2026-07-24 11:54:32 | INFO     | copart_automation.app.navigation:navigate_to_page:68 - Navigating to https://www.copart.com/saleListResult/23/2026-07-28?location=CT%20-%20Hartford&saleDate=1785247200000&liveAuction=false&from=&yardNum=23 (https://www.copart.com/saleListResult/23/2026-07-28?location=CT%20-%20Hartford&saleDate=1785247200000&liveAuction=false&from=&yardNum=23)
2026-07-24 11:54:39 | INFO     | copart_automation.app.navigation:navigate_to_page:78 - Successfully navigated to https://www.copart.com/saleListResult/23/2026-07-28?location=CT%20-%20Hartford&saleDate=1785247200000&liveAuction=false&from=&yardNum=23 (current URL: https://www.copart.com/saleListResult/23/2026-07-28?location=CT%20-%20Hartford&saleDate=1785247200000&liveAuction=false&from=&yardNum=23&qId=93bd3410-81c3-4071-b86b-85d2afcff631-1784894076844)
2026-07-24 11:54:39 | INFO     | copart_automation.app.parser:parse_lots_list:108 - Parsing lots list from https://www.copart.com/saleListResult/23/2026-07-28?location=CT%20-%20Hartford&saleDate=1785247200000&liveAuction=false&from=&yardNum=23&qId=93bd3410-81c3-4071-b86b-85d2afcff631-1784894076844
2026-07-24 11:54:39 | INFO     | copart_automation.app.parser:parse_lots_list:136 - Found 20 lot URLs on page
2026-07-24 11:54:39 | INFO     | __main__:run_automation_workflow:110 - Found 20 lots for auction CT - Hartford DC - Washington DC DE - Seaford FL - Miami North FL - Ocala FL - Orlando South FL - Punta Gorda FL - Tampa North FL - Tampa South FL - West Palm Beach GA - Atlanta South GA - Atlanta West GA - Augusta GA - Tifton IN - Cicero IN - Indianapolis MD - Baltimore East MI - Detroit NC - Lagrange NC - Raleigh NH - Candia NJ - Glassboro East NJ - Glassboro West NJ - Somerville NY - Newburgh OH - Akron OH - Columbus Ontario Auction PA - Harrisburg PA - Philadelphia RI - Exeter TN - Knoxville VA - Hampton
2026-07-24 11:54:39 | INFO     | copart_automation.app.navigation:navigate_to_page:68 - Navigating to https://www.copart.com/lot/90670385/1978-cadillac-deville-ct-hartford (https://www.copart.com/lot/90670385/1978-cadillac-deville-ct-hartford)
2026-07-24 11:54:39 | INFO     | copart_automation.app.navigation:navigate_to_page:68 - Navigating to https://www.copart.com/lot/85771725/salvage-2022-nissan-versa-sr-ct-hartford (https://www.copart.com/lot/85771725/salvage-2022-nissan-versa-sr-ct-hartford)
2026-07-24 11:54:39 | INFO     | copart_automation.app.navigation:navigate_to_page:68 - Navigating to https://www.copart.com/lot/85633055/salvage-2022-ford-escape-se-ct-hartford (https://www.copart.com/lot/85633055/salvage-2022-ford-escape-se-ct-hartford)
2026-07-24 11:54:39 | INFO     | copart_automation.app.navigation:navigate_to_page:68 - Navigating to https://www.copart.com/lot/85608925/salvage-2008-nissan-xterra-off-roadsse-ct-hartford (https://www.copart.com/lot/85608925/salvage-2008-nissan-xterra-off-roadsse-ct-hartford)
2026-07-24 11:54:39 | INFO     | copart_automation.app.navigation:navigate_to_page:68 - Navigating to https://www.copart.com/lot/85607765/salvage-2019-lexus-is-300-ct-hartford (https://www.copart.com/lot/85607765/salvage-2019-lexus-is-300-ct-hartford)
2026-07-24 11:54:42 | INFO     | copart_automation.app.navigation:navigate_to_page:78 - Successfully navigated to https://www.copart.com/lot/90670385/1978-cadillac-deville-ct-hartford (current URL: https://www.copart.com/lot/90670385/1978-cadillac-deville-ct-hartford)
2026-07-24 11:54:42 | INFO     | copart_automation.app.parser:parse_vehicle_details:93 - Parsing vehicle details from https://www.copart.com/lot/90670385/1978-cadillac-deville-ct-hartford
2026-07-24 11:54:42 | INFO     | copart_automation.app.navigation:navigate_to_page:78 - Successfully navigated to https://www.copart.com/lot/85607765/salvage-2019-lexus-is-300-ct-hartford (current URL: https://www.copart.com/lot/85607765/salvage-2019-lexus-is-300-ct-hartford)
2026-07-24 11:54:42 | INFO     | copart_automation.app.parser:parse_vehicle_details:93 - Parsing vehicle details from https://www.copart.com/lot/85607765/salvage-2019-lexus-is-300-ct-hartford
2026-07-24 11:54:42 | INFO     | copart_automation.app.navigation:navigate_to_page:78 - Successfully navigated to https://www.copart.com/lot/85633055/salvage-2022-ford-escape-se-ct-hartford (current URL: https://www.copart.com/lot/85633055/salvage-2022-ford-escape-se-ct-hartford)
2026-07-24 11:54:42 | INFO     | copart_automation.app.parser:parse_vehicle_details:93 - Parsing vehicle details from https://www.copart.com/lot/85633055/salvage-2022-ford-escape-se-ct-hartford
2026-07-24 11:54:43 | INFO     | copart_automation.app.database:insert_vehicle:237 - Vehicle CPRTUS already exists (id=1); skipped insert.
2026-07-24 11:54:44 | INFO     | copart_automation.app.database:insert_vehicle:237 - Vehicle CPRTUS already exists (id=1); skipped insert.
2026-07-24 11:54:44 | INFO     | copart_automation.app.navigation:navigate_to_page:78 - Successfully navigated to https://www.copart.com/lot/85771725/salvage-2022-nissan-versa-sr-ct-hartford (current URL: https://www.copart.com/lot/85771725/salvage-2022-nissan-versa-sr-ct-hartford)
2026-07-24 11:54:44 | INFO     | copart_automation.app.parser:parse_vehicle_details:93 - Parsing vehicle details from https://www.copart.com/lot/85771725/salvage-2022-nissan-versa-sr-ct-hartford
2026-07-24 11:54:45 | INFO     | copart_automation.app.database:insert_vehicle:237 - Vehicle CPRTUS already exists (id=1); skipped insert.
2026-07-24 11:54:45 | INFO     | copart_automation.app.navigation:navigate_to_page:68 - Navigating to https://www.copart.com/lot/80710375/salvage-2015-dodge-journey-limited-ct-hartford (https://www.copart.com/lot/80710375/salvage-2015-dodge-journey-limited-ct-hartford)
2026-07-24 11:54:45 | INFO     | copart_automation.app.navigation:navigate_to_page:78 - Successfully navigated to https://www.copart.com/lot/85608925/salvage-2008-nissan-xterra-off-roadsse-ct-hartford (current URL: https://www.copart.com/lot/85608925/salvage-2008-nissan-xterra-off-roadsse-ct-hartford)
2026-07-24 11:54:45 | INFO     | copart_automation.app.parser:parse_vehicle_details:93 - Parsing vehicle details from https://www.copart.com/lot/85608925/salvage-2008-nissan-xterra-off-roadsse-ct-hartford
2026-07-24 11:54:45 | INFO     | copart_automation.app.navigation:navigate_to_page:68 - Navigating to https://www.copart.com/lot/79768255/clean-title-2015-mercedes-benz-ml-250-bluetec-ct-hartford (https://www.copart.com/lot/79768255/clean-title-2015-mercedes-benz-ml-250-bluetec-ct-hartford)
2026-07-24 11:54:45 | INFO     | copart_automation.app.navigation:navigate_to_page:68 - Navigating to https://www.copart.com/lot/79738195/salvage-2024-jeep-wrangler-4xe-ct-hartford (https://www.copart.com/lot/79738195/salvage-2024-jeep-wrangler-4xe-ct-hartford)
2026-07-24 11:54:46 | INFO     | copart_automation.app.database:insert_vehicle:227 - Inserted vehicle XTERRA (id=5)
2026-07-24 11:54:47 | INFO     | copart_automation.app.navigation:navigate_to_page:68 - Navigating to https://www.copart.com/lot/76178785/salvage-2018-buick-encore-preferred-ct-hartford (https://www.copart.com/lot/76178785/salvage-2018-buick-encore-preferred-ct-hartford)
2026-07-24 11:54:47 | INFO     | copart_automation.app.navigation:navigate_to_page:78 - Successfully navigated to https://www.copart.com/lot/79738195/salvage-2024-jeep-wrangler-4xe-ct-hartford (current URL: https://www.copart.com/lot/79738195/salvage-2024-jeep-wrangler-4xe-ct-hartford)
2026-07-24 11:54:47 | INFO     | copart_automation.app.parser:parse_vehicle_details:93 - Parsing vehicle details from https://www.copart.com/lot/79738195/salvage-2024-jeep-wrangler-4xe-ct-hartford
2026-07-24 11:54:48 | WARNING  | __main__:process_lot:130 - Failed to parse lot https://www.copart.com/lot/85771725/salvage-2022-nissan-versa-sr-ct-hartford: Duplicate key conflict but existing record not found.
2026-07-24 11:54:48 | INFO     | copart_automation.app.navigation:navigate_to_page:68 - Navigating to https://www.copart.com/lot/75559025/salvage-2016-toyota-corolla-le-ct-hartford (https://www.copart.com/lot/75559025/salvage-2016-toyota-corolla-le-ct-hartford)
2026-07-24 11:54:48 | INFO     | copart_automation.app.navigation:navigate_to_page:78 - Successfully navigated to https://www.copart.com/lot/79768255/clean-title-2015-mercedes-benz-ml-250-bluetec-ct-hartford (current URL: https://www.copart.com/lot/79768255/clean-title-2015-mercedes-benz-ml-250-bluetec-ct-hartford)
2026-07-24 11:54:48 | INFO     | copart_automation.app.parser:parse_vehicle_details:93 - Parsing vehicle details from https://www.copart.com/lot/79768255/clean-title-2015-mercedes-benz-ml-250-bluetec-ct-hartford
2026-07-24 11:54:49 | INFO     | copart_automation.app.database:insert_vehicle:237 - Vehicle CPRTUS already exists (id=1); skipped insert.
2026-07-24 11:54:50 | INFO     | copart_automation.app.database:insert_vehicle:237 - Vehicle CPRTUS already exists (id=1); skipped insert.
2026-07-24 11:54:50 | INFO     | copart_automation.app.navigation:navigate_to_page:68 - Navigating to https://www.copart.com/lot/74458845/salvage-2023-honda-accord-hybrid-sport-ct-hartford (https://www.copart.com/lot/74458845/salvage-2023-honda-accord-hybrid-sport-ct-hartford)
2026-07-24 11:54:50 | INFO     | copart_automation.app.navigation:navigate_to_page:68 - Navigating to https://www.copart.com/lot/74383225/2013-kia-sorento-lx-ct-hartford (https://www.copart.com/lot/74383225/2013-kia-sorento-lx-ct-hartford)
2026-07-24 11:54:51 | INFO     | copart_automation.app.navigation:navigate_to_page:78 - Successfully navigated to https://www.copart.com/lot/76178785/salvage-2018-buick-encore-preferred-ct-hartford (current URL: https://www.copart.com/lot/76178785/salvage-2018-buick-encore-preferred-ct-hartford)
2026-07-24 11:54:51 | INFO     | copart_automation.app.parser:parse_vehicle_details:93 - Parsing vehicle details from https://www.copart.com/lot/76178785/salvage-2018-buick-encore-preferred-ct-hartford
2026-07-24 11:54:53 | INFO     | copart_automation.app.database:insert_vehicle:237 - Vehicle CPRTUS already exists (id=1); skipped insert.
2026-07-24 11:54:53 | INFO     | copart_automation.app.navigation:navigate_to_page:78 - Successfully navigated to https://www.copart.com/lot/75559025/salvage-2016-toyota-corolla-le-ct-hartford (current URL: https://www.copart.com/lot/75559025/salvage-2016-toyota-corolla-le-ct-hartford)
2026-07-24 11:54:53 | INFO     | copart_automation.app.parser:parse_vehicle_details:93 - Parsing vehicle details from https://www.copart.com/lot/75559025/salvage-2016-toyota-corolla-le-ct-hartford
2026-07-24 11:54:53 | INFO     | copart_automation.app.navigation:navigate_to_page:68 - Navigating to https://www.copart.com/lot/74281825/2013-mini-cooper-s-ct-hartford (https://www.copart.com/lot/74281825/2013-mini-cooper-s-ct-hartford)
2026-07-24 11:54:54 | INFO     | copart_automation.app.database:insert_vehicle:237 - Vehicle CPRTUS already exists (id=1); skipped insert.
2026-07-24 11:54:54 | INFO     | copart_automation.app.navigation:navigate_to_page:78 - Successfully navigated to https://www.copart.com/lot/74458845/salvage-2023-honda-accord-hybrid-sport-ct-hartford (current URL: https://www.copart.com/lot/74458845/salvage-2023-honda-accord-hybrid-sport-ct-hartford)
2026-07-24 11:54:54 | INFO     | copart_automation.app.parser:parse_vehicle_details:93 - Parsing vehicle details from https://www.copart.com/lot/74458845/salvage-2023-honda-accord-hybrid-sport-ct-hartford
2026-07-24 11:54:55 | INFO     | copart_automation.app.database:insert_vehicle:237 - Vehicle CPRTUS already exists (id=1); skipped insert.
2026-07-24 11:54:55 | INFO     | copart_automation.app.navigation:navigate_to_page:68 - Navigating to https://www.copart.com/lot/62617376/clean-title-2010-toyota-tacoma-v6-ct-hartford (https://www.copart.com/lot/62617376/clean-title-2010-toyota-tacoma-v6-ct-hartford)
2026-07-24 11:54:55 | INFO     | copart_automation.app.navigation:navigate_to_page:68 - Navigating to https://www.copart.com/lot/62548426/2000-chevrolet-blazer-ct-hartford (https://www.copart.com/lot/62548426/2000-chevrolet-blazer-ct-hartford)
2026-07-24 11:54:57 | INFO     | copart_automation.app.navigation:navigate_to_page:78 - Successfully navigated to https://www.copart.com/lot/74281825/2013-mini-cooper-s-ct-hartford (current URL: https://www.copart.com/lot/74281825/2013-mini-cooper-s-ct-hartford)
2026-07-24 11:54:57 | INFO     | copart_automation.app.parser:parse_vehicle_details:93 - Parsing vehicle details from https://www.copart.com/lot/74281825/2013-mini-cooper-s-ct-hartford
2026-07-24 11:54:58 | INFO     | copart_automation.app.database:insert_vehicle:237 - Vehicle CPRTUS already exists (id=1); skipped insert.
2026-07-24 11:54:58 | INFO     | copart_automation.app.navigation:navigate_to_page:78 - Successfully navigated to https://www.copart.com/lot/80710375/salvage-2015-dodge-journey-limited-ct-hartford (current URL: https://www.copart.com/lot/80710375/salvage-2015-dodge-journey-limited-ct-hartford)
2026-07-24 11:54:58 | INFO     | copart_automation.app.parser:parse_vehicle_details:93 - Parsing vehicle details from https://www.copart.com/lot/80710375/salvage-2015-dodge-journey-limited-ct-hartford
2026-07-24 11:54:58 | INFO     | copart_automation.app.navigation:navigate_to_page:78 - Successfully navigated to https://www.copart.com/lot/62548426/2000-chevrolet-blazer-ct-hartford (current URL: https://www.copart.com/lot/62548426/2000-chevrolet-blazer-ct-hartford)
2026-07-24 11:54:58 | INFO     | copart_automation.app.parser:parse_vehicle_details:93 - Parsing vehicle details from https://www.copart.com/lot/62548426/2000-chevrolet-blazer-ct-hartford
2026-07-24 11:54:58 | INFO     | copart_automation.app.database:insert_vehicle:237 - Vehicle CPRTUS already exists (id=1); skipped insert.
2026-07-24 11:54:58 | INFO     | copart_automation.app.navigation:navigate_to_page:68 - Navigating to https://www.copart.com/lot/62412966/salvage-1998-jeep-wrangler-tj-se-ct-hartford (https://www.copart.com/lot/62412966/salvage-1998-jeep-wrangler-tj-se-ct-hartford)
2026-07-24 11:54:59 | ERROR    | copart_automation.app.parser:parse_vehicle_details:100 - Failed to parse vehicle details: 1 validation error for Vehicle
year
  Input should be greater than or equal to 1900 [type=greater_than_equal, input_value=3, input_type=int]
    For further information visit https://errors.pydantic.dev/2.13/v/greater_than_equal
2026-07-24 11:54:59 | INFO     | copart_automation.app.navigation:navigate_to_page:68 - Navigating to https://www.copart.com/lot/62403116/clean-title-2014-nissan-rogue-select-s-ct-hartford (https://www.copart.com/lot/62403116/clean-title-2014-nissan-rogue-select-s-ct-hartford)
2026-07-24 11:54:59 | WARNING  | __main__:process_lot:130 - Failed to parse lot https://www.copart.com/lot/80710375/salvage-2015-dodge-journey-limited-ct-hartford: Could not parse vehicle details: 1 validation error for Vehicle
year
  Input should be greater than or equal to 1900 [type=greater_than_equal, input_value=3, input_type=int]
    For further information visit https://errors.pydantic.dev/2.13/v/greater_than_equal
2026-07-24 11:54:59 | INFO     | copart_automation.app.navigation:navigate_to_page:68 - Navigating to https://www.copart.com/lot/62343256/clean-title-2015-ram-promaster-1500-1500-standard-ct-hartford (https://www.copart.com/lot/62343256/clean-title-2015-ram-promaster-1500-1500-standard-ct-hartford)
2026-07-24 11:55:01 | INFO     | copart_automation.app.navigation:navigate_to_page:78 - Successfully navigated to https://www.copart.com/lot/74383225/2013-kia-sorento-lx-ct-hartford (current URL: https://www.copart.com/lot/74383225/2013-kia-sorento-lx-ct-hartford)
2026-07-24 11:55:01 | INFO     | copart_automation.app.parser:parse_vehicle_details:93 - Parsing vehicle details from https://www.copart.com/lot/74383225/2013-kia-sorento-lx-ct-hartford
2026-07-24 11:55:02 | INFO     | copart_automation.app.navigation:navigate_to_page:78 - Successfully navigated to https://www.copart.com/lot/62343256/clean-title-2015-ram-promaster-1500-1500-standard-ct-hartford (current URL: https://www.copart.com/lot/62343256/clean-title-2015-ram-promaster-1500-1500-standard-ct-hartford)
2026-07-24 11:55:02 | INFO     | copart_automation.app.parser:parse_vehicle_details:93 - Parsing vehicle details from https://www.copart.com/lot/62343256/clean-title-2015-ram-promaster-1500-1500-standard-ct-hartford
2026-07-24 11:55:02 | INFO     | copart_automation.app.navigation:navigate_to_page:78 - Successfully navigated to https://www.copart.com/lot/62412966/salvage-1998-jeep-wrangler-tj-se-ct-hartford (current URL: https://www.copart.com/lot/62412966/salvage-1998-jeep-wrangler-tj-se-ct-hartford)
2026-07-24 11:55:02 | INFO     | copart_automation.app.parser:parse_vehicle_details:93 - Parsing vehicle details from https://www.copart.com/lot/62412966/salvage-1998-jeep-wrangler-tj-se-ct-hartford
2026-07-24 11:55:03 | INFO     | copart_automation.app.database:insert_vehicle:237 - Vehicle CPRTUS already exists (id=1); skipped insert.
2026-07-24 11:55:04 | ERROR    | copart_automation.app.parser:parse_vehicle_details:100 - Failed to parse vehicle details: 1 validation error for Vehicle
year
  Input should be greater than or equal to 1900 [type=greater_than_equal, input_value=5, input_type=int]
    For further information visit https://errors.pydantic.dev/2.13/v/greater_than_equal
2026-07-24 11:55:04 | INFO     | copart_automation.app.database:insert_vehicle:237 - Vehicle CPRTUS already exists (id=1); skipped insert.
2026-07-24 11:55:04 | INFO     | copart_automation.app.navigation:navigate_to_page:68 - Navigating to https://www.copart.com/lot/62280896/clean-title-2004-toyota-sienna-le-7-passenger-ct-hartford (https://www.copart.com/lot/62280896/clean-title-2004-toyota-sienna-le-7-passenger-ct-hartford)
2026-07-24 11:55:04 | WARNING  | __main__:process_lot:130 - Failed to parse lot https://www.copart.com/lot/74383225/2013-kia-sorento-lx-ct-hartford: Could not parse vehicle details: 1 validation error for Vehicle
year
  Input should be greater than or equal to 1900 [type=greater_than_equal, input_value=5, input_type=int]
    For further information visit https://errors.pydantic.dev/2.13/v/greater_than_equal
2026-07-24 11:55:04 | INFO     | copart_automation.app.navigation:navigate_to_page:68 - Navigating to https://www.copart.com/lot/62276246/clean-title-2011-audi-s4-prestige-ct-hartford (https://www.copart.com/lot/62276246/clean-title-2011-audi-s4-prestige-ct-hartford)
2026-07-24 11:55:06 | INFO     | copart_automation.app.navigation:navigate_to_page:78 - Successfully navigated to https://www.copart.com/lot/62617376/clean-title-2010-toyota-tacoma-v6-ct-hartford (current URL: https://www.copart.com/lot/62617376/clean-title-2010-toyota-tacoma-v6-ct-hartford)
2026-07-24 11:55:06 | INFO     | copart_automation.app.parser:parse_vehicle_details:93 - Parsing vehicle details from https://www.copart.com/lot/62617376/clean-title-2010-toyota-tacoma-v6-ct-hartford
2026-07-24 11:55:07 | ERROR    | copart_automation.app.parser:parse_vehicle_details:100 - Failed to parse vehicle details: 1 validation error for Vehicle
year
  Input should be greater than or equal to 1900 [type=greater_than_equal, input_value=5, input_type=int]
    For further information visit https://errors.pydantic.dev/2.13/v/greater_than_equal
2026-07-24 11:55:07 | WARNING  | __main__:process_lot:130 - Failed to parse lot https://www.copart.com/lot/62617376/clean-title-2010-toyota-tacoma-v6-ct-hartford: Could not parse vehicle details: 1 validation error for Vehicle
year
  Input should be greater than or equal to 1900 [type=greater_than_equal, input_value=5, input_type=int]
    For further information visit https://errors.pydantic.dev/2.13/v/greater_than_equal
2026-07-24 11:55:07 | INFO     | copart_automation.app.navigation:navigate_to_page:78 - Successfully navigated to https://www.copart.com/lot/62276246/clean-title-2011-audi-s4-prestige-ct-hartford (current URL: https://www.copart.com/lot/62276246/clean-title-2011-audi-s4-prestige-ct-hartford)
2026-07-24 11:55:07 | INFO     | copart_automation.app.parser:parse_vehicle_details:93 - Parsing vehicle details from https://www.copart.com/lot/62276246/clean-title-2011-audi-s4-prestige-ct-hartford
2026-07-24 11:55:08 | INFO     | copart_automation.app.database:insert_vehicle:237 - Vehicle CPRTUS already exists (id=1); skipped insert.
2026-07-24 11:55:10 | INFO     | copart_automation.app.navigation:navigate_to_page:78 - Successfully navigated to https://www.copart.com/lot/62403116/clean-title-2014-nissan-rogue-select-s-ct-hartford (current URL: https://www.copart.com/lot/62403116/clean-title-2014-nissan-rogue-select-s-ct-hartford)
2026-07-24 11:55:10 | INFO     | copart_automation.app.parser:parse_vehicle_details:93 - Parsing vehicle details from https://www.copart.com/lot/62403116/clean-title-2014-nissan-rogue-select-s-ct-hartford
2026-07-24 11:55:10 | WARNING  | __main__:process_lot:130 - Failed to parse lot https://www.copart.com/lot/62403116/clean-title-2014-nissan-rogue-select-s-ct-hartford: Duplicate key conflict but existing record not found.
2026-07-24 11:55:11 | INFO     | copart_automation.app.navigation:navigate_to_page:78 - Successfully navigated to https://www.copart.com/lot/62280896/clean-title-2004-toyota-sienna-le-7-passenger-ct-hartford (current URL: https://www.copart.com/lot/62280896/clean-title-2004-toyota-sienna-le-7-passenger-ct-hartford)
2026-07-24 11:55:11 | INFO     | copart_automation.app.parser:parse_vehicle_details:93 - Parsing vehicle details from https://www.copart.com/lot/62280896/clean-title-2004-toyota-sienna-le-7-passenger-ct-hartford
2026-07-24 11:55:12 | WARNING  | __main__:process_lot:130 - Failed to parse lot https://www.copart.com/lot/62280896/clean-title-2004-toyota-sienna-le-7-passenger-ct-hartford: Duplicate key conflict but existing record not found.
2026-07-24 11:55:12 | INFO     | __main__:run_automation_workflow:106 - Opening lots view for auction: Heavy Truck, Trailer, Rv Clean Title Sale QC - Montreal Wholesale Auction -> https://www.copart.com/saleListResult/833/2026-07-28?location=Heavy%20Truck,%20Trailer,%20Rv%20Clean%20Title%20Sale&saleDate=1785254400000&liveAuction=false&from=&yardNum=833
2026-07-24 11:55:12 | INFO     | copart_automation.app.navigation:navigate_to_page:68 - Navigating to https://www.copart.com/saleListResult/833/2026-07-28?location=Heavy%20Truck,%20Trailer,%20Rv%20Clean%20Title%20Sale&saleDate=1785254400000&liveAuction=false&from=&yardNum=833 (https://www.copart.com/saleListResult/833/2026-07-28?location=Heavy%20Truck,%20Trailer,%20Rv%20Clean%20Title%20Sale&saleDate=1785254400000&liveAuction=false&from=&yardNum=833)
2026-07-24 11:55:16 | INFO     | copart_automation.app.navigation:navigate_to_page:78 - Successfully navigated to https://www.copart.com/saleListResult/833/2026-07-28?location=Heavy%20Truck,%20Trailer,%20Rv%20Clean%20Title%20Sale&saleDate=1785254400000&liveAuction=false&from=&yardNum=833 (current URL: https://www.copart.com/saleListResult/833/2026-07-28?location=Heavy%20Truck,%20Trailer,%20Rv%20Clean%20Title%20Sale&saleDate=1785254400000&liveAuction=false&from=&yardNum=833&qId=93bd3410-81c3-4071-b86b-85d2afcff631-1784894113590)
2026-07-24 11:55:16 | INFO     | copart_automation.app.parser:parse_lots_list:108 - Parsing lots list from https://www.copart.com/saleListResult/833/2026-07-28?location=Heavy%20Truck,%20Trailer,%20Rv%20Clean%20Title%20Sale&saleDate=1785254400000&liveAuction=false&from=&yardNum=833&qId=93bd3410-81c3-4071-b86b-85d2afcff631-1784894113590
2026-07-24 11:55:16 | INFO     | copart_automation.app.parser:parse_lots_list:136 - Found 20 lot URLs on page
2026-07-24 11:55:16 | INFO     | __main__:run_automation_workflow:110 - Found 20 lots for auction Heavy Truck, Trailer, Rv Clean Title Sale QC - Montreal Wholesale Auction
2026-07-24 11:55:16 | INFO     | copart_automation.app.navigation:navigate_to_page:68 - Navigating to https://www.copart.com/lot/46710036/clean-title-2008-chevrolet-c5500-c5v042-fl-orlando-south (https://www.copart.com/lot/46710036/clean-title-2008-chevrolet-c5500-c5v042-fl-orlando-south)
2026-07-24 11:55:16 | INFO     | copart_automation.app.navigation:navigate_to_page:68 - Navigating to https://www.copart.com/lot/98458515/clean-title-1999-ford-f550-super-duty-stripped-chassis-tn-memphis (https://www.copart.com/lot/98458515/clean-title-1999-ford-f550-super-duty-stripped-chassis-tn-memphis)
2026-07-24 11:55:16 | INFO     | copart_automation.app.navigation:navigate_to_page:68 - Navigating to https://www.copart.com/lot/98197825/clean-title-1997-chevrolet-p30-sc-columbia (https://www.copart.com/lot/98197825/clean-title-1997-chevrolet-p30-sc-columbia)
2026-07-24 11:55:16 | INFO     | copart_automation.app.navigation:navigate_to_page:68 - Navigating to https://www.copart.com/lot/97682835/clean-title-2023-keystone-alpine-camper-ga-macon (https://www.copart.com/lot/97682835/clean-title-2023-keystone-alpine-camper-ga-macon)
2026-07-24 11:55:16 | INFO     | copart_automation.app.navigation:navigate_to_page:68 - Navigating to https://www.copart.com/lot/95854025/clean-title-2014-sure-trac-strch10220ta-100-enclosed-cargo-trailer-ny-newburgh (https://www.copart.com/lot/95854025/clean-title-2014-sure-trac-strch10220ta-100-enclosed-cargo-trailer-ny-newburgh)
2026-07-24 11:55:19 | INFO     | copart_automation.app.navigation:navigate_to_page:78 - Successfully navigated to https://www.copart.com/lot/46710036/clean-title-2008-chevrolet-c5500-c5v042-fl-orlando-south (current URL: https://www.copart.com/lot/46710036/clean-title-2008-chevrolet-c5500-c5v042-fl-orlando-south)
2026-07-24 11:55:19 | INFO     | copart_automation.app.parser:parse_vehicle_details:93 - Parsing vehicle details from https://www.copart.com/lot/46710036/clean-title-2008-chevrolet-c5500-c5v042-fl-orlando-south
2026-07-24 11:55:19 | INFO     | copart_automation.app.navigation:navigate_to_page:78 - Successfully navigated to https://www.copart.com/lot/98197825/clean-title-1997-chevrolet-p30-sc-columbia (current URL: https://www.copart.com/lot/98197825/clean-title-1997-chevrolet-p30-sc-columbia)
2026-07-24 11:55:19 | INFO     | copart_automation.app.parser:parse_vehicle_details:93 - Parsing vehicle details from https://www.copart.com/lot/98197825/clean-title-1997-chevrolet-p30-sc-columbia
2026-07-24 11:55:19 | INFO     | copart_automation.app.navigation:navigate_to_page:78 - Successfully navigated to https://www.copart.com/lot/95854025/clean-title-2014-sure-trac-strch10220ta-100-enclosed-cargo-trailer-ny-newburgh (current URL: https://www.copart.com/lot/95854025/clean-title-2014-sure-trac-strch10220ta-100-enclosed-cargo-trailer-ny-newburgh)
2026-07-24 11:55:19 | INFO     | copart_automation.app.parser:parse_vehicle_details:93 - Parsing vehicle details from https://www.copart.com/lot/95854025/clean-title-2014-sure-trac-strch10220ta-100-enclosed-cargo-trailer-ny-newburgh
2026-07-24 11:55:20 | INFO     | copart_automation.app.database:insert_vehicle:237 - Vehicle CPRTUS already exists (id=1); skipped insert.
2026-07-24 11:55:20 | INFO     | copart_automation.app.database:insert_vehicle:237 - Vehicle CPRTUS already exists (id=1); skipped insert.
2026-07-24 11:55:21 | INFO     | copart_automation.app.database:insert_vehicle:237 - Vehicle CPRTUS already exists (id=1); skipped insert.
2026-07-24 11:55:21 | INFO     | copart_automation.app.navigation:navigate_to_page:68 - Navigating to https://www.copart.com/lot/95586195/clean-title-2009-international-4400-dump-truck-nj-glassboro-west (https://www.copart.com/lot/95586195/clean-title-2009-international-4400-dump-truck-nj-glassboro-west)
2026-07-24 11:55:21 | INFO     | copart_automation.app.navigation:navigate_to_page:68 - Navigating to https://www.copart.com/lot/94551455/clean-title-2020-hino-268-bucket-truck-nm-albuquerque (https://www.copart.com/lot/94551455/clean-title-2020-hino-268-bucket-truck-nm-albuquerque)
2026-07-24 11:55:21 | INFO     | copart_automation.app.navigation:navigate_to_page:68 - Navigating to https://www.copart.com/lot/94520665/clean-title-2024-western-grain-trailer-ks-wichita (https://www.copart.com/lot/94520665/clean-title-2024-western-grain-trailer-ks-wichita)
2026-07-24 11:55:24 | INFO     | copart_automation.app.navigation:navigate_to_page:78 - Successfully navigated to https://www.copart.com/lot/94551455/clean-title-2020-hino-268-bucket-truck-nm-albuquerque (current URL: https://www.copart.com/lot/94551455/clean-title-2020-hino-268-bucket-truck-nm-albuquerque)
2026-07-24 11:55:24 | INFO     | copart_automation.app.parser:parse_vehicle_details:93 - Parsing vehicle details from https://www.copart.com/lot/94551455/clean-title-2020-hino-268-bucket-truck-nm-albuquerque
2026-07-24 11:55:24 | INFO     | copart_automation.app.navigation:navigate_to_page:78 - Successfully navigated to https://www.copart.com/lot/94520665/clean-title-2024-western-grain-trailer-ks-wichita (current URL: https://www.copart.com/lot/94520665/clean-title-2024-western-grain-trailer-ks-wichita)
2026-07-24 11:55:24 | INFO     | copart_automation.app.parser:parse_vehicle_details:93 - Parsing vehicle details from https://www.copart.com/lot/94520665/clean-title-2024-western-grain-trailer-ks-wichita
2026-07-24 11:55:25 | INFO     | copart_automation.app.database:insert_vehicle:237 - Vehicle CPRTUS already exists (id=1); skipped insert.
2026-07-24 11:55:26 | INFO     | copart_automation.app.database:insert_vehicle:237 - Vehicle CPRTUS already exists (id=1); skipped insert.
2026-07-24 11:55:26 | INFO     | copart_automation.app.navigation:navigate_to_page:68 - Navigating to https://www.copart.com/lot/94175205/clean-title-2008-thomas-school-bus-school-bus-nm-albuquerque (https://www.copart.com/lot/94175205/clean-title-2008-thomas-school-bus-school-bus-nm-albuquerque)
2026-07-24 11:55:26 | INFO     | copart_automation.app.navigation:navigate_to_page:78 - Successfully navigated to https://www.copart.com/lot/95586195/clean-title-2009-international-4400-dump-truck-nj-glassboro-west (current URL: https://www.copart.com/lot/95586195/clean-title-2009-international-4400-dump-truck-nj-glassboro-west)
2026-07-24 11:55:26 | INFO     | copart_automation.app.parser:parse_vehicle_details:93 - Parsing vehicle details from https://www.copart.com/lot/95586195/clean-title-2009-international-4400-dump-truck-nj-glassboro-west
2026-07-24 11:55:26 | INFO     | copart_automation.app.navigation:navigate_to_page:68 - Navigating to https://www.copart.com/lot/92026975/clean-title-1999-ford-motorhome-chassis-recreational-vehicle-ga-cartersville (https://www.copart.com/lot/92026975/clean-title-1999-ford-motorhome-chassis-recreational-vehicle-ga-cartersville)
2026-07-24 11:55:27 | INFO     | copart_automation.app.database:insert_vehicle:237 - Vehicle CPRTUS already exists (id=1); skipped insert.
2026-07-24 11:55:27 | INFO     | copart_automation.app.navigation:navigate_to_page:78 - Successfully navigated to https://www.copart.com/lot/98458515/clean-title-1999-ford-f550-super-duty-stripped-chassis-tn-memphis (current URL: https://www.copart.com/lot/98458515/clean-title-1999-ford-f550-super-duty-stripped-chassis-tn-memphis)
2026-07-24 11:55:27 | INFO     | copart_automation.app.parser:parse_vehicle_details:93 - Parsing vehicle details from https://www.copart.com/lot/98458515/clean-title-1999-ford-f550-super-duty-stripped-chassis-tn-memphis
2026-07-24 11:55:28 | ERROR    | copart_automation.app.parser:parse_vehicle_details:100 - Failed to parse vehicle details: 1 validation error for Vehicle
year
  Input should be greater than or equal to 1900 [type=greater_than_equal, input_value=3, input_type=int]
    For further information visit https://errors.pydantic.dev/2.13/v/greater_than_equal
2026-07-24 11:55:28 | INFO     | copart_automation.app.navigation:navigate_to_page:68 - Navigating to https://www.copart.com/lot/90423595/clean-title-2000-aro-trailer-ok-oklahoma-city (https://www.copart.com/lot/90423595/clean-title-2000-aro-trailer-ok-oklahoma-city)
2026-07-24 11:55:28 | WARNING  | __main__:process_lot:130 - Failed to parse lot https://www.copart.com/lot/98458515/clean-title-1999-ford-f550-super-duty-stripped-chassis-tn-memphis: Could not parse vehicle details: 1 validation error for Vehicle
year
  Input should be greater than or equal to 1900 [type=greater_than_equal, input_value=3, input_type=int]
    For further information visit https://errors.pydantic.dev/2.13/v/greater_than_equal
2026-07-24 11:55:28 | INFO     | copart_automation.app.navigation:navigate_to_page:68 - Navigating to https://www.copart.com/lot/90339005/clean-title-2014-ic-corporation-ce-series-school-school-bus-ia-davenport (https://www.copart.com/lot/90339005/clean-title-2014-ic-corporation-ce-series-school-school-bus-ia-davenport)
2026-07-24 11:55:28 | INFO     | copart_automation.app.navigation:navigate_to_page:78 - Successfully navigated to https://www.copart.com/lot/97682835/clean-title-2023-keystone-alpine-camper-ga-macon (current URL: https://www.copart.com/lot/97682835/clean-title-2023-keystone-alpine-camper-ga-macon)
2026-07-24 11:55:28 | INFO     | copart_automation.app.parser:parse_vehicle_details:93 - Parsing vehicle details from https://www.copart.com/lot/97682835/clean-title-2023-keystone-alpine-camper-ga-macon
2026-07-24 11:55:30 | WARNING  | __main__:process_lot:130 - Failed to parse lot https://www.copart.com/lot/97682835/clean-title-2023-keystone-alpine-camper-ga-macon: Duplicate key conflict but existing record not found.
2026-07-24 11:55:30 | INFO     | copart_automation.app.navigation:navigate_to_page:68 - Navigating to https://www.copart.com/lot/90337675/clean-title-2013-ic-corporation-ce-series-school-school-bus-ia-davenport (https://www.copart.com/lot/90337675/clean-title-2013-ic-corporation-ce-series-school-school-bus-ia-davenport)
2026-07-24 11:55:30 | INFO     | copart_automation.app.navigation:navigate_to_page:78 - Successfully navigated to https://www.copart.com/lot/92026975/clean-title-1999-ford-motorhome-chassis-recreational-vehicle-ga-cartersville (current URL: https://www.copart.com/lot/92026975/clean-title-1999-ford-motorhome-chassis-recreational-vehicle-ga-cartersville)
2026-07-24 11:55:30 | INFO     | copart_automation.app.parser:parse_vehicle_details:93 - Parsing vehicle details from https://www.copart.com/lot/92026975/clean-title-1999-ford-motorhome-chassis-recreational-vehicle-ga-cartersville
2026-07-24 11:55:31 | INFO     | copart_automation.app.database:insert_vehicle:237 - Vehicle CPRTUS already exists (id=1); skipped insert.
2026-07-24 11:55:31 | INFO     | copart_automation.app.navigation:navigate_to_page:78 - Successfully navigated to https://www.copart.com/lot/90339005/clean-title-2014-ic-corporation-ce-series-school-school-bus-ia-davenport (current URL: https://www.copart.com/lot/90339005/clean-title-2014-ic-corporation-ce-series-school-school-bus-ia-davenport)
2026-07-24 11:55:31 | INFO     | copart_automation.app.parser:parse_vehicle_details:93 - Parsing vehicle details from https://www.copart.com/lot/90339005/clean-title-2014-ic-corporation-ce-series-school-school-bus-ia-davenport
2026-07-24 11:55:31 | INFO     | copart_automation.app.navigation:navigate_to_page:78 - Successfully navigated to https://www.copart.com/lot/90423595/clean-title-2000-aro-trailer-ok-oklahoma-city (current URL: https://www.copart.com/lot/90423595/clean-title-2000-aro-trailer-ok-oklahoma-city)
2026-07-24 11:55:31 | INFO     | copart_automation.app.parser:parse_vehicle_details:93 - Parsing vehicle details from https://www.copart.com/lot/90423595/clean-title-2000-aro-trailer-ok-oklahoma-city
2026-07-24 11:55:32 | INFO     | copart_automation.app.database:insert_vehicle:237 - Vehicle CPRTUS already exists (id=1); skipped insert.
2026-07-24 11:55:32 | INFO     | copart_automation.app.navigation:navigate_to_page:68 - Navigating to https://www.copart.com/lot/90337275/clean-title-2013-ic-corporation-ce-series-school-school-bus-ia-davenport (https://www.copart.com/lot/90337275/clean-title-2013-ic-corporation-ce-series-school-school-bus-ia-davenport)
2026-07-24 11:55:32 | INFO     | copart_automation.app.database:insert_vehicle:237 - Vehicle CPRTUS already exists (id=1); skipped insert.
2026-07-24 11:55:32 | INFO     | copart_automation.app.navigation:navigate_to_page:68 - Navigating to https://www.copart.com/lot/90337005/clean-title-2013-ic-corporation-ce-series-school-school-bus-ia-davenport (https://www.copart.com/lot/90337005/clean-title-2013-ic-corporation-ce-series-school-school-bus-ia-davenport)
2026-07-24 11:55:33 | INFO     | copart_automation.app.navigation:navigate_to_page:68 - Navigating to https://www.copart.com/lot/89553685/clean-title-2013-ic-corporation-ce-series-school-school-bus-ct-hartford (https://www.copart.com/lot/89553685/clean-title-2013-ic-corporation-ce-series-school-school-bus-ct-hartford)
2026-07-24 11:55:33 | INFO     | copart_automation.app.navigation:navigate_to_page:78 - Successfully navigated to https://www.copart.com/lot/90337675/clean-title-2013-ic-corporation-ce-series-school-school-bus-ia-davenport (current URL: https://www.copart.com/lot/90337675/clean-title-2013-ic-corporation-ce-series-school-school-bus-ia-davenport)
2026-07-24 11:55:33 | INFO     | copart_automation.app.parser:parse_vehicle_details:93 - Parsing vehicle details from https://www.copart.com/lot/90337675/clean-title-2013-ic-corporation-ce-series-school-school-bus-ia-davenport
2026-07-24 11:55:34 | INFO     | copart_automation.app.database:insert_vehicle:237 - Vehicle CPRTUS already exists (id=1); skipped insert.
2026-07-24 11:55:35 | INFO     | copart_automation.app.navigation:navigate_to_page:68 - Navigating to https://www.copart.com/lot/87481575/clean-title-2014-ic-ce-school-bus-r-&-d-cln-title-pri-fleet-oh-cleveland-west (https://www.copart.com/lot/87481575/clean-title-2014-ic-ce-school-bus-r-&-d-cln-title-pri-fleet-oh-cleveland-west)
2026-07-24 11:55:35 | INFO     | copart_automation.app.navigation:navigate_to_page:78 - Successfully navigated to https://www.copart.com/lot/90337275/clean-title-2013-ic-corporation-ce-series-school-school-bus-ia-davenport (current URL: https://www.copart.com/lot/90337275/clean-title-2013-ic-corporation-ce-series-school-school-bus-ia-davenport)
2026-07-24 11:55:36 | INFO     | copart_automation.app.parser:parse_vehicle_details:93 - Parsing vehicle details from https://www.copart.com/lot/90337275/clean-title-2013-ic-corporation-ce-series-school-school-bus-ia-davenport
2026-07-24 11:55:36 | INFO     | copart_automation.app.navigation:navigate_to_page:78 - Successfully navigated to https://www.copart.com/lot/89553685/clean-title-2013-ic-corporation-ce-series-school-school-bus-ct-hartford (current URL: https://www.copart.com/lot/89553685/clean-title-2013-ic-corporation-ce-series-school-school-bus-ct-hartford)
2026-07-24 11:55:36 | INFO     | copart_automation.app.parser:parse_vehicle_details:93 - Parsing vehicle details from https://www.copart.com/lot/89553685/clean-title-2013-ic-corporation-ce-series-school-school-bus-ct-hartford
2026-07-24 11:55:37 | INFO     | copart_automation.app.database:insert_vehicle:237 - Vehicle CPRTUS already exists (id=1); skipped insert.
2026-07-24 11:55:37 | INFO     | copart_automation.app.database:insert_vehicle:237 - Vehicle CPRTUS already exists (id=1); skipped insert.
2026-07-24 11:55:37 | INFO     | copart_automation.app.navigation:navigate_to_page:68 - Navigating to https://www.copart.com/lot/87119745/clean-title-2015-ic-corporation-ce-series-school-school-bus-dc-washington-dc (https://www.copart.com/lot/87119745/clean-title-2015-ic-corporation-ce-series-school-school-bus-dc-washington-dc)
2026-07-24 11:55:37 | INFO     | copart_automation.app.navigation:navigate_to_page:78 - Successfully navigated to https://www.copart.com/lot/94175205/clean-title-2008-thomas-school-bus-school-bus-nm-albuquerque (current URL: https://www.copart.com/lot/94175205/clean-title-2008-thomas-school-bus-school-bus-nm-albuquerque)
2026-07-24 11:55:37 | INFO     | copart_automation.app.parser:parse_vehicle_details:93 - Parsing vehicle details from https://www.copart.com/lot/94175205/clean-title-2008-thomas-school-bus-school-bus-nm-albuquerque
2026-07-24 11:55:37 | INFO     | copart_automation.app.navigation:navigate_to_page:68 - Navigating to https://www.copart.com/lot/87116685/clean-title-2009-ic-corporation-ce-series-school-school-bus-wa-spanaway (https://www.copart.com/lot/87116685/clean-title-2009-ic-corporation-ce-series-school-school-bus-wa-spanaway)
2026-07-24 11:55:38 | ERROR    | copart_automation.app.parser:parse_vehicle_details:100 - Failed to parse vehicle details: 1 validation error for Vehicle
year
  Input should be greater than or equal to 1900 [type=greater_than_equal, input_value=1, input_type=int]
    For further information visit https://errors.pydantic.dev/2.13/v/greater_than_equal
2026-07-24 11:55:39 | WARNING  | __main__:process_lot:130 - Failed to parse lot https://www.copart.com/lot/94175205/clean-title-2008-thomas-school-bus-school-bus-nm-albuquerque: Could not parse vehicle details: 1 validation error for Vehicle
year
  Input should be greater than or equal to 1900 [type=greater_than_equal, input_value=1, input_type=int]
    For further information visit https://errors.pydantic.dev/2.13/v/greater_than_equal
2026-07-24 11:55:39 | INFO     | copart_automation.app.navigation:navigate_to_page:68 - Navigating to https://www.copart.com/lot/87116595/clean-title-2009-ic-corporation-ce-series-school-school-bus-wa-spanaway (https://www.copart.com/lot/87116595/clean-title-2009-ic-corporation-ce-series-school-school-bus-wa-spanaway)
2026-07-24 11:55:41 | INFO     | copart_automation.app.navigation:navigate_to_page:78 - Successfully navigated to https://www.copart.com/lot/87116685/clean-title-2009-ic-corporation-ce-series-school-school-bus-wa-spanaway (current URL: https://www.copart.com/lot/87116685/clean-title-2009-ic-corporation-ce-series-school-school-bus-wa-spanaway)
2026-07-24 11:55:41 | INFO     | copart_automation.app.parser:parse_vehicle_details:93 - Parsing vehicle details from https://www.copart.com/lot/87116685/clean-title-2009-ic-corporation-ce-series-school-school-bus-wa-spanaway
2026-07-24 11:55:41 | INFO     | copart_automation.app.navigation:navigate_to_page:78 - Successfully navigated to https://www.copart.com/lot/87119745/clean-title-2015-ic-corporation-ce-series-school-school-bus-dc-washington-dc (current URL: https://www.copart.com/lot/87119745/clean-title-2015-ic-corporation-ce-series-school-school-bus-dc-washington-dc)
2026-07-24 11:55:41 | INFO     | copart_automation.app.parser:parse_vehicle_details:93 - Parsing vehicle details from https://www.copart.com/lot/87119745/clean-title-2015-ic-corporation-ce-series-school-school-bus-dc-washington-dc
2026-07-24 11:55:42 | INFO     | copart_automation.app.database:insert_vehicle:237 - Vehicle CPRTUS already exists (id=1); skipped insert.
2026-07-24 11:55:43 | INFO     | copart_automation.app.database:insert_vehicle:237 - Vehicle CPRTUS already exists (id=1); skipped insert.
2026-07-24 11:55:43 | INFO     | copart_automation.app.navigation:navigate_to_page:78 - Successfully navigated to https://www.copart.com/lot/87116595/clean-title-2009-ic-corporation-ce-series-school-school-bus-wa-spanaway (current URL: https://www.copart.com/lot/87116595/clean-title-2009-ic-corporation-ce-series-school-school-bus-wa-spanaway)
2026-07-24 11:55:43 | INFO     | copart_automation.app.parser:parse_vehicle_details:93 - Parsing vehicle details from https://www.copart.com/lot/87116595/clean-title-2009-ic-corporation-ce-series-school-school-bus-wa-spanaway
2026-07-24 11:55:43 | INFO     | copart_automation.app.navigation:navigate_to_page:78 - Successfully navigated to https://www.copart.com/lot/90337005/clean-title-2013-ic-corporation-ce-series-school-school-bus-ia-davenport (current URL: https://www.copart.com/lot/90337005/clean-title-2013-ic-corporation-ce-series-school-school-bus-ia-davenport)
2026-07-24 11:55:43 | INFO     | copart_automation.app.parser:parse_vehicle_details:93 - Parsing vehicle details from https://www.copart.com/lot/90337005/clean-title-2013-ic-corporation-ce-series-school-school-bus-ia-davenport
2026-07-24 11:55:43 | INFO     | copart_automation.app.database:insert_vehicle:237 - Vehicle CPRTUS already exists (id=1); skipped insert.
2026-07-24 11:55:44 | WARNING  | __main__:process_lot:130 - Failed to parse lot https://www.copart.com/lot/90337005/clean-title-2013-ic-corporation-ce-series-school-school-bus-ia-davenport: Duplicate key conflict but existing record not found.
2026-07-24 11:55:46 | INFO     | copart_automation.app.navigation:navigate_to_page:78 - Successfully navigated to https://www.copart.com/lot/87481575/clean-title-2014-ic-ce-school-bus-r-&-d-cln-title-pri-fleet-oh-cleveland-west (current URL: https://www.copart.com/lot/87481575/clean-title-2014-ic-ce-school-bus-r-&-d-cln-title-pri-fleet-oh-cleveland-west)
2026-07-24 11:55:46 | INFO     | copart_automation.app.parser:parse_vehicle_details:93 - Parsing vehicle details from https://www.copart.com/lot/87481575/clean-title-2014-ic-ce-school-bus-r-&-d-cln-title-pri-fleet-oh-cleveland-west
2026-07-24 11:55:46 | WARNING  | __main__:process_lot:130 - Failed to parse lot https://www.copart.com/lot/87481575/clean-title-2014-ic-ce-school-bus-r-&-d-cln-title-pri-fleet-oh-cleveland-west: Duplicate key conflict but existing record not found.
2026-07-24 11:55:46 | INFO     | __main__:run_automation_workflow:106 - Opening lots view for auction: AL - Birmingham AL - Mobile South IL - Chicago North KS - Kansas City LA - Baton Rouge MN - Minneapolis MN - Minneapolis North MO - Columbia MO - St. Louis NE - Lincoln OK - Oklahoma City TN - Memphis TX - Amarillo TX - Corpus Christi TX - Ft. Worth TX - Houston WI - Madison South -> https://www.copart.com/saleListResult/136/2026-07-28?location=AL%20-%20Birmingham&saleDate=1785258000000&liveAuction=false&from=&yardNum=136
2026-07-24 11:55:46 | INFO     | copart_automation.app.navigation:navigate_to_page:68 - Navigating to https://www.copart.com/saleListResult/136/2026-07-28?location=AL%20-%20Birmingham&saleDate=1785258000000&liveAuction=false&from=&yardNum=136 (https://www.copart.com/saleListResult/136/2026-07-28?location=AL%20-%20Birmingham&saleDate=1785258000000&liveAuction=false&from=&yardNum=136)
2026-07-24 11:55:52 | INFO     | copart_automation.app.navigation:navigate_to_page:78 - Successfully navigated to https://www.copart.com/saleListResult/136/2026-07-28?location=AL%20-%20Birmingham&saleDate=1785258000000&liveAuction=false&from=&yardNum=136 (current URL: https://www.copart.com/saleListResult/136/2026-07-28?location=AL%20-%20Birmingham&saleDate=1785258000000&liveAuction=false&from=&yardNum=136&qId=93bd3410-81c3-4071-b86b-85d2afcff631-1784894148788)
2026-07-24 11:55:52 | INFO     | copart_automation.app.parser:parse_lots_list:108 - Parsing lots list from https://www.copart.com/saleListResult/136/2026-07-28?location=AL%20-%20Birmingham&saleDate=1785258000000&liveAuction=false&from=&yardNum=136&qId=93bd3410-81c3-4071-b86b-85d2afcff631-1784894148788
2026-07-24 11:55:52 | INFO     | copart_automation.app.parser:parse_lots_list:136 - Found 20 lot URLs on page
2026-07-24 11:55:52 | INFO     | __main__:run_automation_workflow:110 - Found 20 lots for auction AL - Birmingham AL - Mobile South IL - Chicago North KS - Kansas City LA - Baton Rouge MN - Minneapolis MN - Minneapolis North MO - Columbia MO - St. Louis NE - Lincoln OK - Oklahoma City TN - Memphis TX - Amarillo TX - Corpus Christi TX - Ft. Worth TX - Houston WI - Madison South
2026-07-24 11:55:52 | INFO     | copart_automation.app.navigation:navigate_to_page:68 - Navigating to https://www.copart.com/lot/55993326/clean-title-2025-nissan-altima-sv-al-birmingham (https://www.copart.com/lot/55993326/clean-title-2025-nissan-altima-sv-al-birmingham)
2026-07-24 11:55:52 | INFO     | copart_automation.app.navigation:navigate_to_page:68 - Navigating to https://www.copart.com/lot/97685305/salvage-2007-dodge-charger-srt-8-al-birmingham (https://www.copart.com/lot/97685305/salvage-2007-dodge-charger-srt-8-al-birmingham)
2026-07-24 11:55:52 | INFO     | copart_automation.app.navigation:navigate_to_page:68 - Navigating to https://www.copart.com/lot/97415945/salvage-2024-toyota-corolla-le-al-birmingham (https://www.copart.com/lot/97415945/salvage-2024-toyota-corolla-le-al-birmingham)
2026-07-24 11:55:52 | INFO     | copart_automation.app.navigation:navigate_to_page:68 - Navigating to https://www.copart.com/lot/96452305/salvage-2020-lincoln-aviator-reserve-al-birmingham (https://www.copart.com/lot/96452305/salvage-2020-lincoln-aviator-reserve-al-birmingham)
2026-07-24 11:55:52 | INFO     | copart_automation.app.navigation:navigate_to_page:68 - Navigating to https://www.copart.com/lot/96321675/salvage-2017-ram-1500-st-al-birmingham (https://www.copart.com/lot/96321675/salvage-2017-ram-1500-st-al-birmingham)
2026-07-24 11:55:55 | INFO     | copart_automation.app.navigation:navigate_to_page:78 - Successfully navigated to https://www.copart.com/lot/97415945/salvage-2024-toyota-corolla-le-al-birmingham (current URL: https://www.copart.com/lot/97415945/salvage-2024-toyota-corolla-le-al-birmingham)
2026-07-24 11:55:55 | INFO     | copart_automation.app.parser:parse_vehicle_details:93 - Parsing vehicle details from https://www.copart.com/lot/97415945/salvage-2024-toyota-corolla-le-al-birmingham
2026-07-24 11:55:56 | INFO     | copart_automation.app.database:insert_vehicle:237 - Vehicle CPRTUS already exists (id=1); skipped insert.
2026-07-24 11:55:56 | INFO     | copart_automation.app.navigation:navigate_to_page:78 - Successfully navigated to https://www.copart.com/lot/55993326/clean-title-2025-nissan-altima-sv-al-birmingham (current URL: https://www.copart.com/lot/55993326/clean-title-2025-nissan-altima-sv-al-birmingham)
2026-07-24 11:55:56 | INFO     | copart_automation.app.parser:parse_vehicle_details:93 - Parsing vehicle details from https://www.copart.com/lot/55993326/clean-title-2025-nissan-altima-sv-al-birmingham
2026-07-24 11:55:57 | INFO     | copart_automation.app.database:insert_vehicle:237 - Vehicle CPRTUS already exists (id=1); skipped insert.
2026-07-24 11:55:57 | INFO     | copart_automation.app.navigation:navigate_to_page:68 - Navigating to https://www.copart.com/lot/96188215/salvage-2025-honda-odyssey-exl-al-birmingham (https://www.copart.com/lot/96188215/salvage-2025-honda-odyssey-exl-al-birmingham)
2026-07-24 11:55:57 | INFO     | copart_automation.app.navigation:navigate_to_page:78 - Successfully navigated to https://www.copart.com/lot/96452305/salvage-2020-lincoln-aviator-reserve-al-birmingham (current URL: https://www.copart.com/lot/96452305/salvage-2020-lincoln-aviator-reserve-al-birmingham)
2026-07-24 11:55:57 | INFO     | copart_automation.app.parser:parse_vehicle_details:93 - Parsing vehicle details from https://www.copart.com/lot/96452305/salvage-2020-lincoln-aviator-reserve-al-birmingham
2026-07-24 11:55:58 | INFO     | copart_automation.app.navigation:navigate_to_page:68 - Navigating to https://www.copart.com/lot/94983665/salvage-2011-ford-f550-forestry-bucket-truck-al-birmingham (https://www.copart.com/lot/94983665/salvage-2011-ford-f550-forestry-bucket-truck-al-birmingham)
2026-07-24 11:55:59 | INFO     | copart_automation.app.database:insert_vehicle:237 - Vehicle CPRTUS already exists (id=1); skipped insert.
2026-07-24 11:55:59 | INFO     | copart_automation.app.navigation:navigate_to_page:68 - Navigating to https://www.copart.com/lot/93964065/salvage-2023-kia-sportage-ex-al-birmingham (https://www.copart.com/lot/93964065/salvage-2023-kia-sportage-ex-al-birmingham)
2026-07-24 11:56:01 | INFO     | copart_automation.app.navigation:navigate_to_page:78 - Successfully navigated to https://www.copart.com/lot/96188215/salvage-2025-honda-odyssey-exl-al-birmingham (current URL: https://www.copart.com/lot/96188215/salvage-2025-honda-odyssey-exl-al-birmingham)
2026-07-24 11:56:01 | INFO     | copart_automation.app.parser:parse_vehicle_details:93 - Parsing vehicle details from https://www.copart.com/lot/96188215/salvage-2025-honda-odyssey-exl-al-birmingham
2026-07-24 11:56:02 | INFO     | copart_automation.app.database:insert_vehicle:237 - Vehicle CPRTUS already exists (id=1); skipped insert.
2026-07-24 11:56:02 | INFO     | copart_automation.app.navigation:navigate_to_page:78 - Successfully navigated to https://www.copart.com/lot/94983665/salvage-2011-ford-f550-forestry-bucket-truck-al-birmingham (current URL: https://www.copart.com/lot/94983665/salvage-2011-ford-f550-forestry-bucket-truck-al-birmingham)
2026-07-24 11:56:02 | INFO     | copart_automation.app.parser:parse_vehicle_details:93 - Parsing vehicle details from https://www.copart.com/lot/94983665/salvage-2011-ford-f550-forestry-bucket-truck-al-birmingham
2026-07-24 11:56:03 | INFO     | copart_automation.app.database:insert_vehicle:237 - Vehicle CPRTUS already exists (id=1); skipped insert.
2026-07-24 11:56:03 | INFO     | copart_automation.app.navigation:navigate_to_page:68 - Navigating to https://www.copart.com/lot/92950105/clean-title-2017-volvo-vnl-semi-truck-al-birmingham (https://www.copart.com/lot/92950105/clean-title-2017-volvo-vnl-semi-truck-al-birmingham)
2026-07-24 11:56:03 | INFO     | copart_automation.app.navigation:navigate_to_page:78 - Successfully navigated to https://www.copart.com/lot/93964065/salvage-2023-kia-sportage-ex-al-birmingham (current URL: https://www.copart.com/lot/93964065/salvage-2023-kia-sportage-ex-al-birmingham)
2026-07-24 11:56:03 | INFO     | copart_automation.app.parser:parse_vehicle_details:93 - Parsing vehicle details from https://www.copart.com/lot/93964065/salvage-2023-kia-sportage-ex-al-birmingham
2026-07-24 11:56:04 | INFO     | copart_automation.app.database:insert_vehicle:237 - Vehicle CPRTUS already exists (id=1); skipped insert.
2026-07-24 11:56:04 | INFO     | copart_automation.app.navigation:navigate_to_page:68 - Navigating to https://www.copart.com/lot/92943725/clean-title-2016-freightliner-cascadia-125-semi-truck-al-birmingham (https://www.copart.com/lot/92943725/clean-title-2016-freightliner-cascadia-125-semi-truck-al-birmingham)
2026-07-24 11:56:04 | INFO     | copart_automation.app.navigation:navigate_to_page:78 - Successfully navigated to https://www.copart.com/lot/96321675/salvage-2017-ram-1500-st-al-birmingham (current URL: https://www.copart.com/lot/96321675/salvage-2017-ram-1500-st-al-birmingham)
2026-07-24 11:56:04 | INFO     | copart_automation.app.parser:parse_vehicle_details:93 - Parsing vehicle details from https://www.copart.com/lot/96321675/salvage-2017-ram-1500-st-al-birmingham
2026-07-24 11:56:04 | INFO     | copart_automation.app.navigation:navigate_to_page:78 - Successfully navigated to https://www.copart.com/lot/97685305/salvage-2007-dodge-charger-srt-8-al-birmingham (current URL: https://www.copart.com/lot/97685305/salvage-2007-dodge-charger-srt-8-al-birmingham)
2026-07-24 11:56:04 | INFO     | copart_automation.app.parser:parse_vehicle_details:93 - Parsing vehicle details from https://www.copart.com/lot/97685305/salvage-2007-dodge-charger-srt-8-al-birmingham
2026-07-24 11:56:05 | ERROR    | copart_automation.app.parser:parse_vehicle_details:100 - Failed to parse vehicle details: 1 validation error for Vehicle
year
  Input should be greater than or equal to 1900 [type=greater_than_equal, input_value=3, input_type=int]
    For further information visit https://errors.pydantic.dev/2.13/v/greater_than_equal
2026-07-24 11:56:05 | INFO     | copart_automation.app.navigation:navigate_to_page:68 - Navigating to https://www.copart.com/lot/89493095/2020-toyota-prius-prime-le-al-birmingham (https://www.copart.com/lot/89493095/2020-toyota-prius-prime-le-al-birmingham)
2026-07-24 11:56:05 | WARNING  | __main__:process_lot:130 - Failed to parse lot https://www.copart.com/lot/96321675/salvage-2017-ram-1500-st-al-birmingham: Could not parse vehicle details: 1 validation error for Vehicle
year
  Input should be greater than or equal to 1900 [type=greater_than_equal, input_value=3, input_type=int]
    For further information visit https://errors.pydantic.dev/2.13/v/greater_than_equal
2026-07-24 11:56:05 | INFO     | copart_automation.app.navigation:navigate_to_page:68 - Navigating to https://www.copart.com/lot/86311235/clean-title-2016-freightliner-cascadia-125-semi-truck-al-birmingham (https://www.copart.com/lot/86311235/clean-title-2016-freightliner-cascadia-125-semi-truck-al-birmingham)
2026-07-24 11:56:05 | WARNING  | __main__:process_lot:130 - Failed to parse lot https://www.copart.com/lot/97685305/salvage-2007-dodge-charger-srt-8-al-birmingham: Duplicate key conflict but existing record not found.
2026-07-24 11:56:05 | INFO     | copart_automation.app.navigation:navigate_to_page:68 - Navigating to https://www.copart.com/lot/85879475/2024-toyota-grand-highlander-xle-al-birmingham (https://www.copart.com/lot/85879475/2024-toyota-grand-highlander-xle-al-birmingham)
2026-07-24 11:56:08 | INFO     | copart_automation.app.navigation:navigate_to_page:78 - Successfully navigated to https://www.copart.com/lot/92943725/clean-title-2016-freightliner-cascadia-125-semi-truck-al-birmingham (current URL: https://www.copart.com/lot/92943725/clean-title-2016-freightliner-cascadia-125-semi-truck-al-birmingham)
2026-07-24 11:56:08 | INFO     | copart_automation.app.parser:parse_vehicle_details:93 - Parsing vehicle details from https://www.copart.com/lot/92943725/clean-title-2016-freightliner-cascadia-125-semi-truck-al-birmingham
2026-07-24 11:56:08 | INFO     | copart_automation.app.navigation:navigate_to_page:78 - Successfully navigated to https://www.copart.com/lot/85879475/2024-toyota-grand-highlander-xle-al-birmingham (current URL: https://www.copart.com/lot/85879475/2024-toyota-grand-highlander-xle-al-birmingham)
2026-07-24 11:56:08 | INFO     | copart_automation.app.parser:parse_vehicle_details:93 - Parsing vehicle details from https://www.copart.com/lot/85879475/2024-toyota-grand-highlander-xle-al-birmingham
2026-07-24 11:56:09 | INFO     | copart_automation.app.database:insert_vehicle:237 - Vehicle CPRTUS already exists (id=1); skipped insert.
2026-07-24 11:56:09 | INFO     | copart_automation.app.navigation:navigate_to_page:78 - Successfully navigated to https://www.copart.com/lot/86311235/clean-title-2016-freightliner-cascadia-125-semi-truck-al-birmingham (current URL: https://www.copart.com/lot/86311235/clean-title-2016-freightliner-cascadia-125-semi-truck-al-birmingham)
2026-07-24 11:56:09 | INFO     | copart_automation.app.parser:parse_vehicle_details:93 - Parsing vehicle details from https://www.copart.com/lot/86311235/clean-title-2016-freightliner-cascadia-125-semi-truck-al-birmingham
2026-07-24 11:56:09 | INFO     | copart_automation.app.navigation:navigate_to_page:78 - Successfully navigated to https://www.copart.com/lot/89493095/2020-toyota-prius-prime-le-al-birmingham (current URL: https://www.copart.com/lot/89493095/2020-toyota-prius-prime-le-al-birmingham)
2026-07-24 11:56:09 | INFO     | copart_automation.app.parser:parse_vehicle_details:93 - Parsing vehicle details from https://www.copart.com/lot/89493095/2020-toyota-prius-prime-le-al-birmingham
2026-07-24 11:56:09 | INFO     | copart_automation.app.database:insert_vehicle:237 - Vehicle CPRTUS already exists (id=1); skipped insert.
2026-07-24 11:56:09 | INFO     | copart_automation.app.navigation:navigate_to_page:68 - Navigating to https://www.copart.com/lot/85622315/salvage-2007-chevrolet-hhr-lt-al-birmingham (https://www.copart.com/lot/85622315/salvage-2007-chevrolet-hhr-lt-al-birmingham)
2026-07-24 11:56:10 | INFO     | copart_automation.app.database:insert_vehicle:237 - Vehicle CPRTUS already exists (id=1); skipped insert.
2026-07-24 11:56:11 | INFO     | copart_automation.app.database:insert_vehicle:237 - Vehicle CPRTUS already exists (id=1); skipped insert.
2026-07-24 11:56:11 | INFO     | copart_automation.app.navigation:navigate_to_page:68 - Navigating to https://www.copart.com/lot/85536795/salvage-2019-kia-soul-%2B-al-birmingham (https://www.copart.com/lot/85536795/salvage-2019-kia-soul-%2B-al-birmingham)
2026-07-24 11:56:11 | INFO     | copart_automation.app.navigation:navigate_to_page:68 - Navigating to https://www.copart.com/lot/85448115/salvage-2012-nissan-pathfinder-s-al-birmingham (https://www.copart.com/lot/85448115/salvage-2012-nissan-pathfinder-s-al-birmingham)
2026-07-24 11:56:11 | INFO     | copart_automation.app.navigation:navigate_to_page:68 - Navigating to https://www.copart.com/lot/83875715/salvage-2022-hyundai-elantra-sel-al-birmingham (https://www.copart.com/lot/83875715/salvage-2022-hyundai-elantra-sel-al-birmingham)
2026-07-24 11:56:14 | INFO     | copart_automation.app.navigation:navigate_to_page:78 - Successfully navigated to https://www.copart.com/lot/83875715/salvage-2022-hyundai-elantra-sel-al-birmingham (current URL: https://www.copart.com/lot/83875715/salvage-2022-hyundai-elantra-sel-al-birmingham)
2026-07-24 11:56:14 | INFO     | copart_automation.app.parser:parse_vehicle_details:93 - Parsing vehicle details from https://www.copart.com/lot/83875715/salvage-2022-hyundai-elantra-sel-al-birmingham
2026-07-24 11:56:14 | INFO     | copart_automation.app.navigation:navigate_to_page:78 - Successfully navigated to https://www.copart.com/lot/85448115/salvage-2012-nissan-pathfinder-s-al-birmingham (current URL: https://www.copart.com/lot/85448115/salvage-2012-nissan-pathfinder-s-al-birmingham)
2026-07-24 11:56:14 | INFO     | copart_automation.app.parser:parse_vehicle_details:93 - Parsing vehicle details from https://www.copart.com/lot/85448115/salvage-2012-nissan-pathfinder-s-al-birmingham
2026-07-24 11:56:14 | INFO     | copart_automation.app.navigation:navigate_to_page:78 - Successfully navigated to https://www.copart.com/lot/92950105/clean-title-2017-volvo-vnl-semi-truck-al-birmingham (current URL: https://www.copart.com/lot/92950105/clean-title-2017-volvo-vnl-semi-truck-al-birmingham)
2026-07-24 11:56:14 | INFO     | copart_automation.app.parser:parse_vehicle_details:93 - Parsing vehicle details from https://www.copart.com/lot/92950105/clean-title-2017-volvo-vnl-semi-truck-al-birmingham
2026-07-24 11:56:15 | INFO     | copart_automation.app.database:insert_vehicle:237 - Vehicle CPRTUS already exists (id=1); skipped insert.
2026-07-24 11:56:16 | ERROR    | copart_automation.app.parser:parse_vehicle_details:100 - Failed to parse vehicle details: 1 validation error for Vehicle
year
  Input should be greater than or equal to 1900 [type=greater_than_equal, input_value=4, input_type=int]
    For further information visit https://errors.pydantic.dev/2.13/v/greater_than_equal
2026-07-24 11:56:16 | INFO     | copart_automation.app.database:insert_vehicle:237 - Vehicle CPRTUS already exists (id=1); skipped insert.
2026-07-24 11:56:16 | INFO     | copart_automation.app.navigation:navigate_to_page:68 - Navigating to https://www.copart.com/lot/81148034/salvage-2015-jaguar-xj-al-birmingham (https://www.copart.com/lot/81148034/salvage-2015-jaguar-xj-al-birmingham)
2026-07-24 11:56:16 | WARNING  | __main__:process_lot:130 - Failed to parse lot https://www.copart.com/lot/92950105/clean-title-2017-volvo-vnl-semi-truck-al-birmingham: Could not parse vehicle details: 1 validation error for Vehicle
year
  Input should be greater than or equal to 1900 [type=greater_than_equal, input_value=4, input_type=int]
    For further information visit https://errors.pydantic.dev/2.13/v/greater_than_equal
2026-07-24 11:56:16 | INFO     | copart_automation.app.navigation:navigate_to_page:68 - Navigating to https://www.copart.com/lot/80457925/salvage-2018-toyota-corolla-le-al-birmingham (https://www.copart.com/lot/80457925/salvage-2018-toyota-corolla-le-al-birmingham)
2026-07-24 11:56:16 | INFO     | copart_automation.app.navigation:navigate_to_page:68 - Navigating to https://www.copart.com/lot/80177835/clean-title-1989-chrysler-tc-by-maserati-al-birmingham (https://www.copart.com/lot/80177835/clean-title-1989-chrysler-tc-by-maserati-al-birmingham)
2026-07-24 11:56:19 | INFO     | copart_automation.app.navigation:navigate_to_page:78 - Successfully navigated to https://www.copart.com/lot/81148034/salvage-2015-jaguar-xj-al-birmingham (current URL: https://www.copart.com/lot/81148034/salvage-2015-jaguar-xj-al-birmingham)
2026-07-24 11:56:19 | INFO     | copart_automation.app.parser:parse_vehicle_details:93 - Parsing vehicle details from https://www.copart.com/lot/81148034/salvage-2015-jaguar-xj-al-birmingham
2026-07-24 11:56:20 | INFO     | copart_automation.app.navigation:navigate_to_page:78 - Successfully navigated to https://www.copart.com/lot/80177835/clean-title-1989-chrysler-tc-by-maserati-al-birmingham (current URL: https://www.copart.com/lot/80177835/clean-title-1989-chrysler-tc-by-maserati-al-birmingham)
2026-07-24 11:56:20 | INFO     | copart_automation.app.parser:parse_vehicle_details:93 - Parsing vehicle details from https://www.copart.com/lot/80177835/clean-title-1989-chrysler-tc-by-maserati-al-birmingham
2026-07-24 11:56:20 | INFO     | copart_automation.app.navigation:navigate_to_page:78 - Successfully navigated to https://www.copart.com/lot/80457925/salvage-2018-toyota-corolla-le-al-birmingham (current URL: https://www.copart.com/lot/80457925/salvage-2018-toyota-corolla-le-al-birmingham)
2026-07-24 11:56:20 | INFO     | copart_automation.app.parser:parse_vehicle_details:93 - Parsing vehicle details from https://www.copart.com/lot/80457925/salvage-2018-toyota-corolla-le-al-birmingham
2026-07-24 11:56:21 | INFO     | copart_automation.app.database:insert_vehicle:237 - Vehicle CPRTUS already exists (id=1); skipped insert.
2026-07-24 11:56:21 | INFO     | copart_automation.app.navigation:navigate_to_page:78 - Successfully navigated to https://www.copart.com/lot/85622315/salvage-2007-chevrolet-hhr-lt-al-birmingham (current URL: https://www.copart.com/lot/85622315/salvage-2007-chevrolet-hhr-lt-al-birmingham)
2026-07-24 11:56:21 | INFO     | copart_automation.app.parser:parse_vehicle_details:93 - Parsing vehicle details from https://www.copart.com/lot/85622315/salvage-2007-chevrolet-hhr-lt-al-birmingham
2026-07-24 11:56:21 | INFO     | copart_automation.app.database:insert_vehicle:237 - Vehicle CPRTUS already exists (id=1); skipped insert.
2026-07-24 11:56:21 | INFO     | copart_automation.app.database:insert_vehicle:237 - Vehicle CPRTUS already exists (id=1); skipped insert.
2026-07-24 11:56:21 | ERROR    | copart_automation.app.parser:parse_vehicle_details:100 - Failed to parse vehicle details: 1 validation error for Vehicle
year
  Input should be greater than or equal to 1900 [type=greater_than_equal, input_value=3, input_type=int]
    For further information visit https://errors.pydantic.dev/2.13/v/greater_than_equal
2026-07-24 11:56:21 | WARNING  | __main__:process_lot:130 - Failed to parse lot https://www.copart.com/lot/85622315/salvage-2007-chevrolet-hhr-lt-al-birmingham: Could not parse vehicle details: 1 validation error for Vehicle
year
  Input should be greater than or equal to 1900 [type=greater_than_equal, input_value=3, input_type=int]
    For further information visit https://errors.pydantic.dev/2.13/v/greater_than_equal
2026-07-24 11:56:22 | INFO     | copart_automation.app.navigation:navigate_to_page:78 - Successfully navigated to https://www.copart.com/lot/85536795/salvage-2019-kia-soul-%2B-al-birmingham (current URL: https://www.copart.com/lot/85536795/salvage-2019-kia-soul-+-al-birmingham)
2026-07-24 11:56:22 | INFO     | copart_automation.app.parser:parse_vehicle_details:93 - Parsing vehicle details from https://www.copart.com/lot/85536795/salvage-2019-kia-soul-+-al-birmingham
2026-07-24 11:56:22 | ERROR    | copart_automation.app.parser:parse_vehicle_details:100 - Failed to parse vehicle details: 1 validation error for Vehicle
year
  Input should be greater than or equal to 1900 [type=greater_than_equal, input_value=3, input_type=int]
    For further information visit https://errors.pydantic.dev/2.13/v/greater_than_equal
2026-07-24 11:56:22 | WARNING  | __main__:process_lot:130 - Failed to parse lot https://www.copart.com/lot/85536795/salvage-2019-kia-soul-%2B-al-birmingham: Could not parse vehicle details: 1 validation error for Vehicle
year
  Input should be greater than or equal to 1900 [type=greater_than_equal, input_value=3, input_type=int]
    For further information visit https://errors.pydantic.dev/2.13/v/greater_than_equal
2026-07-24 11:56:22 | INFO     | __main__:run_automation_workflow:106 - Opening lots view for auction: AB - Calgary AZ - Phoenix North CO - Denver CO - Denver Central MT - Helena SD - Rapid City UT - Salt Lake City -> https://www.copart.com/saleListResult/203/2026-07-28?location=AB%20-%20Calgary&saleDate=1785261600000&liveAuction=false&from=&yardNum=203
2026-07-24 11:56:22 | INFO     | copart_automation.app.navigation:navigate_to_page:68 - Navigating to https://www.copart.com/saleListResult/203/2026-07-28?location=AB%20-%20Calgary&saleDate=1785261600000&liveAuction=false&from=&yardNum=203 (https://www.copart.com/saleListResult/203/2026-07-28?location=AB%20-%20Calgary&saleDate=1785261600000&liveAuction=false&from=&yardNum=203)
2026-07-24 11:56:27 | INFO     | copart_automation.app.navigation:navigate_to_page:78 - Successfully navigated to https://www.copart.com/saleListResult/203/2026-07-28?location=AB%20-%20Calgary&saleDate=1785261600000&liveAuction=false&from=&yardNum=203 (current URL: https://www.copart.com/saleListResult/203/2026-07-28?location=AB%20-%20Calgary&saleDate=1785261600000&liveAuction=false&from=&yardNum=203&qId=93bd3410-81c3-4071-b86b-85d2afcff631-1784894183979)
2026-07-24 11:56:27 | INFO     | copart_automation.app.parser:parse_lots_list:108 - Parsing lots list from https://www.copart.com/saleListResult/203/2026-07-28?location=AB%20-%20Calgary&saleDate=1785261600000&liveAuction=false&from=&yardNum=203&qId=93bd3410-81c3-4071-b86b-85d2afcff631-1784894183979
2026-07-24 11:56:28 | INFO     | copart_automation.app.parser:parse_lots_list:136 - Found 20 lot URLs on page
2026-07-24 11:56:28 | INFO     | __main__:run_automation_workflow:110 - Found 20 lots for auction AB - Calgary AZ - Phoenix North CO - Denver CO - Denver Central MT - Helena SD - Rapid City UT - Salt Lake City
2026-07-24 11:56:28 | INFO     | copart_automation.app.navigation:navigate_to_page:68 - Navigating to https://www.copart.com/lot/53283866/clean-title-2007-ford-econoline-e350-super-duty-stripped-chassis-ab-calgary (https://www.copart.com/lot/53283866/clean-title-2007-ford-econoline-e350-super-duty-stripped-chassis-ab-calgary)
2026-07-24 11:56:28 | INFO     | copart_automation.app.navigation:navigate_to_page:68 - Navigating to https://www.copart.com/lot/97101265/salvage-2023-jeep-grand-cherokee-l-laredo-ab-calgary (https://www.copart.com/lot/97101265/salvage-2023-jeep-grand-cherokee-l-laredo-ab-calgary)
2026-07-24 11:56:28 | INFO     | copart_automation.app.navigation:navigate_to_page:68 - Navigating to https://www.copart.com/lot/87241105/salvage-2022-mitsubishi-rvr-es-ab-calgary (https://www.copart.com/lot/87241105/salvage-2022-mitsubishi-rvr-es-ab-calgary)
2026-07-24 11:56:28 | INFO     | copart_automation.app.navigation:navigate_to_page:68 - Navigating to https://www.copart.com/lot/85973515/salvage-2016-hyundai-accent-se-ab-calgary (https://www.copart.com/lot/85973515/salvage-2016-hyundai-accent-se-ab-calgary)
2026-07-24 11:56:28 | INFO     | copart_automation.app.navigation:navigate_to_page:68 - Navigating to https://www.copart.com/lot/85792545/salvage-2013-toyota-tacoma-double-cab-long-bed-ab-calgary (https://www.copart.com/lot/85792545/salvage-2013-toyota-tacoma-double-cab-long-bed-ab-calgary)
2026-07-24 11:56:30 | INFO     | copart_automation.app.navigation:navigate_to_page:78 - Successfully navigated to https://www.copart.com/lot/53283866/clean-title-2007-ford-econoline-e350-super-duty-stripped-chassis-ab-calgary (current URL: https://www.copart.com/lot/53283866/clean-title-2007-ford-econoline-e350-super-duty-stripped-chassis-ab-calgary)
2026-07-24 11:56:30 | INFO     | copart_automation.app.parser:parse_vehicle_details:93 - Parsing vehicle details from https://www.copart.com/lot/53283866/clean-title-2007-ford-econoline-e350-super-duty-stripped-chassis-ab-calgary
2026-07-24 11:56:30 | INFO     | copart_automation.app.navigation:navigate_to_page:78 - Successfully navigated to https://www.copart.com/lot/85792545/salvage-2013-toyota-tacoma-double-cab-long-bed-ab-calgary (current URL: https://www.copart.com/lot/85792545/salvage-2013-toyota-tacoma-double-cab-long-bed-ab-calgary)
2026-07-24 11:56:30 | INFO     | copart_automation.app.parser:parse_vehicle_details:93 - Parsing vehicle details from https://www.copart.com/lot/85792545/salvage-2013-toyota-tacoma-double-cab-long-bed-ab-calgary
2026-07-24 11:56:30 | INFO     | copart_automation.app.navigation:navigate_to_page:78 - Successfully navigated to https://www.copart.com/lot/97101265/salvage-2023-jeep-grand-cherokee-l-laredo-ab-calgary (current URL: https://www.copart.com/lot/97101265/salvage-2023-jeep-grand-cherokee-l-laredo-ab-calgary)
2026-07-24 11:56:30 | INFO     | copart_automation.app.parser:parse_vehicle_details:93 - Parsing vehicle details from https://www.copart.com/lot/97101265/salvage-2023-jeep-grand-cherokee-l-laredo-ab-calgary
2026-07-24 11:56:31 | INFO     | copart_automation.app.navigation:navigate_to_page:78 - Successfully navigated to https://www.copart.com/lot/87241105/salvage-2022-mitsubishi-rvr-es-ab-calgary (current URL: https://www.copart.com/lot/87241105/salvage-2022-mitsubishi-rvr-es-ab-calgary)
2026-07-24 11:56:31 | INFO     | copart_automation.app.parser:parse_vehicle_details:93 - Parsing vehicle details from https://www.copart.com/lot/87241105/salvage-2022-mitsubishi-rvr-es-ab-calgary
2026-07-24 11:56:31 | INFO     | copart_automation.app.database:insert_vehicle:237 - Vehicle CPRTUS already exists (id=1); skipped insert.
2026-07-24 11:56:32 | INFO     | copart_automation.app.database:insert_vehicle:237 - Vehicle CPRTUS already exists (id=1); skipped insert.
2026-07-24 11:56:32 | INFO     | copart_automation.app.navigation:navigate_to_page:78 - Successfully navigated to https://www.copart.com/lot/85973515/salvage-2016-hyundai-accent-se-ab-calgary (current URL: https://www.copart.com/lot/85973515/salvage-2016-hyundai-accent-se-ab-calgary)
2026-07-24 11:56:32 | INFO     | copart_automation.app.parser:parse_vehicle_details:93 - Parsing vehicle details from https://www.copart.com/lot/85973515/salvage-2016-hyundai-accent-se-ab-calgary
2026-07-24 11:56:32 | INFO     | copart_automation.app.database:insert_vehicle:237 - Vehicle CPRTUS already exists (id=1); skipped insert.
2026-07-24 11:56:33 | INFO     | copart_automation.app.database:insert_vehicle:237 - Vehicle CPRTUS already exists (id=1); skipped insert.
2026-07-24 11:56:33 | INFO     | copart_automation.app.navigation:navigate_to_page:68 - Navigating to https://www.copart.com/lot/85460815/salvage-2013-hyundai-elantra-gls-ab-calgary (https://www.copart.com/lot/85460815/salvage-2013-hyundai-elantra-gls-ab-calgary)
2026-07-24 11:56:33 | INFO     | copart_automation.app.navigation:navigate_to_page:68 - Navigating to https://www.copart.com/lot/85452915/salvage-2009-toyota-corolla-xrs-ab-calgary (https://www.copart.com/lot/85452915/salvage-2009-toyota-corolla-xrs-ab-calgary)
2026-07-24 11:56:33 | INFO     | copart_automation.app.database:insert_vehicle:237 - Vehicle CPRTUS already exists (id=1); skipped insert.
2026-07-24 11:56:33 | INFO     | copart_automation.app.navigation:navigate_to_page:68 - Navigating to https://www.copart.com/lot/85446745/salvage-2013-toyota-truckvan-sienna-se-v6-ab-calgary (https://www.copart.com/lot/85446745/salvage-2013-toyota-truckvan-sienna-se-v6-ab-calgary)
2026-07-24 11:56:33 | INFO     | copart_automation.app.navigation:navigate_to_page:68 - Navigating to https://www.copart.com/lot/84585365/salvage-2012-mercedes-benz-c-250-4matic-ab-calgary (https://www.copart.com/lot/84585365/salvage-2012-mercedes-benz-c-250-4matic-ab-calgary)
2026-07-24 11:56:33 | INFO     | copart_automation.app.navigation:navigate_to_page:68 - Navigating to https://www.copart.com/lot/84559435/clean-title-2017-honda-pilot-touring-ab-calgary (https://www.copart.com/lot/84559435/clean-title-2017-honda-pilot-touring-ab-calgary)
2026-07-24 11:56:36 | INFO     | copart_automation.app.navigation:navigate_to_page:78 - Successfully navigated to https://www.copart.com/lot/84585365/salvage-2012-mercedes-benz-c-250-4matic-ab-calgary (current URL: https://www.copart.com/lot/84585365/salvage-2012-mercedes-benz-c-250-4matic-ab-calgary)
2026-07-24 11:56:36 | INFO     | copart_automation.app.parser:parse_vehicle_details:93 - Parsing vehicle details from https://www.copart.com/lot/84585365/salvage-2012-mercedes-benz-c-250-4matic-ab-calgary
2026-07-24 11:56:37 | INFO     | copart_automation.app.navigation:navigate_to_page:78 - Successfully navigated to https://www.copart.com/lot/85452915/salvage-2009-toyota-corolla-xrs-ab-calgary (current URL: https://www.copart.com/lot/85452915/salvage-2009-toyota-corolla-xrs-ab-calgary)
2026-07-24 11:56:37 | INFO     | copart_automation.app.parser:parse_vehicle_details:93 - Parsing vehicle details from https://www.copart.com/lot/85452915/salvage-2009-toyota-corolla-xrs-ab-calgary
2026-07-24 11:56:37 | INFO     | copart_automation.app.database:insert_vehicle:237 - Vehicle CPRTUS already exists (id=1); skipped insert.
2026-07-24 11:56:38 | INFO     | copart_automation.app.database:insert_vehicle:237 - Vehicle CPRTUS already exists (id=1); skipped insert.
2026-07-24 11:56:38 | INFO     | copart_automation.app.navigation:navigate_to_page:68 - Navigating to https://www.copart.com/lot/84007985/salvage-2006-subaru-impreza-2-5i-ab-calgary (https://www.copart.com/lot/84007985/salvage-2006-subaru-impreza-2-5i-ab-calgary)
2026-07-24 11:56:38 | INFO     | copart_automation.app.navigation:navigate_to_page:68 - Navigating to https://www.copart.com/lot/83867145/salvage-2021-chevrolet-silverado-k1500-lt-trail-boss-ab-calgary (https://www.copart.com/lot/83867145/salvage-2021-chevrolet-silverado-k1500-lt-trail-boss-ab-calgary)
2026-07-24 11:56:41 | INFO     | copart_automation.app.navigation:navigate_to_page:78 - Successfully navigated to https://www.copart.com/lot/83867145/salvage-2021-chevrolet-silverado-k1500-lt-trail-boss-ab-calgary (current URL: https://www.copart.com/lot/83867145/salvage-2021-chevrolet-silverado-k1500-lt-trail-boss-ab-calgary)
2026-07-24 11:56:41 | INFO     | copart_automation.app.parser:parse_vehicle_details:93 - Parsing vehicle details from https://www.copart.com/lot/83867145/salvage-2021-chevrolet-silverado-k1500-lt-trail-boss-ab-calgary
2026-07-24 11:56:41 | INFO     | copart_automation.app.navigation:navigate_to_page:78 - Successfully navigated to https://www.copart.com/lot/84007985/salvage-2006-subaru-impreza-2-5i-ab-calgary (current URL: https://www.copart.com/lot/84007985/salvage-2006-subaru-impreza-2-5i-ab-calgary)
2026-07-24 11:56:41 | INFO     | copart_automation.app.parser:parse_vehicle_details:93 - Parsing vehicle details from https://www.copart.com/lot/84007985/salvage-2006-subaru-impreza-2-5i-ab-calgary
2026-07-24 11:56:41 | INFO     | copart_automation.app.database:insert_vehicle:237 - Vehicle CPRTUS already exists (id=1); skipped insert.
2026-07-24 11:56:42 | INFO     | copart_automation.app.database:insert_vehicle:237 - Vehicle CPRTUS already exists (id=1); skipped insert.
2026-07-24 11:56:42 | INFO     | copart_automation.app.navigation:navigate_to_page:68 - Navigating to https://www.copart.com/lot/80393145/salvage-2006-honda-civic-lx-ab-calgary (https://www.copart.com/lot/80393145/salvage-2006-honda-civic-lx-ab-calgary)
2026-07-24 11:56:42 | INFO     | copart_automation.app.navigation:navigate_to_page:68 - Navigating to https://www.copart.com/lot/79647485/clean-title-1984-sail-boat-boat-boat-ab-calgary (https://www.copart.com/lot/79647485/clean-title-1984-sail-boat-boat-boat-ab-calgary)
2026-07-24 11:56:44 | INFO     | copart_automation.app.navigation:navigate_to_page:78 - Successfully navigated to https://www.copart.com/lot/85460815/salvage-2013-hyundai-elantra-gls-ab-calgary (current URL: https://www.copart.com/lot/85460815/salvage-2013-hyundai-elantra-gls-ab-calgary)
2026-07-24 11:56:44 | INFO     | copart_automation.app.parser:parse_vehicle_details:93 - Parsing vehicle details from https://www.copart.com/lot/85460815/salvage-2013-hyundai-elantra-gls-ab-calgary
2026-07-24 11:56:44 | INFO     | copart_automation.app.navigation:navigate_to_page:78 - Successfully navigated to https://www.copart.com/lot/84559435/clean-title-2017-honda-pilot-touring-ab-calgary (current URL: https://www.copart.com/lot/84559435/clean-title-2017-honda-pilot-touring-ab-calgary)
2026-07-24 11:56:44 | INFO     | copart_automation.app.parser:parse_vehicle_details:93 - Parsing vehicle details from https://www.copart.com/lot/84559435/clean-title-2017-honda-pilot-touring-ab-calgary
2026-07-24 11:56:46 | INFO     | copart_automation.app.navigation:navigate_to_page:78 - Successfully navigated to https://www.copart.com/lot/85446745/salvage-2013-toyota-truckvan-sienna-se-v6-ab-calgary (current URL: https://www.copart.com/lot/85446745/salvage-2013-toyota-truckvan-sienna-se-v6-ab-calgary)
2026-07-24 11:56:46 | INFO     | copart_automation.app.parser:parse_vehicle_details:93 - Parsing vehicle details from https://www.copart.com/lot/85446745/salvage-2013-toyota-truckvan-sienna-se-v6-ab-calgary
2026-07-24 11:56:46 | WARNING  | __main__:process_lot:130 - Failed to parse lot https://www.copart.com/lot/85460815/salvage-2013-hyundai-elantra-gls-ab-calgary: Duplicate key conflict but existing record not found.
2026-07-24 11:56:46 | INFO     | copart_automation.app.navigation:navigate_to_page:68 - Navigating to https://www.copart.com/lot/79582705/salvage-2008-toyota-tacoma-ab-calgary (https://www.copart.com/lot/79582705/salvage-2008-toyota-tacoma-ab-calgary)
2026-07-24 11:56:46 | WARNING  | __main__:process_lot:130 - Failed to parse lot https://www.copart.com/lot/84559435/clean-title-2017-honda-pilot-touring-ab-calgary: Duplicate key conflict but existing record not found.
2026-07-24 11:56:46 | INFO     | copart_automation.app.navigation:navigate_to_page:68 - Navigating to https://www.copart.com/lot/79562845/salvage-2023-honda-passport-touring-4dr-ab-calgary (https://www.copart.com/lot/79562845/salvage-2023-honda-passport-touring-4dr-ab-calgary)
2026-07-24 11:56:47 | WARNING  | __main__:process_lot:130 - Failed to parse lot https://www.copart.com/lot/85446745/salvage-2013-toyota-truckvan-sienna-se-v6-ab-calgary: Duplicate key conflict but existing record not found.
2026-07-24 11:56:47 | INFO     | copart_automation.app.navigation:navigate_to_page:68 - Navigating to https://www.copart.com/lot/79098075/salvage-2005-honda-civic-si-g-2dr-coupe-ab-calgary (https://www.copart.com/lot/79098075/salvage-2005-honda-civic-si-g-2dr-coupe-ab-calgary)
2026-07-24 11:56:49 | INFO     | copart_automation.app.navigation:navigate_to_page:78 - Successfully navigated to https://www.copart.com/lot/79582705/salvage-2008-toyota-tacoma-ab-calgary (current URL: https://www.copart.com/lot/79582705/salvage-2008-toyota-tacoma-ab-calgary)
2026-07-24 11:56:49 | INFO     | copart_automation.app.parser:parse_vehicle_details:93 - Parsing vehicle details from https://www.copart.com/lot/79582705/salvage-2008-toyota-tacoma-ab-calgary
2026-07-24 11:56:50 | INFO     | copart_automation.app.database:insert_vehicle:237 - Vehicle CPRTUS already exists (id=1); skipped insert.
2026-07-24 11:56:50 | INFO     | copart_automation.app.navigation:navigate_to_page:78 - Successfully navigated to https://www.copart.com/lot/79098075/salvage-2005-honda-civic-si-g-2dr-coupe-ab-calgary (current URL: https://www.copart.com/lot/79098075/salvage-2005-honda-civic-si-g-2dr-coupe-ab-calgary)
2026-07-24 11:56:50 | INFO     | copart_automation.app.parser:parse_vehicle_details:93 - Parsing vehicle details from https://www.copart.com/lot/79098075/salvage-2005-honda-civic-si-g-2dr-coupe-ab-calgary
2026-07-24 11:56:50 | INFO     | copart_automation.app.navigation:navigate_to_page:68 - Navigating to https://www.copart.com/lot/79040575/salvage-2010-honda-civic-lx-s-4dr-ab-calgary (https://www.copart.com/lot/79040575/salvage-2010-honda-civic-lx-s-4dr-ab-calgary)
2026-07-24 11:56:51 | INFO     | copart_automation.app.database:insert_vehicle:237 - Vehicle CPRTUS already exists (id=1); skipped insert.
2026-07-24 11:56:51 | INFO     | copart_automation.app.navigation:navigate_to_page:68 - Navigating to https://www.copart.com/lot/78975675/salvage-2002-dodgeram-truckvan-ram-1500-laramie-slt-ab-calgary (https://www.copart.com/lot/78975675/salvage-2002-dodgeram-truckvan-ram-1500-laramie-slt-ab-calgary)
2026-07-24 11:56:52 | INFO     | copart_automation.app.navigation:navigate_to_page:78 - Successfully navigated to https://www.copart.com/lot/80393145/salvage-2006-honda-civic-lx-ab-calgary (current URL: https://www.copart.com/lot/80393145/salvage-2006-honda-civic-lx-ab-calgary)
2026-07-24 11:56:52 | INFO     | copart_automation.app.parser:parse_vehicle_details:93 - Parsing vehicle details from https://www.copart.com/lot/80393145/salvage-2006-honda-civic-lx-ab-calgary
2026-07-24 11:56:52 | INFO     | copart_automation.app.navigation:navigate_to_page:78 - Successfully navigated to https://www.copart.com/lot/79647485/clean-title-1984-sail-boat-boat-boat-ab-calgary (current URL: https://www.copart.com/lot/79647485/clean-title-1984-sail-boat-boat-boat-ab-calgary)
2026-07-24 11:56:52 | INFO     | copart_automation.app.parser:parse_vehicle_details:93 - Parsing vehicle details from https://www.copart.com/lot/79647485/clean-title-1984-sail-boat-boat-boat-ab-calgary
2026-07-24 11:56:53 | WARNING  | __main__:process_lot:130 - Failed to parse lot https://www.copart.com/lot/80393145/salvage-2006-honda-civic-lx-ab-calgary: Duplicate key conflict but existing record not found.
2026-07-24 11:56:53 | INFO     | copart_automation.app.navigation:navigate_to_page:68 - Navigating to https://www.copart.com/lot/78888155/salvage-2014-peterbilt-388-car-hauler-truck-ab-calgary (https://www.copart.com/lot/78888155/salvage-2014-peterbilt-388-car-hauler-truck-ab-calgary)
2026-07-24 11:56:54 | WARNING  | __main__:process_lot:130 - Failed to parse lot https://www.copart.com/lot/79647485/clean-title-1984-sail-boat-boat-boat-ab-calgary: Duplicate key conflict but existing record not found.
2026-07-24 11:56:56 | INFO     | copart_automation.app.navigation:navigate_to_page:78 - Successfully navigated to https://www.copart.com/lot/79562845/salvage-2023-honda-passport-touring-4dr-ab-calgary (current URL: https://www.copart.com/lot/79562845/salvage-2023-honda-passport-touring-4dr-ab-calgary)
2026-07-24 11:56:56 | INFO     | copart_automation.app.parser:parse_vehicle_details:93 - Parsing vehicle details from https://www.copart.com/lot/79562845/salvage-2023-honda-passport-touring-4dr-ab-calgary
2026-07-24 11:56:57 | WARNING  | __main__:process_lot:130 - Failed to parse lot https://www.copart.com/lot/79562845/salvage-2023-honda-passport-touring-4dr-ab-calgary: Duplicate key conflict but existing record not found.
2026-07-24 11:56:59 | INFO     | copart_automation.app.navigation:navigate_to_page:78 - Successfully navigated to https://www.copart.com/lot/79040575/salvage-2010-honda-civic-lx-s-4dr-ab-calgary (current URL: https://www.copart.com/lot/79040575/salvage-2010-honda-civic-lx-s-4dr-ab-calgary)
2026-07-24 11:56:59 | INFO     | copart_automation.app.parser:parse_vehicle_details:93 - Parsing vehicle details from https://www.copart.com/lot/79040575/salvage-2010-honda-civic-lx-s-4dr-ab-calgary
2026-07-24 11:57:00 | WARNING  | __main__:process_lot:130 - Failed to parse lot https://www.copart.com/lot/79040575/salvage-2010-honda-civic-lx-s-4dr-ab-calgary: Duplicate key conflict but existing record not found.
2026-07-24 11:57:00 | INFO     | copart_automation.app.navigation:navigate_to_page:78 - Successfully navigated to https://www.copart.com/lot/78975675/salvage-2002-dodgeram-truckvan-ram-1500-laramie-slt-ab-calgary (current URL: https://www.copart.com/lot/78975675/salvage-2002-dodgeram-truckvan-ram-1500-laramie-slt-ab-calgary)
2026-07-24 11:57:00 | INFO     | copart_automation.app.parser:parse_vehicle_details:93 - Parsing vehicle details from https://www.copart.com/lot/78975675/salvage-2002-dodgeram-truckvan-ram-1500-laramie-slt-ab-calgary
2026-07-24 11:57:00 | WARNING  | __main__:process_lot:130 - Failed to parse lot https://www.copart.com/lot/78975675/salvage-2002-dodgeram-truckvan-ram-1500-laramie-slt-ab-calgary: Duplicate key conflict but existing record not found.
2026-07-24 11:57:01 | INFO     | copart_automation.app.navigation:navigate_to_page:78 - Successfully navigated to https://www.copart.com/lot/78888155/salvage-2014-peterbilt-388-car-hauler-truck-ab-calgary (current URL: https://www.copart.com/lot/78888155/salvage-2014-peterbilt-388-car-hauler-truck-ab-calgary)
2026-07-24 11:57:01 | INFO     | copart_automation.app.parser:parse_vehicle_details:93 - Parsing vehicle details from https://www.copart.com/lot/78888155/salvage-2014-peterbilt-388-car-hauler-truck-ab-calgary
2026-07-24 11:57:01 | WARNING  | __main__:process_lot:130 - Failed to parse lot https://www.copart.com/lot/78888155/salvage-2014-peterbilt-388-car-hauler-truck-ab-calgary: Duplicate key conflict but existing record not found.
2026-07-24 11:57:01 | INFO     | __main__:run_automation_workflow:106 - Opening lots view for auction: CA - Antelope CA - Hayward CA - Rancho Cucamonga CA - Sacramento CA - San Diego CA - San Jose CA - Van Nuys NV - Las Vegas OR - Eugene WA - Spanaway -> https://www.copart.com/saleListResult/151/2026-07-28?location=CA%20-%20Antelope&saleDate=1785265200000&liveAuction=false&from=&yardNum=151
2026-07-24 11:57:01 | INFO     | copart_automation.app.navigation:navigate_to_page:68 - Navigating to https://www.copart.com/saleListResult/151/2026-07-28?location=CA%20-%20Antelope&saleDate=1785265200000&liveAuction=false&from=&yardNum=151 (https://www.copart.com/saleListResult/151/2026-07-28?location=CA%20-%20Antelope&saleDate=1785265200000&liveAuction=false&from=&yardNum=151)
2026-07-24 11:57:06 | INFO     | copart_automation.app.navigation:navigate_to_page:78 - Successfully navigated to https://www.copart.com/saleListResult/151/2026-07-28?location=CA%20-%20Antelope&saleDate=1785265200000&liveAuction=false&from=&yardNum=151 (current URL: https://www.copart.com/saleListResult/151/2026-07-28?location=CA%20-%20Antelope&saleDate=1785265200000&liveAuction=false&from=&yardNum=151&qId=93bd3410-81c3-4071-b86b-85d2afcff631-1784894222975)
2026-07-24 11:57:06 | INFO     | copart_automation.app.parser:parse_lots_list:108 - Parsing lots list from https://www.copart.com/saleListResult/151/2026-07-28?location=CA%20-%20Antelope&saleDate=1785265200000&liveAuction=false&from=&yardNum=151&qId=93bd3410-81c3-4071-b86b-85d2afcff631-1784894222975
2026-07-24 11:57:06 | INFO     | copart_automation.app.parser:parse_lots_list:136 - Found 20 lot URLs on page
2026-07-24 11:57:06 | INFO     | __main__:run_automation_workflow:110 - Found 20 lots for auction CA - Antelope CA - Hayward CA - Rancho Cucamonga CA - Sacramento CA - San Diego CA - San Jose CA - Van Nuys NV - Las Vegas OR - Eugene WA - Spanaway
2026-07-24 11:57:06 | INFO     | copart_automation.app.navigation:navigate_to_page:68 - Navigating to https://www.copart.com/lot/98144015/clean-title-2014-jeep-grand-cherokee-overland-ca-antelope (https://www.copart.com/lot/98144015/clean-title-2014-jeep-grand-cherokee-overland-ca-antelope)
2026-07-24 11:57:06 | INFO     | copart_automation.app.navigation:navigate_to_page:68 - Navigating to https://www.copart.com/lot/95088255/clean-title-2017-mercedes-benz-c-300-ca-antelope (https://www.copart.com/lot/95088255/clean-title-2017-mercedes-benz-c-300-ca-antelope)
2026-07-24 11:57:06 | INFO     | copart_automation.app.navigation:navigate_to_page:68 - Navigating to https://www.copart.com/lot/94202525/clean-title-2016-mercedes-benz-gl-450-4matic-ca-antelope (https://www.copart.com/lot/94202525/clean-title-2016-mercedes-benz-gl-450-4matic-ca-antelope)
2026-07-24 11:57:06 | INFO     | copart_automation.app.navigation:navigate_to_page:68 - Navigating to https://www.copart.com/lot/79305615/clean-title-2019-land-rover-range-rover-sport-hse-dynamic-ca-antelope (https://www.copart.com/lot/79305615/clean-title-2019-land-rover-range-rover-sport-hse-dynamic-ca-antelope)
2026-07-24 11:57:06 | INFO     | copart_automation.app.navigation:navigate_to_page:68 - Navigating to https://www.copart.com/lot/77726115/clean-title-2014-bmw-x5-xdrive50i-ca-antelope (https://www.copart.com/lot/77726115/clean-title-2014-bmw-x5-xdrive50i-ca-antelope)
2026-07-24 11:57:09 | INFO     | copart_automation.app.navigation:navigate_to_page:78 - Successfully navigated to https://www.copart.com/lot/79305615/clean-title-2019-land-rover-range-rover-sport-hse-dynamic-ca-antelope (current URL: https://www.copart.com/lot/79305615/clean-title-2019-land-rover-range-rover-sport-hse-dynamic-ca-antelope)
2026-07-24 11:57:09 | INFO     | copart_automation.app.parser:parse_vehicle_details:93 - Parsing vehicle details from https://www.copart.com/lot/79305615/clean-title-2019-land-rover-range-rover-sport-hse-dynamic-ca-antelope
2026-07-24 11:57:10 | INFO     | copart_automation.app.navigation:navigate_to_page:78 - Successfully navigated to https://www.copart.com/lot/95088255/clean-title-2017-mercedes-benz-c-300-ca-antelope (current URL: https://www.copart.com/lot/95088255/clean-title-2017-mercedes-benz-c-300-ca-antelope)
2026-07-24 11:57:10 | INFO     | copart_automation.app.parser:parse_vehicle_details:93 - Parsing vehicle details from https://www.copart.com/lot/95088255/clean-title-2017-mercedes-benz-c-300-ca-antelope
2026-07-24 11:57:10 | INFO     | copart_automation.app.database:insert_vehicle:237 - Vehicle CPRTUS already exists (id=1); skipped insert.
2026-07-24 11:57:11 | INFO     | copart_automation.app.database:insert_vehicle:237 - Vehicle CPRTUS already exists (id=1); skipped insert.
2026-07-24 11:57:11 | INFO     | copart_automation.app.navigation:navigate_to_page:68 - Navigating to https://www.copart.com/lot/74328475/salvage-2011-toyota-prius-ca-antelope (https://www.copart.com/lot/74328475/salvage-2011-toyota-prius-ca-antelope)
2026-07-24 11:57:11 | INFO     | copart_automation.app.navigation:navigate_to_page:68 - Navigating to https://www.copart.com/lot/73532885/clean-title-2014-chevrolet-cruze-lt-ca-antelope (https://www.copart.com/lot/73532885/clean-title-2014-chevrolet-cruze-lt-ca-antelope)
2026-07-24 11:57:14 | INFO     | copart_automation.app.navigation:navigate_to_page:78 - Successfully navigated to https://www.copart.com/lot/74328475/salvage-2011-toyota-prius-ca-antelope (current URL: https://www.copart.com/lot/74328475/salvage-2011-toyota-prius-ca-antelope)
2026-07-24 11:57:14 | INFO     | copart_automation.app.parser:parse_vehicle_details:93 - Parsing vehicle details from https://www.copart.com/lot/74328475/salvage-2011-toyota-prius-ca-antelope
2026-07-24 11:57:14 | INFO     | copart_automation.app.navigation:navigate_to_page:78 - Successfully navigated to https://www.copart.com/lot/73532885/clean-title-2014-chevrolet-cruze-lt-ca-antelope (current URL: https://www.copart.com/lot/73532885/clean-title-2014-chevrolet-cruze-lt-ca-antelope)
2026-07-24 11:57:14 | INFO     | copart_automation.app.parser:parse_vehicle_details:93 - Parsing vehicle details from https://www.copart.com/lot/73532885/clean-title-2014-chevrolet-cruze-lt-ca-antelope
2026-07-24 11:57:15 | INFO     | copart_automation.app.database:insert_vehicle:237 - Vehicle CPRTUS already exists (id=1); skipped insert.
2026-07-24 11:57:16 | INFO     | copart_automation.app.database:insert_vehicle:237 - Vehicle CPRTUS already exists (id=1); skipped insert.
2026-07-24 11:57:16 | INFO     | copart_automation.app.navigation:navigate_to_page:68 - Navigating to https://www.copart.com/lot/72565995/clean-title-2013-volvo-xc60-3-2-ca-antelope (https://www.copart.com/lot/72565995/clean-title-2013-volvo-xc60-3-2-ca-antelope)
2026-07-24 11:57:16 | INFO     | copart_automation.app.navigation:navigate_to_page:68 - Navigating to https://www.copart.com/lot/70830875/clean-title-2008-lexus-is-250-ca-antelope (https://www.copart.com/lot/70830875/clean-title-2008-lexus-is-250-ca-antelope)
2026-07-24 11:57:18 | INFO     | copart_automation.app.navigation:navigate_to_page:78 - Successfully navigated to https://www.copart.com/lot/98144015/clean-title-2014-jeep-grand-cherokee-overland-ca-antelope (current URL: https://www.copart.com/lot/98144015/clean-title-2014-jeep-grand-cherokee-overland-ca-antelope)
2026-07-24 11:57:18 | INFO     | copart_automation.app.parser:parse_vehicle_details:93 - Parsing vehicle details from https://www.copart.com/lot/98144015/clean-title-2014-jeep-grand-cherokee-overland-ca-antelope
2026-07-24 11:57:18 | INFO     | copart_automation.app.navigation:navigate_to_page:78 - Successfully navigated to https://www.copart.com/lot/77726115/clean-title-2014-bmw-x5-xdrive50i-ca-antelope (current URL: https://www.copart.com/lot/77726115/clean-title-2014-bmw-x5-xdrive50i-ca-antelope)
2026-07-24 11:57:18 | INFO     | copart_automation.app.parser:parse_vehicle_details:93 - Parsing vehicle details from https://www.copart.com/lot/77726115/clean-title-2014-bmw-x5-xdrive50i-ca-antelope
2026-07-24 11:57:19 | WARNING  | __main__:process_lot:130 - Failed to parse lot https://www.copart.com/lot/98144015/clean-title-2014-jeep-grand-cherokee-overland-ca-antelope: Duplicate key conflict but existing record not found.
2026-07-24 11:57:19 | INFO     | copart_automation.app.navigation:navigate_to_page:68 - Navigating to https://www.copart.com/lot/62531616/salvage-2007-gmc-new-sierra-k3500-ca-antelope (https://www.copart.com/lot/62531616/salvage-2007-gmc-new-sierra-k3500-ca-antelope)
2026-07-24 11:57:19 | ERROR    | copart_automation.app.parser:parse_vehicle_details:100 - Failed to parse vehicle details: 1 validation error for Vehicle
year
  Input should be greater than or equal to 1900 [type=greater_than_equal, input_value=5, input_type=int]
    For further information visit https://errors.pydantic.dev/2.13/v/greater_than_equal
2026-07-24 11:57:19 | INFO     | copart_automation.app.navigation:navigate_to_page:78 - Successfully navigated to https://www.copart.com/lot/70830875/clean-title-2008-lexus-is-250-ca-antelope (current URL: https://www.copart.com/lot/70830875/clean-title-2008-lexus-is-250-ca-antelope)
2026-07-24 11:57:19 | INFO     | copart_automation.app.parser:parse_vehicle_details:93 - Parsing vehicle details from https://www.copart.com/lot/70830875/clean-title-2008-lexus-is-250-ca-antelope
2026-07-24 11:57:19 | INFO     | copart_automation.app.navigation:navigate_to_page:78 - Successfully navigated to https://www.copart.com/lot/94202525/clean-title-2016-mercedes-benz-gl-450-4matic-ca-antelope (current URL: https://www.copart.com/lot/94202525/clean-title-2016-mercedes-benz-gl-450-4matic-ca-antelope)
2026-07-24 11:57:19 | INFO     | copart_automation.app.parser:parse_vehicle_details:93 - Parsing vehicle details from https://www.copart.com/lot/94202525/clean-title-2016-mercedes-benz-gl-450-4matic-ca-antelope
2026-07-24 11:57:19 | WARNING  | __main__:process_lot:130 - Failed to parse lot https://www.copart.com/lot/77726115/clean-title-2014-bmw-x5-xdrive50i-ca-antelope: Could not parse vehicle details: 1 validation error for Vehicle
year
  Input should be greater than or equal to 1900 [type=greater_than_equal, input_value=5, input_type=int]
    For further information visit https://errors.pydantic.dev/2.13/v/greater_than_equal
2026-07-24 11:57:19 | INFO     | copart_automation.app.navigation:navigate_to_page:68 - Navigating to https://www.copart.com/lot/62526336/salvage-2016-fiat-500-abarth-ca-antelope (https://www.copart.com/lot/62526336/salvage-2016-fiat-500-abarth-ca-antelope)
2026-07-24 11:57:21 | INFO     | copart_automation.app.database:insert_vehicle:237 - Vehicle CPRTUS already exists (id=1); skipped insert.
2026-07-24 11:57:21 | WARNING  | __main__:process_lot:130 - Failed to parse lot https://www.copart.com/lot/94202525/clean-title-2016-mercedes-benz-gl-450-4matic-ca-antelope: Duplicate key conflict but existing record not found.
2026-07-24 11:57:21 | INFO     | copart_automation.app.navigation:navigate_to_page:68 - Navigating to https://www.copart.com/lot/62491886/salvage-2017-hyundai-tucson-se-ca-antelope (https://www.copart.com/lot/62491886/salvage-2017-hyundai-tucson-se-ca-antelope)
2026-07-24 11:57:21 | INFO     | copart_automation.app.navigation:navigate_to_page:68 - Navigating to https://www.copart.com/lot/62437446/salvage-2010-toyota-prius-iii-ca-antelope (https://www.copart.com/lot/62437446/salvage-2010-toyota-prius-iii-ca-antelope)
2026-07-24 11:57:22 | INFO     | copart_automation.app.navigation:navigate_to_page:78 - Successfully navigated to https://www.copart.com/lot/62531616/salvage-2007-gmc-new-sierra-k3500-ca-antelope (current URL: https://www.copart.com/lot/62531616/salvage-2007-gmc-new-sierra-k3500-ca-antelope)
2026-07-24 11:57:22 | INFO     | copart_automation.app.parser:parse_vehicle_details:93 - Parsing vehicle details from https://www.copart.com/lot/62531616/salvage-2007-gmc-new-sierra-k3500-ca-antelope
2026-07-24 11:57:23 | INFO     | copart_automation.app.database:insert_vehicle:237 - Vehicle CPRTUS already exists (id=1); skipped insert.
2026-07-24 11:57:23 | INFO     | copart_automation.app.navigation:navigate_to_page:68 - Navigating to https://www.copart.com/lot/62321286/clean-title-2013-nissan-leaf-s-ca-antelope (https://www.copart.com/lot/62321286/clean-title-2013-nissan-leaf-s-ca-antelope)
2026-07-24 11:57:24 | INFO     | copart_automation.app.session:close:125 - Closing session manager.
2026-07-24 11:57:24 | CRITICAL | __main__:run_automation_workflow:201 - Automation workflow failed: BrowserContext.storage_state: Target page, context or browser has been closed
Browser logs:

<launching> /home/codespace/.cache/ms-playwright/chromium-1228/chrome-linux64/chrome --disable-field-trial-config --disable-background-networking --disable-background-timer-throttling --disable-backgrounding-occluded-windows --disable-back-forward-cache --disable-breakpad --disable-client-side-phishing-detection --disable-component-extensions-with-background-pages --disable-component-update --no-default-browser-check --disable-default-apps --disable-dev-shm-usage --disable-edgeupdater --disable-extensions --disable-features=AvoidUnnecessaryBeforeUnloadCheckSync,BoundaryEventDispatchTracksNodeRemoval,DestroyProfileOnBrowserClose,DialMediaRouteProvider,GlobalMediaControls,HttpsUpgrades,LensOverlay,MediaRouter,PaintHolding,ThirdPartyStoragePartitioning,Translate,AutoDeElevate,RenderDocument,OptimizationHints,msForceBrowserSignIn,msEdgeUpdateLaunchServicesPreferredVersion --enable-features=CDPScreenshotNewSurface --allow-pre-commit-input --disable-hang-monitor --disable-ipc-flooding-protection --disable-popup-blocking --disable-prompt-on-repost --disable-renderer-backgrounding --force-color-profile=srgb --metrics-recording-only --no-first-run --password-store=basic --use-mock-keychain --no-service-autorun --export-tagged-pdf --disable-search-engine-choice-screen --unsafely-disable-devtools-self-xss-warnings --edge-skip-compat-layer-relaunch --disable-infobars --disable-search-engine-choice-screen --disable-sync --enable-unsafe-swiftshader --headless --hide-scrollbars --mute-audio --blink-settings=primaryHoverType=2,availableHoverTypes=2,primaryPointerType=4,availablePointerTypes=4 --no-sandbox --user-data-dir=/tmp/playwright_chromiumdev_profile-9YGgxI --remote-debugging-pipe --no-startup-window
<launched> pid=49649
[pid=49649][err] [49649:49663:0724/114543.471663:ERROR:dbus/bus.cc:405] Failed to connect to the bus: Failed to connect to socket /run/dbus/system_bus_socket: No such file or directory
[pid=49649][err] [49649:49663:0724/114543.475525:ERROR:dbus/bus.cc:405] Failed to connect to the bus: Could not parse server address: Unknown address type (examples of valid types are "tcp" and on UNIX "unix")
[pid=49649][err] [49649:49663:0724/114543.475642:ERROR:dbus/bus.cc:405] Failed to connect to the bus: Failed to connect to socket /run/dbus/system_bus_socket: No such file or directory
[pid=49649][err] [49649:49663:0724/114543.475690:ERROR:dbus/bus.cc:405] Failed to connect to the bus: Failed to connect to socket /run/dbus/system_bus_socket: No such file or directory
[pid=49649][err] [49649:49663:0724/114543.475702:ERROR:dbus/bus.cc:405] Failed to connect to the bus: Could not parse server address: Unknown address type (examples of valid types are "tcp" and on UNIX "unix")
[pid=49649][err] [49649:49663:0724/114543.511152:ERROR:dbus/bus.cc:405] Failed to connect to the bus: Could not parse server address: Unknown address type (examples of valid types are "tcp" and on UNIX "unix")
[pid=49649][err] [49649:49649:0724/114543.522347:ERROR:dbus/object_proxy.cc:572] Failed to call method: org.freedesktop.DBus.NameHasOwner: object_path= /org/freedesktop/DBus: unknown error type: 
[pid=49649][err] [49649:49663:0724/114543.522633:ERROR:dbus/bus.cc:405] Failed to connect to the bus: Could not parse server address: Unknown address type (examples of valid types are "tcp" and on UNIX "unix")
[pid=49649][err] [49649:49649:0724/114543.522815:ERROR:dbus/object_proxy.cc:572] Failed to call method: org.freedesktop.DBus.NameHasOwner: object_path= /org/freedesktop/DBus: unknown error type: 
[pid=49649][err] [49649:49663:0724/114543.523141:ERROR:dbus/bus.cc:405] Failed to connect to the bus: Could not parse server address: Unknown address type (examples of valid types are "tcp" and on UNIX "unix")
[pid=49649][err] [49649:49649:0724/114543.539246:ERROR:dbus/object_proxy.cc:572] Failed to call method: org.freedesktop.DBus.NameHasOwner: object_path= /org/freedesktop/DBus: unknown error type: 
[pid=49649][err] [49649:49663:0724/114543.540695:ERROR:dbus/bus.cc:405] Failed to connect to the bus: Failed to connect to socket /run/dbus/system_bus_socket: No such file or directory
[pid=49649][err] [49649:49663:0724/114543.540888:ERROR:dbus/bus.cc:405] Failed to connect to the bus: Failed to connect to socket /run/dbus/system_bus_socket: No such file or directory
[pid=49649][err] [49649:49649:0724/114543.541039:ERROR:dbus/object_proxy.cc:572] Failed to call method: org.freedesktop.DBus.NameHasOwner: object_path= /org/freedesktop/DBus: unknown error type: 
[pid=49649][err] [49649:49649:0724/114543.541167:ERROR:dbus/object_proxy.cc:572] Failed to call method: org.freedesktop.DBus.NameHasOwner: object_path= /org/freedesktop/DBus: unknown error type: 
[pid=49649][err] [49649:49663:0724/114543.541300:ERROR:dbus/bus.cc:405] Failed to connect to the bus: Could not parse server address: Unknown address type (examples of valid types are "tcp" and on UNIX "unix")
[pid=49649][err] [49649:49649:0724/114543.544815:ERROR:dbus/object_proxy.cc:572] Failed to call method: org.freedesktop.DBus.Properties.GetAll: object_path= /org/freedesktop/UPower/devices/DisplayDevice: unknown error type: 
[pid=49649][err] [49649:49649:0724/114543.544851:ERROR:dbus/object_proxy.cc:572] Failed to call method: org.freedesktop.DBus.NameHasOwner: object_path= /org/freedesktop/DBus: unknown error type: 
[pid=49649][err] [49649:49663:0724/114543.545639:ERROR:dbus/bus.cc:405] Failed to connect to the bus: Could not parse server address: Unknown address type (examples of valid types are "tcp" and on UNIX "unix")
[pid=49649][err] [49649:49649:0724/114543.550310:ERROR:dbus/object_proxy.cc:572] Failed to call method: org.freedesktop.DBus.NameHasOwner: object_path= /org/freedesktop/DBus: unknown error type: 
[pid=49649][err] [49649:49663:0724/114543.550427:ERROR:dbus/bus.cc:405] Failed to connect to the bus: Could not parse server address: Unknown address type (examples of valid types are "tcp" and on UNIX "unix")
[pid=49649][err] [49649:49649:0724/114543.552382:ERROR:dbus/object_proxy.cc:572] Failed to call method: org.freedesktop.DBus.NameHasOwner: object_path= /org/freedesktop/DBus: unknown error type: 
[pid=49649][err] [49678:49678:0724/114545.398345:ERROR:gpu/command_buffer/service/gl_utils.cc:430] [.WebGL-0xf3c038dea00]GL Driver Message (OpenGL, Performance, GL_CLOSE_PATH_NV, High): GPU stall due to ReadPixels
[pid=49649][err] [49678:49678:0724/114545.413205:ERROR:gpu/command_buffer/service/gl_utils.cc:430] [.WebGL-0xf3c038dea00]GL Driver Message (OpenGL, Performance, GL_CLOSE_PATH_NV, High): GPU stall due to ReadPixels
[pid=49649][err] [49649:49666:0724/114558.083107:ERROR:google_apis/gcm/engine/registration_request.cc:291] Registration response error message: DEPRECATED_ENDPOINT
[pid=49649][err] [49649:49666:0724/114623.634153:ERROR:google_apis/gcm/engine/registration_request.cc:291] Registration response error message: DEPRECATED_ENDPOINT
[pid=49649][err] [49649:49666:0724/114719.735109:ERROR:google_apis/gcm/engine/registration_request.cc:291] Registration response error message: DEPRECATED_ENDPOINT
[pid=49649][err] [49649:49666:0724/114843.479800:ERROR:google_apis/gcm/engine/registration_request.cc:291] Registration response error message: DEPRECATED_ENDPOINT
[pid=49649][err] [49649:49666:0724/115138.922125:ERROR:google_apis/gcm/engine/registration_request.cc:291] Registration response error message: DEPRECATED_ENDPOINT
[pid=49649][err] [49649:49666:0724/115712.476471:ERROR:google_apis/gcm/engine/registration_request.cc:291] Registration response error message: QUOTA_EXCEEDED
[pid=49649] <gracefully close start>
